new_candidate_id,cluster_id,representative_candidate_id,n_members,RA_deg,Dec_deg,v_center_kms,channel_center,nch,Maj_pc,Min_pc,q_b_over_a,PA_astro_deg,joint_2dcg_score,cg2d_detection_score,cg2d_beam_fraction_deficit,cg2d_growth_score,cg2d_growth_locality_score,seed_lite_2dcg_score,representative_score,link_radius_arcsec,beam_geom_arcsec,member_candidate_ids,RA_mean_deg,Dec_mean_deg,v_mean_kms,v_std_kms,max_sep_to_rep_arcsec,median_sep_to_rep_arcsec,Maj_median_pc,Min_median_pc,q_median_b_over_a,PA_circular_mean_deg,joint_2dcg_score_max,cg2d_detection_score_max,cg2d_beam_fraction_deficit_max,bb86_relation_class,strict_status,loose_status,strict_matched_Seq,loose_matched_Seq,nearest_Seq,matched_Seq,strict_sep_arcsec,loose_sep_arcsec,strict_dv_kms,loose_dv_kms,crossmatch_status,reference_source,v5_keep,v5_reject_reason,v5_channel_start,v5_channel_stop_exclusive,v5_nch_slab,v5_vel_lo_kms,v5_vel_hi_kms,v5_inner_valid_fraction,v5_outer_valid_fraction,v5_bg_valid_fraction,v5_bg_signal_sn,v5_bg_success,v5_bg_n_fit,v5_2dcg_score,v5_2dcg_peak_sn,v5_2dcg_beam_fraction,v5_2dcg_r50_scale,v5_2dcg_r80_scale,v5_2dcg_break_scale,v5_core_median_deficit_sn,v5_nch_2dcg_contiguous,v5_support_channel_start,v5_support_channel_stop_exclusive,v5_support_channel_scores,v9_foreground_confusion_zone,v9_x_pix,v9_y_pix,v9_n_fit_pixels,v9_inner_valid_fraction,v9_outer_valid_fraction,v9_min_mask_distance_beams,v9_bic_bg_only,v9_bic_bg_plus_cavity,v9_delta_bic_cavity,v9_cavity_amp,v9_cavity_amp_err,v9_cavity_amp_sn,v9_chi2_bg_only,v9_chi2_bg_plus_cavity,v9_core_median_deficit_sn,v9_core_positive_fraction,v9_deficit_peak_r_ell,v9_deficit_peak_sn,v9_gradient_to_core_ratio,v9_growth_fraction_inside_ellipse,v9_tail_growth_after_ellipse,v9_pv_major_deficit_sn,v9_pv_minor_deficit_sn,v9_pv_best_deficit_sn,v9_final_score,v9_score,v9_keep,v9_reject_reason,v9_channel_start,v9_channel_stop_exclusive,v9_vel_lo_kms,v9_vel_hi_kms,v9_rank,axis_ratio,geom_mean_size_pc,area_ellipse_pc2,PA_mod_180_deg,quality_class,visual_decision
18,33,72,4.0,11.093016540375544,41.39180825260956,-227.2277159859105,68.5,2.0,300.0,285.0,0.95,85.0,0.0413458082013282,0.5836799265923622,0.4818009887922396,0.3797848029010962,0.3871252141106749,22.539124204394763,8.75877192982456,24.0,24.11049458723757,"72,88,116,229",11.093022863964062,41.39281518825579,-225.165815087384,2.0619008985264884,7.500017711080532,3.50000825591338,300.0,285.0,0.95,63.70809565840591,0.0413458082013282,0.5836799265923622,0.4818009887922396,new_non_BB86,not_matched,not_matched,,,71,,66.56045016648355,66.56045016648355,19.8722840140895,19.8722840140895,new_candidate,table_fits,True,ok,68,70,2,-229.28961688443692,-225.16581508738403,1.0,1.0,1.0,94.86224635254204,True,296,0.994818164686516,375.0759554407947,4.333266015203499,0.6354929577464788,0.9874647887323944,0.8632394366197182,16.566241712179618,7,65,72,"0.884,0.806,0.817,0.994,0.823,0.773,0.750",False,1117.0000000000018,2087.0,1337,1.0,1.0,7.1853010216722,161499.68827938818,50218.25877080128,111281.42950858692,23.381881910602186,0.0700896787162024,333.5995019363252,161478.09372865688,50189.46603649287,27.283500851520813,1.0,0.0821326519832821,37.80991222855782,0.1559381084133371,0.8900170322842016,0.1099829677157983,11.852774230166553,-0.8983834116170787,11.852774230166553,0.9454408735891768,0.9454408735891768,True,ok,68,70,-229.28961688443695,-225.16581508738403,1,0.95,292.4038303442689,67151.54297048182,85.0,A,keep
6,10,26,3.0,11.125138666790564,41.35085662100794,-227.2277159859105,68.5,2.0,220.0,198.0,0.9,-45.0,0.1016495828510845,0.6453499114108159,0.613479178623932,0.5067050810514226,0.5067050810514226,15.867140059715425,9.06516290726817,24.0,24.11049458723757,"26,44,372",11.126437885668514,41.35145352503617,-231.3515177829635,3.367070067717391,7.615905187663544,4.949812129084623,264.0,211.2,0.8,-63.45875558298252,0.1016495828510845,0.6453499114108159,0.613479178623932,new_non_BB86,not_matched,not_matched,,,71,,178.2421520541088,178.2421520541088,19.8722840140895,19.8722840140895,new_candidate,table_fits,True,ok,68,70,2,-229.28961688443692,-225.16581508738403,1.0,1.0,1.0,96.37588675106042,True,158,0.9004151228971244,273.1876581065415,3.1058172726995035,0.7183098591549295,1.1530985915492955,0.5733802816901408,19.27963389244122,7,65,72,"0.782,0.784,0.822,0.900,0.912,0.958,0.858",False,1091.99999999999,2045.000000000001,679,1.0,1.0,5.779317556410294,103743.15811140236,42135.36826834414,61607.78984305824,24.755571421343703,0.0997314559237605,248.22230049732795,103723.59624801968,42109.285783833904,27.7172907479185,1.0,1.140861262358599e-12,36.44511013642423,0.217929551243867,0.8195986507449754,0.1804013492550246,8.504087806783431,10.888736607900436,10.888736607900436,0.93487131335549,0.93487131335549,True,ok,68,70,-229.28961688443695,-225.16581508738403,2,0.9,208.71032557111303,34211.94399759285,135.0,A,keep
129,130,265,2.0,10.755668923932278,41.02403299346727,-359.1893734916065,100.5,2.0,300.0,270.0,0.9,15.0,0.0130730918936205,0.4833611188410813,0.3548477705454163,0.2615706728077189,0.2913905547774377,15.630402711335286,6.9154135338345855,24.0,24.11049458723757,"265,343",10.75631318643446,41.02396314816065,-359.1893734916065,0.0,3.535538083148336,1.767769041574168,309.5,278.55,0.9,-2.5,0.0130730918936205,0.4833611188410813,0.3548477705454163,new_non_BB86,not_matched,not_matched,,,45,,96.67409038237672,96.67409038237672,4.889373491606477,4.889373491606477,new_candidate,table_fits,True,ok,100,102,2,-361.251274390133,-357.12747259308003,1.0,1.0,1.0,38.40600860608701,True,284,0.9058716450524288,261.3253218853803,6.602186418013915,0.7597183098591549,1.1738028169014083,0.9253521126760562,14.18267683926201,7,97,104,"0.817,0.817,0.860,0.894,0.906,0.773,0.717",False,1377.0000000000011,1708.000000000021,1263,1.0,1.0,7.288671010584817,101056.23702905916,52319.44330417328,48736.79372488587,14.971185460984383,0.0678103361882883,220.78028664264448,101034.8132936921,52290.87832368387,18.1700618068075,1.0,0.1197030773497501,22.522710592830844,0.2301595255900878,0.8063573042275203,0.1936426957724797,3.247309450105629,5.533494343940251,5.533494343940251,0.9137233095218588,0.9137233095218588,True,ok,100,102,-361.251274390133,-357.12747259308003,3,0.9,284.60498941515414,63617.25123519331,15.0,B,keep_for_visual_validation
138,139,282,2.0,10.238621381679517,41.25555525091632,-342.6941663033945,96.5,2.0,319.0,287.1,0.9,-40.0,0.0123528518565166,0.4843316625944191,0.3516617880544062,0.2544052556058624,0.2850841766115133,10.069360353275048,6.68859649122807,24.0,24.11049458723757,"282,358",10.238621381679517,41.25555525091632,-342.6941663033945,0.0,0.0,0.0,339.5,314.55,0.925,-15.0,0.0123528518565166,0.4843316625944191,0.3516617880544062,new_non_BB86,not_matched,not_matched,,,42,,374.4391003829887,374.4391003829887,61.00583369660546,61.00583369660546,new_candidate,table_fits,True,ok,96,98,2,-344.75606720192104,-340.632265404868,1.0,1.0,1.0,51.787130854887394,True,271,0.9392964130896296,303.79351602035337,6.564991001574399,0.7183098591549295,1.1116901408450703,0.9253521126760562,15.174338806082066,7,93,100,"0.734,0.768,0.929,0.962,0.927,0.828,0.719",False,1777.0000000000018,1947.0000000000127,1429,1.0,1.0,3.732180631952142,89643.20584516226,31863.82182163918,57779.38402352308,13.905159877924152,0.0578445214049029,240.3885370680161,89621.41165462846,31834.76290092746,18.41679366958005,1.0,9.7454245461675e-13,23.859394844654243,0.4798388454647254,0.8930268478046798,0.1069731521953201,5.08623510615919,4.816390912382108,5.08623510615919,0.9118822068326246,0.9118822068326246,True,ok,96,98,-344.75606720192104,-340.632265404868,4,0.9,302.6299720781139,71930.61225493897,140.0,B,keep_for_visual_validation
212,210,476,6.0,10.827809417271736,41.686054645874286,-202.4849052035925,62.5,2.0,319.0,287.1,0.9,-75.0,0.0053802629773834,0.4113985662111581,0.3168871131121166,0.1879169200328641,0.2196191802493364,10.997801084251629,5.032581453634085,24.0,24.11049458723757,"476,641,652,836,892,916",10.832342302071432,41.68924347949159,-198.36110340653948,2.8338117313935656,28.20067551930948,17.83722355838371,401.4,321.12,0.8,-82.14507012387172,0.0053802629773834,0.4113985662111581,0.3168871131121166,new_non_BB86,not_matched,not_matched,,,82,,83.9500163506158,83.9500163506158,24.01509479640751,24.01509479640751,new_candidate,table_fits,True,ok,62,64,2,-204.546806102119,-200.423004305066,1.0,1.0,1.0,84.91512875405624,True,332,0.7827806501835611,310.02681597648825,5.988462046761917,0.7804225352112675,1.4015492957746478,0.8011267605633803,15.487713574460832,7,59,66,"0.717,0.706,0.773,0.850,0.717,0.683,0.683",False,1322.14285714286,2388.999999999998,1437,1.0,1.0,7.1853010216722,213814.6315868707,154993.2320665537,58821.399520317005,13.90730498017194,0.0573387821188673,242.54622205510236,213792.82064821245,154964.15081500937,19.341299836650613,1.0,0.0845489802633055,24.55411150986296,0.2750962929613015,0.7422821027333008,0.2577178972666993,2.5724134781278813,5.193615690409767,5.193615690409767,0.9001374263735133,0.9001374263735133,True,ok,62,64,-204.546806102119,-200.423004305066,5,0.9,302.6299720781139,71930.61225493897,105.0,B,keep_for_visual_validation
23,19,42,1.0,10.355282770420954,41.2024742113697,-412.7987968532954,113.5,2.0,220.0,198.0,0.9,45.0,0.0673368824374537,0.5635177962396264,0.6195229662248694,0.439181441160406,0.439181441160406,8.954742385572194,8.708020050125311,24.0,24.11049458723757,42,10.355282770420954,41.2024742113697,-412.7987968532954,0.0,0.0,0.0,220.0,198.0,0.9,45.0,0.0673368824374537,0.5635177962396264,0.6195229662248694,new_non_BB86,not_matched,not_matched,,,42,,67.42033632003971,67.42033632003971,9.098796853295426,9.098796853295426,new_candidate,table_fits,True,ok,113,115,2,-414.860697751822,-410.736895954769,1.0,1.0,1.0,72.97479894934457,True,158,0.7393363117933966,164.1366256008864,2.3991043603487183,0.7183098591549295,1.4222535211267604,0.5733802816901408,10.14904990976445,7,110,117,"0.643,0.657,0.717,0.753,0.678,0.694,0.694",False,1687.0000000000043,1891.999999999994,679,1.0,1.0,2.8923921782596613,64011.639429499766,46920.48126092585,17091.158168573915,11.756454646689464,0.0899099582268471,130.75809263560507,63992.07756611709,46894.39877641562,15.50393543614662,1.0,0.1125072965153521,21.94710608382515,0.2599621786586986,0.7398860745503556,0.2601139254496444,6.593673084478627,2.0320773434422903,6.593673084478627,0.8978705644836191,0.8978705644836191,True,ok,113,115,-414.860697751822,-410.736895954769,6,0.9,208.71032557111303,34211.94399759285,45.0,B,keep_for_visual_validation
96,110,219,2.0,11.241804718269677,41.51369125786225,-165.3706890301155,53.5,2.0,300.0,285.0,0.95,-85.0,0.0160214837905842,0.4923759860288662,0.3836340595408298,0.2786382139246257,0.3044023747002861,21.33005623470726,7.4223057644110275,24.0,24.11049458723757,"219,292",11.242449718429356,41.513202031593146,-165.3706890301155,0.0,4.94975863156261,2.474879315781305,309.5,286.05,0.925,70.0,0.0160214837905842,0.4923759860288662,0.3836340595408298,new_non_BB86,not_matched,not_matched,,,91,,52.77521590262121,52.77521590262121,7.529310969884506,7.529310969884506,new_candidate,table_fits,True,ok,53,55,2,-167.43258992864202,-163.308788131589,1.0,1.0,1.0,65.85836497059069,True,296,0.8710547130774777,353.411177677057,5.337542259070404,0.7390140845070423,1.2359154929577465,0.8632394366197182,18.61417310058508,7,50,57,"0.717,0.717,0.739,0.860,0.895,0.806,0.692",False,1003.0000000000002,2212.999999999996,1337,1.0,1.0,6.56941807695744,208340.91426953365,111092.22494950358,97248.68932003008,24.166540987402133,0.077491941621393,311.8587621081172,208319.31971880235,111063.43221519518,25.407371114379792,1.0,0.1758052019029601,32.412764191718374,0.276682944315309,0.7846291288822463,0.2153708711177537,8.01255909703914,15.452915474615192,15.452915474615192,0.8950962974638432,0.8950962974638432,True,ok,53,55,-167.43258992864202,-163.308788131589,7,0.95,292.4038303442689,67151.54297048182,95.0,B,keep_for_visual_validation
147,150,307,5.0,10.755910197129175,41.07694991591135,-334.4465627092885,94.5,2.0,319.0,287.1,0.9,-65.0,0.0110692375139768,0.4740762037594299,0.3240764553270317,0.2506012067662738,0.2875007035482179,10.235322585407689,6.451754385964913,24.0,24.11049458723757,"307,328,496,530,1205",10.7536245685963,41.07597905578118,-334.4465627092885,3.085970691107004,19.00658258519243,5.700889525169664,360.0,342.0,0.95,-76.98001456340235,0.0110692375139768,0.4740762037594299,0.3240764553270317,new_non_BB86,not_matched,not_matched,,,45,,94.17730381641223,94.17730381641223,19.853437290711497,19.853437290711497,new_candidate,table_fits,True,ok,95,97,2,-340.632265404868,-336.508463607815,1.0,1.0,1.0,45.23500241386376,True,327,0.8838776098048583,300.3577537608073,7.420485579683245,0.7804225352112675,1.2152112676056337,1.008169014084507,16.201303633164365,7,92,99,"0.862,0.851,0.895,0.862,0.895,0.873,0.895",False,1376.8571428571463,1762.428571428591,1430,1.0,1.0,7.1853010216722,159502.37284479348,94558.54101325686,64943.83183153662,15.548730066924106,0.0610100917249303,254.85505147291056,159480.57655562373,94529.47929436385,20.678921833158583,1.0,0.125566903209077,24.22852455558121,0.3492014590176134,0.7899873123718096,0.2100126876281903,9.894561289906887,8.01675800187228,9.894561289906887,0.8929714615827952,0.8929714615827952,True,ok,95,97,-340.632265404868,-336.508463607815,8,0.9,302.6299720781139,71930.61225493897,115.0,B,keep_for_visual_validation
87,99,198,3.0,10.72088636169209,41.04543822097156,-367.4369770857125,102.5,2.0,300.0,285.0,0.95,75.0,0.0181046607242832,0.5013976613427462,0.3864518458093808,0.2925116809084081,0.3194254293864659,15.868405772921728,7.536967418546366,24.0,24.11049458723757,"198,224,259",10.721070692424496,41.045762236574056,-367.4369770857125,1.943978809976954,4.031155206914507,3.500000409331725,319.0,287.1,0.9,54.55330267543454,0.0181046607242832,0.5013976613427462,0.3864518458093808,new_non_BB86,not_matched,not_matched,,,43,,53.21259468117518,53.21259468117518,19.863022914287512,19.863022914287512,new_candidate,table_fits,True,ok,102,104,2,-369.498877984239,-365.375076187186,1.0,1.0,1.0,40.414531739398825,True,281,0.8832051492810444,242.9945033875526,6.081450587860704,0.7390140845070423,1.2152112676056337,0.6769014084507041,12.744286781224924,7,99,106,"0.706,0.728,0.883,0.850,0.861,0.706,0.683",False,1404.0000000000014,1730.0000000000152,1335,1.0,1.0,7.1853010216722,145008.20074123712,90917.16890203633,54091.031839200805,15.161950783251251,0.0651873851307199,232.5902588797981,144986.61068152462,90888.38215575296,18.87862760285884,1.0,0.0783368562917052,23.072521655395917,0.2315756134136909,0.7573824657126857,0.2426175342873143,-0.4781235627775951,2.684505680486412,2.684505680486412,0.8915108331058258,0.8915108331058258,True,ok,102,104,-369.498877984239,-365.375076187186,9,0.95,292.4038303442689,67151.54297048182,75.0,C,inspect
312,316,904,2.0,10.705598683896874,41.61613914863975,-231.3515177829635,69.5,2.0,420.0,420.0,1.0,-90.0,0.001162950910652,0.3450568486223765,0.1997265479696696,0.1131352696324325,0.1491546919290649,33.12284907079482,2.317042606516291,24.0,24.11049458723757,"904,1102",10.70596972733193,41.61461127539674,-233.41341868149,2.0619008985265026,11.180533458147336,5.590266729073669,462.0,462.0,1.0,-90.0,0.001162950910652,0.3450568486223765,0.1997265479696696,new_non_BB86,not_matched,not_matched,,,72,,75.62144738898772,75.62144738898772,13.15151778296351,13.15151778296351,new_candidate,table_fits,True,ok,69,71,2,-233.41341868149,-229.28961688443692,1.0,1.0,1.0,69.90434766593182,True,640,0.850669747737976,535.6093400431121,12.21869430038068,0.7597183098591549,1.2773239436619717,0.9874647887323944,20.00903039148296,7,66,73,"0.683,0.683,0.728,0.784,0.906,0.929,0.840",False,1416.0000000000002,2316.999999999994,2749,1.0,1.0,6.467585528177292,573650.367058851,362249.18135463336,211401.1857042177,20.31622714871088,0.0441856467686399,459.7924582860247,573626.6100813865,362217.5053846807,26.04490683732513,1.0,0.2787676047805081,34.47417778168054,0.1643671060532309,0.7561048980455592,0.2438951019544407,7.705519934726453,11.39736767914829,11.39736767914829,0.8909835956332706,0.8909835956332706,True,ok,69,71,-233.41341868149,-229.28961688443695,10,1.0,420.0,138544.23602330987,90.0,B,keep_for_visual_validation
29,29,64,4.0,10.041545363122705,40.493331778274815,-536.5128507648855,143.5,2.0,264.0,264.0,1.0,-45.0,0.0446936524376193,0.5793487131669491,0.4967905359311655,0.3932596664763187,0.3948690368175893,11.225199545822564,8.604636591478696,24.0,24.11049458723757,"64,182,222,631",10.042910471048968,40.49382561888646,-538.5747516634119,2.061900898526517,8.277219051986748,5.500295584911158,309.5,286.05,0.925,-87.5,0.0446936524376193,0.5793487131669491,0.4967905359311655,new_non_BB86,not_matched,not_matched,,,1,,187.2998606487092,187.2998606487092,29.712850764885445,29.712850764885445,new_candidate,table_fits,True,ok,143,145,2,-538.5747516634119,-534.450949866359,1.0,1.0,1.0,46.8225749938089,True,248,0.93554723558583,242.6795130214097,4.519243097401074,0.6976056338028169,1.1116901408450703,0.883943661971831,13.041605716618648,7,140,147,"0.725,0.683,0.683,0.811,0.958,0.995,0.917",False,1935.1428571428623,1163.999999999974,1091,1.0,1.0,7.493945523772087,77149.89646387537,31175.97743467819,45973.919029197175,21.682445668255184,0.101115903663144,214.4316065303411,77128.91191391787,31147.998034734857,19.01167606322809,1.0,0.0895993016910901,25.23349813428304,0.5044219960988019,0.8474563181936052,0.1525436818063947,7.223231285164665,3.740062342672038,7.223231285164665,0.8870822303320858,0.8870822303320858,True,ok,143,145,-538.5747516634119,-534.450949866359,11,1.0,264.0,54739.11039614856,135.0,B,keep_for_visual_validation
2,8,27,9.0,10.119621597251442,40.65612128656917,-569.5032651413095,151.5,2.0,220.0,198.0,0.9,-45.0,0.101091713538933,0.6463622657265224,0.6145700759462865,0.5044685271696023,0.5044685271696023,21.18805679786924,9.13972431077694,24.0,24.11049458723757,"24,27,43,99,102,136,202,210,215",10.12126941328798,40.65611395669938,-569.5032651413095,6.147400762630883,14.764839515573524,7.826750770037217,264.0,210.0,0.9,-54.72199193452631,0.1084513593597038,0.6537613006391433,0.6304920884922567,new_non_BB86,not_matched,not_matched,,,6,,192.1975935534262,192.1975935534262,3.2967348586904563,3.2967348586904563,new_candidate,table_fits,True,ok,151,153,2,-571.565166039836,-567.441364242783,1.0,1.0,1.0,103.89823346958384,True,158,0.9032207902798818,356.08893461042334,3.2917943548970787,0.7183098591549295,1.1530985915492955,0.5733802816901408,25.323573084814285,7,148,155,"0.627,0.822,0.886,0.903,0.914,0.867,0.744",False,1873.000000000009,1330.999999999969,679,1.0,1.0,7.699221092906247,179432.61692347864,74711.6725842276,104720.94433925104,37.50597229578817,0.1158964498814348,323.6162309903175,179413.05506009597,74685.59009971737,36.603910032110726,1.0,0.112507296516152,44.94184514645396,0.465490646168564,0.8186463317964331,0.1813536682035668,9.16639981134718,14.770988834892492,14.770988834892492,0.8838567345962123,0.8838567345962123,True,ok,151,153,-571.565166039836,-567.441364242783,12,0.9,208.71032557111303,34211.94399759285,135.0,A,keep
182,163,333,1.0,10.075360061012226,40.5708866081912,-557.1318597501505,148.5,2.0,319.0,287.1,0.9,45.0,0.0098967573478429,0.3923347899191586,0.3371188380374625,0.2563471132127849,0.2918936513538973,12.8514521475886,5.80639097744361,24.0,24.11049458723757,333,10.075360061012226,40.5708866081912,-557.1318597501505,0.0,0.0,0.0,319.0,287.1,0.9,45.0,0.0098967573478429,0.3923347899191586,0.3371188380374625,new_non_BB86,not_matched,not_matched,,,2,,126.86479750894355,126.86479750894355,5.031859750150488,5.031859750150488,new_candidate,table_fits,True,ok,148,150,2,-559.193760648677,-555.069958851624,1.0,1.0,1.0,57.34836267158151,True,326,0.8154817705632327,310.2579509538479,5.430530800169191,0.7597183098591549,1.33943661971831,0.9667605633802816,15.504446180574757,7,145,152,"0.817,0.806,0.784,0.804,0.804,0.806,0.806",False,1908.142857142848,1243.5714285714348,1429,1.0,1.0,7.288671010584817,182198.89342882996,117936.85352943678,64262.03989939316,20.958939870554087,0.0826737260044929,253.51391407489083,182177.09923829616,117907.79460872506,20.45707621282608,1.0,0.2035820736178455,25.51786336107771,0.3132775404129176,0.7534868183321943,0.2465131816678056,7.620357287836079,1.620791466930852,7.620357287836079,0.8800766921552906,0.8800766921552906,True,ok,148,150,-559.193760648677,-555.069958851624,13,0.9,302.6299720781139,71930.61225493897,45.0,B,keep_for_visual_validation
210,213,492,2.0,11.212871198657384,41.491325973488486,-177.74209442127452,56.5,2.0,360.0,360.0,1.0,-90.0,0.0051472643417648,0.4200660754005304,0.2784616399839976,0.1902820609959541,0.2312574006279427,22.600117220016035,5.154135338345865,24.0,24.11049458723757,"492,874",11.214270381954416,41.49236127912091,-177.74209442127452,0.0,10.606913342845004,5.303456671422501,390.0,379.5,0.975,67.5,0.0051472643417648,0.4200660754005304,0.2784616399839976,new_non_BB86,not_matched,not_matched,,,87,,50.27139965156778,50.27139965156778,28.15790557872549,28.15790557872549,new_candidate,table_fits,True,ok,56,58,2,-179.803995319801,-175.68019352274803,1.0,1.0,1.0,66.10063296790679,True,466,0.8617324238950854,447.7098403588646,8.424761823550151,0.7597183098591549,1.256619718309859,0.946056338028169,17.933368089001785,7,53,60,"0.683,0.728,0.784,0.839,0.828,0.761,0.784",False,1025.1428571428592,2189.85714285714,2024,1.0,1.0,6.878125530221501,352307.34384984657,204583.9999963613,147723.34385348525,23.56674464865736,0.0613145917596973,384.35784977611127,352284.50535675534,204553.5486722397,24.94693200102812,1.0,0.0565225713671106,33.27855345294498,0.5063174581595626,0.7741469391412448,0.2258530608587552,5.422138961742509,3.176707127367527,5.422138961742509,0.8775206004858832,0.8775206004858832,True,ok,56,58,-179.803995319801,-175.68019352274803,14,1.0,360.0,101787.6019763093,90.0,B,keep_for_visual_validation
25,23,52,1.0,9.807067193201023,40.33618974495808,-561.2556615472035,149.5,2.0,264.0,264.0,1.0,-45.0,0.0557851664294553,0.6063301356247763,0.5208615815200717,0.4202847451506814,0.4202847451506814,8.423746643687766,8.667919799498748,24.0,24.11049458723757,52,9.807067193201023,40.33618974495808,-561.2556615472035,0.0,0.0,0.0,264.0,264.0,1.0,-45.0,0.0557851664294553,0.6063301356247763,0.5208615815200717,new_non_BB86,not_matched,not_matched,,,1,,982.603783321309,982.603783321309,54.45566154720353,54.45566154720353,new_candidate,table_fits,True,ok,150,152,2,-567.441364242783,-563.31756244573,1.0,1.0,1.0,49.15246408338283,True,248,0.8824043474925102,112.42346821334488,5.44912850838895,0.7597183098591549,1.2152112676056337,0.6769014084507041,6.637239283387968,7,147,154,"0.694,0.717,0.932,0.914,0.827,0.646,0.597",False,2120.142857142866,1003.9999999999908,1091,1.0,1.0,7.493945523772087,23652.5447051927,13766.73424152048,9885.81046367222,10.876468441065525,0.1093523631684871,99.46258248033791,23631.5601552352,13738.754841577149,8.803757669055074,1.0,0.1778495357328468,11.185061021460989,0.3496953756152171,0.7788086688958875,0.2211913311041124,2.962606212232006,4.252409348176371,4.252409348176371,0.8774106640094388,0.8774106640094388,True,ok,150,152,-567.441364242783,-563.31756244573,15,1.0,264.0,54739.11039614856,135.0,C,inspect
36,35,76,4.0,9.989413583547758,40.35967428529307,-532.3890489678325,142.5,2.0,264.0,264.0,1.0,-45.0,0.0398121931522304,0.5593083963372769,0.4725736160623722,0.384000709408855,0.3922502829617608,11.049042679611969,8.466791979949875,24.0,24.11049458723757,"76,417,432,501",9.99005047676588,40.35978234312599,-530.3271480693061,2.061900898526517,8.063272741178308,4.073114174641017,360.0,258.0,0.75,10.998464236541338,0.0398121931522304,0.5593083963372769,0.4725736160623722,new_non_BB86,not_matched,not_matched,,,1,,553.2071323088902,553.2071323088902,25.589048967832525,25.589048967832525,new_candidate,table_fits,True,ok,142,144,2,-534.450949866359,-530.3271480693061,1.0,1.0,1.0,55.53477022332857,True,210,0.8702988321664834,184.15490595924405,5.002783511114769,0.7390140845070423,1.2359154929577465,0.6769014084507041,11.066443922855017,7,139,146,"0.806,0.849,0.883,0.893,0.815,0.717,0.717",False,1976.9999999999984,1026.8571428571431,1091,1.0,1.0,7.493945523772087,189178.96553792307,142129.40920498993,47049.556332933134,23.84488288348127,0.1099221328686015,216.92522025555047,189157.9809879656,142101.4298050466,19.39420880381214,1.0,0.1168231966148761,22.85617159869564,0.3463127372830992,0.6920078165084197,0.3079921834915803,15.079375113090425,8.380998739531075,15.079375113090425,0.8759509256417777,0.8759509256417777,True,ok,142,144,-534.450949866359,-530.3271480693061,16,1.0,264.0,54739.11039614856,135.0,B,keep_for_visual_validation
148,152,310,2.0,10.362409053820732,40.6522008870357,-499.3986345914085,134.5,2.0,319.0,303.05,0.95,50.0,0.0109615035441621,0.4734514364332438,0.3478058695487481,0.2432533929837315,0.2736521575329333,7.325086041977015,6.430451127819549,24.0,24.11049458723757,"310,578",10.361679143786446,40.65171268439477,-499.3986345914085,0.0,5.315355404839032,2.657677702419516,339.5,322.525,0.95,70.0,0.0109615035441621,0.4734514364332438,0.3478058695487481,new_non_BB86,not_matched,not_matched,,,21,,71.4662304524927,71.4662304524927,66.79863459140847,66.79863459140847,new_candidate,table_fits,True,ok,135,137,2,-505.5843372869881,-501.46053548993495,1.0,1.0,1.0,20.60485520715037,True,348,0.91680489281671,173.73041912437895,6.26742767005828,0.7183098591549295,1.1530985915492955,1.008169014084507,8.277156070160842,7,132,139,"0.817,0.884,0.850,0.939,0.816,0.884,0.899",False,1683.571428571427,1325.9999999999964,1510,1.0,1.0,4.825508267745994,49302.816806330295,27045.96289090605,22256.853915424243,12.448319845749603,0.0834271575395074,149.21184195751394,49280.85721154087,27016.68343118681,11.532124080867908,1.0,0.2511740886370962,14.6912425918337,0.3844234926560543,0.8168509122757767,0.1831490877242234,4.131244396373991,5.78056529733582,5.78056529733582,0.8753830362397144,0.8753830362397144,True,ok,135,137,-505.5843372869881,-501.46053548993495,17,0.9500000000000001,310.92273959940593,75926.75738021336,50.0,B,keep_for_visual_validation
368,373,1201,1.0,9.98197527930268,40.47853448270287,-544.7604543589915,145.5,2.0,504.0,504.0,1.0,-90.0,0.0001538970328925,0.2484908663023591,0.1288798322811744,0.0567957567247559,0.0846094679570668,23.439120624719934,0.5407268170426065,26.66666666666667,24.11049458723757,1201,9.98197527930268,40.47853448270287,-544.7604543589915,0.0,0.0,0.0,504.0,504.0,1.0,-90.0,0.0001538970328925,0.2484908663023591,0.1288798322811744,new_non_BB86,not_matched,not_matched,,,2,,294.7044381874053,294.7044381874053,7.339545641008499,7.339545641008499,new_candidate,table_fits,True,ok,145,147,2,-546.822355257518,-542.6985534604651,1.0,1.0,1.0,44.20548546321804,True,906,0.7503358323419209,462.407698673793,16.440374066265637,0.8218309859154929,1.4636619718309858,0.9253521126760562,14.357284634364762,7,142,149,"0.706,0.706,0.728,0.750,0.750,0.739,0.784",False,1981.8571428571488,1149.1428571428455,3960,1.0,1.0,6.980006706767279,550241.9828995448,415603.0115526659,134638.97134687885,18.972321666578008,0.0517037123451198,366.943122767252,550217.130901632,415569.8755554489,18.1195777152286,1.0,0.1696092773631332,21.03355068152653,0.3095299064804007,0.6976527778732073,0.3023472221267926,5.221321242966208,2.4358447346005363,5.221321242966208,0.8747668740326723,0.8747668740326723,True,ok,145,147,-546.822355257518,-542.6985534604651,18,1.0,504.0,199503.69987356622,90.0,B,keep_for_visual_validation
5,7,22,2.0,10.548559287185212,40.84605423401776,-404.5511932591895,111.5,2.0,220.0,198.0,0.9,45.0,0.1179338584942964,0.6600509057615253,0.6569694016257004,0.5215043878216914,0.5215043878216914,13.20436147945011,9.06829573934837,24.0,24.11049458723757,"22,48",10.547916681982956,40.846053468020834,-406.613094157716,2.061900898526517,3.500005715460976,1.7500028577304878,242.0,204.6,0.8500000000000001,47.5,0.1179338584942964,0.6600509057615253,0.6569694016257004,new_non_BB86,not_matched,not_matched,,,33,,110.40328717405252,110.40328717405252,9.051193259189516,9.051193259189516,new_candidate,table_fits,True,ok,111,113,2,-406.613094157716,-402.489292360663,1.0,1.0,1.0,83.78323389168993,True,158,0.9219801309897028,231.53726527693271,2.547886026106778,0.6769014084507041,1.0909859154929578,0.5733802816901408,15.798293186285203,7,108,115,"0.660,0.661,0.683,0.784,0.966,0.983,0.716",False,1537.999999999997,1525.000000000006,679,1.0,1.0,7.904497635720171,67395.69854447363,26964.035991463457,40431.662553010174,19.838893620699583,0.0986555747599807,201.092474185728,67376.13668109095,26937.95350695322,22.66865976422944,1.0,0.1125072965141078,30.130887231572867,0.5680573420763292,0.8483412652823349,0.1516587347176651,3.804318263200836,4.879958689878104,4.879958689878104,0.874072577794209,0.874072577794209,True,ok,111,113,-406.613094157716,-402.489292360663,19,0.9,208.71032557111303,34211.94399759285,45.0,C,inspect
185,188,390,2.0,10.51600415096487,41.51296127666394,-272.58953575349346,79.5,2.0,319.0,287.1,0.9,-25.0,0.0076162163206414,0.4307773191835352,0.3455262732349722,0.2119696938553661,0.2413968467813852,14.05282848722352,5.788220551378445,24.0,24.11049458723757,"390,521",10.516001615746394,41.5139335059214,-272.58953575349346,0.0,7.000063997834081,3.5000319989170405,339.5,269.55,0.8,-20.0,0.0076162163206414,0.4307773191835352,0.3455262732349722,new_non_BB86,not_matched,not_matched,,,58,,263.0099977814841,263.0099977814841,19.81046424650652,19.81046424650652,new_candidate,table_fits,True,ok,79,81,2,-274.65143665202,-270.527634854967,1.0,1.0,1.0,80.62243794589709,True,332,0.8042336961143166,363.6858530729554,5.374737675509919,0.7597183098591549,1.3601408450704224,0.946056338028169,17.359896710467332,7,76,83,"0.688,0.728,0.761,0.750,0.872,0.951,0.962",False,1562.0000000000016,2211.000000000006,1427,1.0,1.0,6.980006706767279,273242.2243881652,170345.66552222715,102896.55886593802,18.96350921405836,0.0591157159787629,320.78625624480134,273220.4343993127,170316.61220375725,25.48123291181634,1.0,0.1140571949606541,33.111646447479295,0.4339678811884623,0.7301782443925778,0.2698217556074221,7.59511503925938,4.148459018608898,7.59511503925938,0.8712371338397195,0.8712371338397195,True,ok,79,81,-274.65143665202,-270.527634854967,20,0.9,302.6299720781139,71930.61225493897,155.0,B,keep_for_visual_validation
106,109,216,2.0,10.63150047910878,40.90417962309411,-375.6845806798185,104.5,2.0,319.0,319.0,1.0,-90.0,0.0161067633513188,0.5123833279564157,0.3733023390133518,0.2763749256361563,0.3046870092571672,9.888020918185752,7.307644110275689,24.0,24.11049458723757,"216,622",10.63113284024552,40.90431834317664,-377.746481578345,2.061900898526517,2.2360734565172096,1.1180367282586048,339.5,330.5,0.975,-90.0,0.0161067633513188,0.5123833279564157,0.3733023390133518,new_non_BB86,not_matched,not_matched,,,36,,45.878843368603896,45.878843368603896,3.3154193201814905,3.3154193201814905,new_candidate,table_fits,True,ok,104,106,2,-377.746481578345,-373.622679781292,1.0,1.0,1.0,38.70050023345991,True,369,0.9618730246034576,338.22514829513386,7.253106205705428,0.7183098591549295,1.070281690140845,0.9874647887323944,16.12133183851958,7,101,108,"0.728,0.739,0.717,0.838,0.929,0.884,0.883",False,1473.42857142857,1584.7142857142962,1587,1.0,1.0,7.08339764514741,139600.75365667988,59361.23069664198,80239.5229600379,18.258444494905923,0.064453968664949,283.27882476591566,139578.6448545183,59331.75229375987,20.835906873794286,1.0,0.1172432565918367,25.212382540145416,0.6455974481020409,0.858311322017807,0.1416886779821929,3.0090646022429213,9.993018937034108,9.993018937034108,0.8653165220746203,0.8653165220746203,True,ok,104,106,-377.746481578345,-373.622679781292,21,1.0,319.0,79922.90250548774,90.0,B,keep_for_visual_validation
135,133,270,2.0,10.370072609606227,41.35126649487791,-317.9513555210765,90.5,2.0,319.0,287.1,0.9,-45.0,0.0128617344647356,0.4817987875392882,0.340309777342245,0.2626255848740563,0.2986911651223285,11.59994256837332,6.772556390977444,24.0,24.11049458723757,"270,398",10.370715496738878,41.35224046939055,-315.88945462255,2.061900898526517,7.826239041787762,3.913119520893881,339.5,314.55,0.925,-59.99999999999999,0.0128617344647356,0.4817987875392882,0.340309777342245,new_non_BB86,not_matched,not_matched,,,51,,79.53044596895202,79.53044596895202,9.051355521076516,9.051355521076516,new_candidate,table_fits,True,ok,90,92,2,-320.013256419603,-315.88945462255,1.0,1.0,1.0,63.5321015142726,True,320,0.9059799845186196,362.4116337574346,6.8253589166510045,0.7390140845070423,1.1738028169014083,0.6769014084507041,18.737167878998022,7,87,94,"0.717,0.761,0.917,0.917,0.873,0.706,0.683",False,1675.0000000000148,2044.9999999999925,1431,1.0,1.0,7.08339764514741,211703.3787501371,110194.85676963576,101508.52198050136,17.789832255278302,0.0558348119445998,318.61542352698626,211681.58036379845,110165.79225451752,24.99423633512061,1.0,0.1806374954028437,31.18655215539929,0.5393789034589397,0.8075617597528486,0.1924382402471514,5.854613142417499,2.3641863028953884,5.854613142417499,0.861695723138823,0.861695723138823,True,ok,90,92,-320.013256419603,-315.88945462255,22,0.9,302.6299720781139,71930.61225493897,135.0,B,keep_for_visual_validation
81,84,165,1.0,10.184376122621789,40.90726934060041,-532.3890489678325,142.5,2.0,319.0,255.2,0.8,40.0,0.0221043271456279,0.5049141436220969,0.4109380086811753,0.3161462643861401,0.3369732267717401,10.61864104716416,7.662280701754386,24.0,24.11049458723757,165,10.184376122621789,40.90726934060041,-532.3890489678325,0.0,0.0,0.0,319.0,255.2,0.8,40.0,0.0221043271456279,0.5049141436220969,0.4109380086811753,new_non_BB86,not_matched,not_matched,,,26,,155.01013403032397,155.01013403032397,19.71095103216749,19.71095103216749,new_candidate,table_fits,True,ok,142,144,2,-534.450949866359,-530.3271480693061,1.0,1.0,1.0,48.2665034464287,True,292,0.7684766017355243,234.79103814276465,4.556438513840589,0.6976056338028169,1.4222535211267604,0.6976056338028169,11.181882674670623,7,139,146,"0.672,0.683,0.750,0.914,0.724,0.717,0.706",False,1821.0000000000027,1588.999999999995,1259,1.0,1.0,1.754035395440033,107424.10289121718,72736.75826974922,34687.34462146796,16.078856852463062,0.0863226890327961,186.26455028937184,107402.68867211504,72708.20597761303,15.71390395320136,1.0,0.0814908351905408,22.118353017297984,0.5696318852243056,0.801941944258167,0.1980580557418329,4.494476363766426,-3.624115854445737,4.494476363766426,0.8601581442573286,0.8601581442573286,True,ok,142,144,-534.450949866359,-530.3271480693061,23,0.7999999999999999,285.3222739289732,63938.32200439018,40.0,C,inspect
155,173,356,1.0,10.971833012453915,41.82773879275063,-157.1230854360095,51.5,2.0,360.0,342.0,0.95,-70.0,0.0087421486767875,0.472210277946766,0.3157585191967584,0.2253127580663659,0.2602207307774347,21.48336074021624,6.328947368421052,24.0,24.11049458723757,356,10.971833012453915,41.82773879275063,-157.1230854360095,0.0,0.0,0.0,360.0,342.0,0.95,-70.0,0.0087421486767875,0.472210277946766,0.3157585191967584,new_non_BB86,not_matched,not_matched,,,109,,117.90618142855712,117.90618142855712,19.87691456399051,19.87691456399051,new_candidate,table_fits,True,ok,51,53,2,-159.18498633453598,-155.061184537483,1.0,1.0,1.0,62.98400512093174,True,381,0.9731673763500008,372.5647724840642,7.97841682627597,0.6769014084507041,1.0495774647887324,1.008169014084507,15.920869703281245,7,48,55,"0.695,0.728,0.840,0.895,0.895,0.795,0.717",False,1211.9999999999964,2535.000000000001,1927,1.0,1.0,5.3415986961539765,323289.0852955383,177422.58979422797,145866.49550131033,21.632649392751453,0.0566396651925763,381.9346268944187,323266.3941365331,177392.33491555433,24.951648772885385,1.0,0.2426126730505995,31.316901308118293,0.4862293979897653,0.8024813422791033,0.1975186577208967,12.491438091907948,9.875322710372634,12.491438091907948,0.8594820473236544,0.8594820473236544,True,ok,51,53,-159.18498633453598,-155.061184537483,24,0.95,350.8845964131227,96698.22187749384,110.0,B,keep_for_visual_validation
178,196,404,3.0,10.510969853399097,41.45364775036021,-284.96094114465245,82.5,2.0,360.0,342.0,0.95,-20.0,0.007128035752666,0.4488724419789892,0.3208896020542157,0.2066344987477838,0.2394905880954189,19.843764305137803,5.886591478696742,24.0,24.11049458723757,"404,755,841",10.511831340716371,41.45489902729273,-284.96094114465245,0.0,14.849246129010227,4.6098061401986365,420.0,399.0,0.95,61.61135783668516,0.007128035752666,0.4488724419789892,0.3208896020542157,new_non_BB86,not_matched,not_matched,,,58,,178.42812882047178,178.42812882047178,7.439058855347525,7.439058855347525,new_candidate,table_fits,True,ok,82,84,2,-287.02284204317897,-282.899040246126,1.0,1.0,1.0,71.38181971620759,True,446,0.8951283730997299,376.3740068502304,7.97841682627597,0.6976056338028169,1.1945070422535211,0.9046478873239436,15.133360392132683,7,79,86,"0.695,0.683,0.683,0.816,0.917,0.817,0.806",False,1566.0000000000057,2149.999999999997,1927,1.0,1.0,6.878125530221501,245567.42934470848,120544.49104662464,125022.93829808384,18.43901070152767,0.0521470360504911,353.59652432928664,245544.73818570323,120514.23616795098,23.91117845739047,1.0,0.1361553186196505,30.537255669934197,0.6036283097778224,0.8033549127915418,0.1966450872084582,10.468340381961374,4.025535276759178,10.468340381961374,0.8581037512565609,0.8581037512565609,True,ok,82,84,-287.02284204317897,-282.899040246126,25,0.95,350.8845964131227,96698.22187749384,160.0,B,keep_for_visual_validation
58,71,144,2.0,10.941582560745134,41.76752874539099,-157.1230854360095,51.5,2.0,300.0,270.0,0.9,45.0,0.025321295156424,0.5356128593358721,0.4401756218290901,0.3210762217435811,0.3345035953804909,15.957414717378052,8.053258145363408,24.0,24.11049458723757,"144,207",10.941580614975177,41.767042618063485,-157.1230854360095,0.0,3.500132355310437,1.7500661776552184,309.5,278.55,0.9,45.0,0.025321295156424,0.5356128593358721,0.4401756218290901,new_non_BB86,not_matched,not_matched,,,102,,69.98080542665633,69.98080542665633,40.476914563990505,40.476914563990505,new_candidate,table_fits,True,ok,51,53,2,-159.18498633453598,-155.061184537483,1.0,1.0,1.0,39.846846522210384,True,246,0.9035394222522396,217.8430080093958,4.928392678235739,0.6769014084507041,1.1738028169014083,0.5940845070422536,11.329564250886634,6,49,55,"0.138,0.533,0.873,0.916,0.812,0.695,0.728",False,1235.0000000000002,2472.999999999995,1259,1.0,1.0,3.262177696325081,149826.58393051225,101244.32976507409,48582.25416543818,15.250562337649,0.0691855064464917,220.4300166458104,149805.16971141013,101215.77747293789,18.794927870296902,1.0,0.192077870109893,23.561812224859423,0.5093022725347303,0.7669856093294377,0.2330143906705622,9.076405225677773,6.173898749990269,9.076405225677773,0.8565979334596997,0.8565979334596997,True,ok,51,53,-159.18498633453598,-155.061184537483,26,0.9,284.60498941515414,63617.25123519331,45.0,B,keep_for_visual_validation
290,295,814,2.0,10.822578740917232,41.1513342985813,-338.5703645063415,95.5,2.0,432.0,432.0,1.0,-90.0,0.0015485644290926,0.3598995368115781,0.2158286934816929,0.1231321057906923,0.161907699828639,17.83618038718882,2.897243107769424,24.0,24.11049458723757,"814,1154",10.825160185629086,41.15091448945877,-338.5703645063415,0.0,14.317856842550936,7.158928421275468,468.0,468.0,1.0,-90.0,0.0015485644290926,0.3598995368115781,0.2158286934816929,new_non_BB86,not_matched,not_matched,,,54,,100.33345680823278,100.33345680823278,3.329635493658486,3.329635493658486,new_candidate,table_fits,True,ok,95,97,2,-340.632265404868,-336.508463607815,1.0,1.0,1.0,46.58978447951314,True,670,0.8395212438619345,418.2689647487221,12.181498883941169,0.7390140845070423,1.2980281690140845,1.008169014084507,14.52312705267598,7,92,99,"0.750,0.717,0.739,0.795,0.862,0.840,0.873",False,1325.285714285716,1839.0,2917,1.0,1.0,6.364123762052519,418595.404107066,279848.4601580968,138746.9439489692,16.29562914050842,0.0437468647152202,372.4982177943122,418571.4691741564,279816.5469142173,21.39223189482936,1.0,0.1427839069735169,28.59606086204744,0.5833962293258657,0.7817116861656114,0.2182883138343886,6.156867727419178,19.289163737793007,19.289163737793007,0.8559017249013241,0.8559017249013241,True,ok,95,97,-340.632265404868,-336.508463607815,27,1.0,432.0,146574.14684588538,90.0,B,keep_for_visual_validation
97,106,211,3.0,11.02159342713846,41.363843327282886,-256.0943285652815,75.5,2.0,319.0,287.1,0.9,45.0,0.0168107370813771,0.5096330023974518,0.3907515339100381,0.2786255625854495,0.3029755356919677,12.531556313482293,7.412907268170426,24.0,24.11049458723757,"211,451,792",11.018637498576778,41.36482409128502,-256.0943285652815,0.0,18.848187899167304,7.3824465061969535,360.0,342.0,0.95,32.81314978763069,0.0168107370813771,0.5096330023974518,0.3907515339100381,new_non_BB86,not_matched,not_matched,,,66,,130.68190607109702,130.68190607109702,15.70567143471851,15.70567143471851,new_candidate,table_fits,True,ok,75,77,2,-258.156229463808,-254.03242766675496,1.0,1.0,1.0,52.680643697236405,True,320,0.9492303141408258,338.9328329569816,5.411933091949434,0.6769014084507041,1.0909859154929578,0.6769014084507041,15.335223649009462,7,72,79,"0.682,0.695,0.784,0.916,0.949,0.750,0.694",False,1171.9999999999986,2058.000000000001,1431,1.0,1.0,7.288671010584817,150338.8465800263,59855.08174049591,90483.76483953038,18.769744910706827,0.0623958351960623,300.81727172539473,150317.04819368763,59826.01722537768,22.92783901714944,1.0,1.2089909342434926e-13,30.00604535473894,0.6760245404007842,0.8413955803037381,0.158604419696262,2.6219909260114607,-7.328208832820478,2.6219909260114607,0.8553268031068272,0.8553268031068272,True,ok,75,77,-258.156229463808,-254.03242766675496,28,0.9,302.6299720781139,71930.61225493897,45.0,C,inspect
21,24,56,1.0,11.38582936116263,41.74333919314675,-140.6278782477975,47.5,2.0,264.0,211.2,0.8,45.0,0.0492765752007974,0.589503115231768,0.5058063389744567,0.4065229532273673,0.4065229532273673,12.74401722443918,8.731829573934837,24.0,24.11049458723757,56,11.38582936116263,41.74333919314675,-140.6278782477975,0.0,0.0,0.0,264.0,211.2,0.8,45.0,0.0492765752007974,0.589503115231768,0.5058063389744567,new_non_BB86,not_matched,not_matched,,,123,,84.38470063590414,84.38470063590414,25.42787824779749,25.42787824779749,new_candidate,table_fits,True,ok,47,49,2,-142.689779146324,-138.565977349271,1.0,1.0,1.0,57.53165238876412,True,204,0.9538192355668,245.0676435530388,3.849725601489804,0.6976056338028169,1.070281690140845,0.5940845070422536,15.796042129797163,7,44,51,"0.713,0.676,0.666,0.971,0.923,0.901,0.836",False,894.0000000000117,2449.99999999999,867,1.0,1.0,4.407855872482821,68407.33312445342,24943.224908923366,43464.10821553005,17.133756026806108,0.0821775891712466,208.49669842591464,68387.03800752308,24916.164753016245,20.612078524229386,1.0,0.1254390223628866,25.06443395413133,0.7266634217290796,0.8674133941685258,0.1325866058314741,4.225647668464342,8.655378523178388,8.655378523178388,0.8544485927765397,0.8544485927765397,True,ok,47,49,-142.689779146324,-138.565977349271,29,0.7999999999999999,236.1287784239778,43791.28831691884,45.0,B,keep_for_visual_validation
51,54,111,2.0,11.147833185691272,41.41993583097582,-206.6087070006455,63.5,2.0,264.0,184.8,0.7,-45.0,0.0304802186557317,0.5297986233399583,0.4928046675835988,0.3410520466663276,0.3423038470205071,11.671597073056992,8.162280701754385,24.0,24.11049458723757,"111,174",11.148395284277935,41.42083637522529,-204.5468061021189,2.0619008985265026,7.158998686704166,3.579499343352083,264.0,198.0,0.75,-47.5,0.0304802186557317,0.5297986233399583,0.4928046675835988,new_non_BB86,not_matched,not_matched,,,76,,43.36646522568029,43.36646522568029,4.808707000645484,4.808707000645484,new_candidate,table_fits,True,ok,63,65,2,-208.670607899172,-204.546806102119,1.0,1.0,1.0,84.41503522607488,True,155,0.8008140599797469,202.3142326694912,2.603679150766051,0.7183098591549295,1.318732394366197,0.7390140845070423,13.083707086575489,7,60,67,"0.812,0.883,0.797,0.790,0.796,0.671,0.682",False,1074.85714285716,2116.142857142848,763,1.0,1.0,7.493945523772087,105039.53491258644,65916.14386361284,39123.39104897359,19.510731977345564,0.0986321458867117,197.8131145981096,105019.62313849258,65889.5948314877,21.078826449294414,1.0,0.089608444009567,26.789432371819,0.5504200640985314,0.7374522564815009,0.2625477435184991,4.245210700944518,2.8007541446229767,4.245210700944518,0.8535956257534775,0.8535956257534775,True,ok,63,65,-208.670607899172,-204.546806102119,30,0.7000000000000001,220.87824700499596,38317.37727730399,135.0,B,keep_for_visual_validation
253,256,660,2.0,10.188600333077888,40.51420632549935,-487.0272292002495,131.5,2.0,360.0,360.0,1.0,-90.0,0.0027364117807748,0.384958997501071,0.2500736759660513,0.1517159471803282,0.1873560690979543,15.125339166890116,3.847744360902256,24.0,24.11049458723757,"660,929",10.187956278205531,40.514828588943175,-487.0272292002495,0.0,5.700991305250343,2.8504956526251712,390.0,369.0,0.95,60.0,0.0027364117807748,0.384958997501071,0.2500736759660513,new_non_BB86,not_matched,not_matched,,,4,,80.28629696150804,80.28629696150804,9.12722920024953,9.12722920024953,new_candidate,table_fits,True,ok,132,134,2,-493.21293189582906,-489.089130098776,1.0,1.0,1.0,24.631620321414708,True,456,0.7948922820578134,197.940772063215,9.280256401658995,0.8011267605633803,1.380845070422535,1.008169014084507,8.074751944056358,7,129,136,"0.706,0.739,0.828,0.817,0.773,0.727,0.862",False,1820.0000000000032,1184.7142857142833,2027,1.0,1.0,3.3513943221669305,135553.04798958416,103851.47235666556,31701.5756329186,13.957908450564174,0.0783840630988759,178.07074421438537,135530.2050531448,103821.01510807977,11.547308844277612,1.0,0.1765528163606678,15.878814996338594,0.4498534308430392,0.6928701481242111,0.3071298518757888,7.203749553604386,7.418482744996509,7.418482744996509,0.8530652526985422,0.8530652526985422,True,ok,132,134,-493.21293189582906,-489.089130098776,31,1.0,360.0,101787.6019763093,90.0,B,keep_for_visual_validation
337,334,1003,1.0,10.62945281551196,40.93556813389759,-400.4273914621365,110.5,2.0,462.55,323.785,0.7,45.0,0.0008078991770695,0.3016361685110293,0.2039618722405339,0.0983564107854258,0.1335125492236046,11.759430731962874,1.4530075187969924,24.47354497354498,24.11049458723757,1003,10.62945281551196,40.93556813389759,-400.4273914621365,0.0,0.0,0.0,462.55,323.785,0.7,45.0,0.0008078991770695,0.3016361685110293,0.2039618722405339,new_non_BB86,not_matched,not_matched,,,40,,137.5242936144043,137.5242936144043,33.82739146213646,33.82739146213646,new_candidate,table_fits,True,ok,110,112,2,-402.489292360663,-398.36549056361,1.0,1.0,1.0,52.58960110984607,True,515,0.7491089433852063,352.2869329754212,5.783887256344585,0.8218309859154929,1.4636619718309858,0.6354929577464788,11.533205371936509,7,107,114,"0.728,0.695,0.706,0.750,0.750,0.750,0.695",False,1474.999999999999,1616.999999999994,2339,1.0,1.0,7.390595336577119,561185.2369706774,450583.2315144096,110602.0054562678,17.56453443886157,0.0528128874267034,332.58046084373984,561161.9645343777,450552.2015993433,21.837275430320137,1.0,0.1189456322248513,29.670934147513503,0.4453599020138158,0.6434126945828523,0.3565873054171476,9.770037172803097,-6.913219340068064,9.770037172803097,0.8524119448347482,0.8524119448347482,True,ok,110,112,-402.489292360663,-398.36549056361,32,0.7000000000000001,386.9970952733367,117626.53176245159,45.0,B,keep_for_visual_validation
46,50,100,3.0,10.655182288386763,40.95682797694521,-388.0559860709775,107.5,2.0,264.0,264.0,1.0,-45.0,0.0330535892709374,0.5465842168809553,0.4675663011457803,0.3561171917082648,0.3631829037372212,13.165234045210058,8.315162907268169,24.0,24.11049458723757,"100,106,237",10.656898622356293,40.95719877544081,-388.0559860709775,1.943978809976954,7.826267884813207,7.017836453724183,264.0,264.0,1.0,-44.99999999999999,0.0330535892709374,0.5465842168809553,0.4675663011457803,new_non_BB86,not_matched,not_matched,,,40,,99.10560687543952,99.10560687543952,21.45598607097748,21.45598607097748,new_candidate,table_fits,True,ok,107,109,2,-390.117886969504,-385.994085172451,1.0,1.0,1.0,73.3592941768938,True,248,0.9027604375271256,287.59815836128644,4.686622471378891,0.7183098591549295,1.1738028169014083,0.883943661971831,15.381272980150278,7,104,111,"0.683,0.717,0.806,0.836,0.946,0.761,0.683",False,1455.000000000001,1638.8571428571156,1091,1.0,1.0,5.691134621519467,115438.86184617475,57264.75039017714,58174.11145599763,18.045936011169527,0.0748149561203469,241.20760001704636,115417.87729621728,57236.77099023381,20.95152184719249,1.0,0.1870888345208105,28.68631343118416,0.4218670883726261,0.8244194527184846,0.1755805472815154,-0.437353442073743,1.443148387694474,1.443148387694474,0.8521310253957513,0.8521310253957513,True,ok,107,109,-390.117886969504,-385.994085172451,33,1.0,264.0,54739.11039614856,135.0,C,inspect
173,176,361,1.0,10.997932356396214,41.82864387760382,-165.3706890301155,53.5,2.0,319.0,255.2,0.8,40.0,0.0085570771999631,0.4386689538207781,0.3441228946936558,0.2221383149720683,0.2551828658783764,11.78161185863608,5.99561403508772,24.0,24.11049458723757,361,10.997932356396214,41.82864387760382,-165.3706890301155,0.0,0.0,0.0,319.0,255.2,0.8,40.0,0.0085570771999631,0.4386689538207781,0.3441228946936558,new_non_BB86,not_matched,not_matched,,,112,,125.26636006929,125.26636006929,17.17068903011551,17.17068903011551,new_candidate,table_fits,True,ok,53,55,2,-167.43258992864202,-163.308788131589,1.0,1.0,1.0,79.29832046690834,True,294,0.7925400323744703,264.6949732164192,5.1143697604333145,0.7804225352112675,1.380845070422535,0.6976056338028169,13.662886068462791,7,50,57,"0.672,0.695,0.706,0.761,0.859,0.806,0.750",False,1192.0000000000002,2535.9999999999973,1259,1.0,1.0,5.441267628221113,148956.602416527,98949.01221841256,50007.59019811444,14.620091877557543,0.06537341088675,223.6397287405538,148935.18819742487,98920.45992627637,18.786176114523936,1.0,0.0846586198313062,26.82100243054821,0.6319553477391832,0.743339158175208,0.256660841824792,8.42702227420463,6.167363693388944,8.42702227420463,0.8499431898889678,0.8499431898889678,True,ok,53,55,-167.43258992864202,-163.308788131589,34,0.7999999999999999,285.3222739289732,63938.32200439018,40.0,B,keep_for_visual_validation
10,12,29,3.0,10.245165659497909,41.05141053697335,-445.7892112297195,121.5,2.0,220.0,198.0,0.9,45.0,0.091452063672221,0.6329039943679622,0.6430650807892605,0.4740240461277445,0.4740240461277445,13.868976219418812,8.996867167919799,24.0,24.11049458723757,"29,39,441",10.24516567211439,41.0514105321906,-445.7892112297195,3.367070067717391,4.949861210599553,4.949860406738522,220.0,198.0,0.9,57.18685021236931,0.091452063672221,0.6329039943679622,0.6430650807892605,new_non_BB86,not_matched,not_matched,,,37,,311.21781461199873,311.21781461199873,21.4892112297195,21.4892112297195,new_candidate,table_fits,True,ok,122,124,2,-451.974913925299,-447.851112128246,1.0,1.0,1.0,78.70696948510857,True,158,0.7212898949774169,193.76767638875003,1.9155639466350232,0.6769014084507041,1.4222535211267604,0.5733802816901408,11.870880849918615,7,119,126,"0.784,0.835,0.853,0.848,0.717,0.683,0.683",False,1773.0000000000014,1736.999999999991,679,1.0,1.0,5.601563633726104,66206.76281971227,42346.79015915986,23859.972660552405,14.900574135418148,0.0964514356359266,154.48784185715036,66187.20095632959,42320.70767464963,19.94687416373234,1.0,0.150526826836311,28.90793451386524,0.6185127608676482,0.7745747782330459,0.2254252217669541,11.813241178988289,1.5841973259989124,11.813241178988289,0.8484915677859036,0.8484915677859036,True,ok,122,124,-451.974913925299,-447.851112128246,35,0.9,208.71032557111303,34211.94399759285,45.0,B,keep_for_visual_validation
150,166,345,2.0,9.759902027693084,40.45333690572192,-540.6366525619385,144.5,2.0,360.0,360.0,1.0,-90.0,0.009257250383923,0.4801445376969495,0.3171421943835315,0.2298139078642766,0.2645328940594771,17.68289064165008,6.416666666666668,24.0,24.11049458723757,"345,563",9.76045533912395,40.45292465435893,-540.6366525619385,0.0,4.242644529178796,2.121322264589398,390.0,348.0,0.9,-52.5,0.009257250383923,0.4801445376969495,0.3171421943835315,new_non_BB86,not_matched,not_matched,,,2,,841.3208089658671,841.3208089658671,11.463347438061533,11.463347438061533,new_candidate,table_fits,True,ok,144,146,2,-542.6985534604651,-538.5747516634119,1.0,1.0,1.0,52.92289244038604,True,466,0.984365143288368,356.1980011635985,8.424761823550151,0.6769014084507041,1.0288732394366198,0.9253521126760562,14.719056671905538,7,141,148,"0.705,0.706,0.750,0.862,0.951,0.739,0.694",False,2155.857142857136,1124.8571428571431,2024,1.0,1.0,6.878125530221501,133664.47882831446,43362.98462570501,90301.49420260944,24.383755391904632,0.0811399655524302,300.51473679944525,133641.64033522323,43332.53330158338,19.908178080115505,1.0,0.1940279492439296,24.794560475865364,0.760470198511755,0.9118235109142976,0.0881764890857023,8.329980812425555,6.781052994168944,8.329980812425555,0.8484517985862345,0.8484517985862345,True,ok,144,146,-542.6985534604651,-538.5747516634119,36,1.0,360.0,101787.6019763093,90.0,B,keep_for_visual_validation
260,239,661,3.0,11.044529034963618,41.29474589858237,-256.0943285652815,75.5,2.0,360.0,288.0,0.8,-5.0,0.0027319431336248,0.3524675109080777,0.2779861251056044,0.1514947657132953,0.1840483023236199,18.794926581271696,3.6641604010025066,24.0,24.11049458723757,"598,661,1175",11.04281101022428,41.29609380984757,-256.0943285652815,3.887957619953921,17.50010454562446,4.000000437743106,382.8,288.0,0.8,-28.13105346553104,0.0034431624417148,0.3524675109080777,0.2779861251056044,new_non_BB86,not_matched,not_matched,,,66,,131.02968306250847,131.02968306250847,15.70567143471851,15.70567143471851,new_candidate,table_fits,True,ok,75,77,2,-258.156229463808,-254.03242766675496,1.0,1.0,1.0,111.19354117491288,True,380,0.7707188517557011,374.6147022238087,5.337542259070404,0.8218309859154929,1.4222535211267604,0.7804225352112675,16.23011187760577,7,72,79,"0.784,0.795,0.828,0.794,0.728,0.683,0.695",False,1153.9999999999957,1987.0000000000025,1621,1.0,1.0,6.992072414488091,347882.5260437907,258746.53838089737,89135.98766289331,18.503992974253677,0.0619756242835149,298.5688839470972,347860.3536482255,258716.9751868104,23.17718130278096,1.0,0.1021202687304207,32.268070611947,0.5462472088799557,0.6752429129394342,0.3247570870605658,15.283534825859432,0.8411781163480511,15.283534825859432,0.8466072750933293,0.8466072750933293,True,ok,75,77,-258.156229463808,-254.03242766675496,37,0.8,321.99378875996973,81430.08158104745,175.0,B,keep_for_visual_validation
324,326,952,1.0,10.615452956054517,41.65695450888973,-256.0943285652815,75.5,2.0,432.0,410.4,0.95,-90.0,0.0010040127504303,0.3276545142009198,0.2052880149897597,0.1051843451905735,0.1419084868896442,15.856515201630542,1.879072681704261,24.0,24.11049458723757,952,10.615452956054517,41.65695450888973,-256.0943285652815,0.0,0.0,0.0,432.0,410.4,0.95,-90.0,0.0010040127504303,0.3276545142009198,0.2052880149897597,new_non_BB86,not_matched,not_matched,,,69,,182.8113424905341,182.8113424905341,7.505671434718522,7.505671434718522,new_candidate,table_fits,True,ok,75,77,2,-258.156229463808,-254.03242766675496,1.0,1.0,1.0,45.33312654258376,True,628,0.7837634228138223,377.1488791757853,10.024164730449296,0.7804225352112675,1.4015492957746478,0.883943661971831,13.140388694058975,7,72,79,"0.761,0.761,0.761,0.784,0.761,0.750,0.773",False,1485.2857142857133,2358.999999999996,2761,1.0,1.0,6.467585528177292,363539.5518021109,259756.5559759683,103782.9958261426,15.50030673001226,0.0481127979195814,322.1659807837486,363515.7817574751,259724.8625831206,18.117249363174047,1.0,0.157803792728326,25.24708544326961,0.5175843797595742,0.6957439055814837,0.3042560944185163,4.700768232075518,2.780958743217688,4.700768232075518,0.844303685593721,0.844303685593721,True,ok,75,77,-258.156229463808,-254.03242766675496,38,0.95,421.06151569574723,139245.4395035911,90.0,B,keep_for_visual_validation
221,226,559,1.0,10.410812726624233,41.29886983796743,-346.8179681004475,97.5,2.0,360.0,360.0,1.0,-90.0,0.0041658945295489,0.4105675603868674,0.2590695739907676,0.1789151821269939,0.2189071932059442,17.305074838826506,4.639097744360902,24.0,24.11049458723757,559,10.410812726624233,41.29886983796743,-346.8179681004475,0.0,0.0,0.0,360.0,360.0,1.0,-90.0,0.0041658945295489,0.4105675603868674,0.2590695739907676,new_non_BB86,not_matched,not_matched,,,50,,80.27177707682107,80.27177707682107,36.28203189955252,36.28203189955252,new_candidate,table_fits,True,ok,97,99,2,-348.879868998974,-344.75606720192104,1.0,1.0,1.0,35.982632328548874,True,464,0.8729124337500639,370.5174416991068,8.87110682082433,0.7804225352112675,1.2359154929577465,1.008169014084507,16.562406937765278,7,94,101,"0.670,0.695,0.717,0.839,0.851,0.784,0.784",False,1643.7142857142971,1991.000000000003,2027,1.0,1.0,6.77471239186236,239186.65881503475,139499.89492098367,99686.76389405108,15.047353137044071,0.0476567891641748,315.7441657516375,239163.8158785954,139469.43767239785,21.07496933104552,1.0,0.2631529439850284,25.49499570351397,0.5771364078490303,0.7865664273406939,0.213433572659306,10.783249977123738,11.33439173320052,11.33439173320052,0.8407169011953239,0.8407169011953239,True,ok,97,99,-348.879868998974,-344.75606720192104,39,1.0,360.0,101787.6019763093,90.0,B,keep_for_visual_validation
157,158,326,1.0,10.899635355528726,41.75302976930056,-185.9896980153805,58.5,2.0,319.0,287.1,0.9,45.0,0.0103288461130044,0.4487213713370757,0.3577106850708766,0.2385816731834067,0.2697155959974561,12.15114987440768,6.320175438596492,24.0,24.11049458723757,326,10.899635355528726,41.75302976930056,-185.9896980153805,0.0,0.0,0.0,319.0,287.1,0.9,45.0,0.0103288461130044,0.4487213713370757,0.3577106850708766,new_non_BB86,not_matched,not_matched,,,92,,89.17628769836497,89.17628769836497,8.989698015380498,8.989698015380498,new_candidate,table_fits,True,ok,58,60,2,-188.051598913907,-183.927797116854,1.0,1.0,1.0,72.47114296803872,True,324,0.803203560930463,269.6698106764374,4.928392678235739,0.7390140845070423,1.3601408450704224,0.5733802816901408,13.322489524706516,7,55,62,"0.706,0.760,0.739,0.781,0.794,0.717,0.705",False,1267.1428571428655,2457.9999999999845,1430,1.0,1.0,7.288671010584817,168243.7457715329,112122.8956200924,56120.85015144052,14.489856099385626,0.0611608963485162,236.91373025040943,168221.94948236315,112093.83390119937,20.12299430227218,1.0,0.1563243421214476,26.57436077050566,0.6007432129066127,0.7226679013428747,0.2773320986571253,6.693657887812363,6.634104728435577,6.693657887812363,0.8402947129352977,0.8402947129352977,True,ok,58,60,-188.051598913907,-183.927797116854,40,0.9,302.6299720781139,71930.61225493897,45.0,B,keep_for_visual_validation
108,111,220,2.0,11.078296571630302,41.31505278008097,-264.3419321593875,77.5,2.0,319.0,255.2,0.8,40.0,0.0157854621211374,0.4952274525039269,0.3936463135405562,0.2733189442397172,0.2962624881060183,10.79558089845681,7.239348370927318,24.0,24.11049458723757,"220,533",11.078389030043835,41.31505246541667,-262.28003126086105,2.0619008985264884,0.5000066556338774,0.2500033278169387,350.9,242.44,0.7,32.5,0.0157854621211374,0.4952274525039269,0.3936463135405562,new_non_BB86,not_matched,not_matched,,,66,,112.7308418228037,112.7308418228037,7.4580678406125,7.4580678406125,new_candidate,table_fits,True,ok,77,79,2,-266.403833057914,-262.28003126086105,1.0,1.0,1.0,54.899134444853374,True,294,0.8799608920930542,237.36432858659907,4.556438513840589,0.6769014084507041,1.2152112676056337,0.6976056338028169,11.600765616150566,7,74,81,"0.672,0.717,0.757,0.847,0.848,0.794,0.728",False,1128.0000000000005,2007.9999999999905,1259,1.0,1.0,7.493945523772087,87113.99899610672,46420.22599373932,40693.7730023674,14.8537726156383,0.0736265932639234,201.74466802223407,87092.58477700458,46391.67370160314,17.172378343273838,1.0,0.1712868973780222,22.90723551760054,0.7391291143035166,0.8351982084152482,0.1648017915847518,19.71162886493417,9.5403300638918,19.71162886493417,0.8400798632590681,0.8400798632590681,True,ok,77,79,-266.403833057914,-262.28003126086105,41,0.7999999999999999,285.3222739289732,63938.32200439018,40.0,B,keep_for_visual_validation
12,16,35,1.0,10.906838736364437,41.79024003242813,-173.6182926242215,55.5,2.0,264.0,237.6,0.9,45.0,0.0798570051468849,0.6422080614394843,0.5730140103437176,0.4658391800819114,0.4658391800819114,11.376050977579617,8.889724310776943,24.0,24.11049458723757,35,10.906838736364437,41.79024003242813,-173.6182926242215,0.0,0.0,0.0,264.0,237.6,0.9,45.0,0.0798570051468849,0.6422080614394843,0.5730140103437176,new_non_BB86,not_matched,not_matched,,,102,,56.64390536453436,56.64390536453436,23.981707375778484,23.981707375778484,new_candidate,table_fits,True,ok,55,57,2,-175.68019352274803,-171.556391725695,1.0,1.0,1.0,70.1190892098671,True,186,0.9753222262957076,202.25437831530908,3.756737060391016,0.6561971830985915,1.0288732394366198,0.8425352112676057,11.111463756403367,7,52,59,"0.750,0.705,0.728,0.837,0.786,0.695,0.694",False,1261.7142857142776,2496.2857142857297,976,1.0,1.0,4.471930354440582,75167.94176095408,38515.94232070456,36651.99944024953,14.394125456081508,0.0751788486422898,191.4650957820666,75147.29137319485,38488.4084703589,17.783277265969303,1.0,0.2150383240515224,24.579694630579105,0.7180846379736793,0.8515350448089583,0.1484649551910417,9.4950203016205,5.576735257176246,9.4950203016205,0.8399859545124342,0.8399859545124342,True,ok,55,57,-175.68019352274803,-171.556391725695,42,0.9,250.45239068533564,49265.1993565337,45.0,B,keep_for_visual_validation
151,153,312,1.0,10.096206090639296,40.55002150972922,-557.1318597501505,148.5,2.0,319.0,287.1,0.9,-65.0,0.0109423767548423,0.4663204557749751,0.3480744007760154,0.2441811458618224,0.2760851105346208,9.413347635626325,6.406641604010025,24.0,24.11049458723757,312,10.096206090639296,40.55002150972922,-557.1318597501505,0.0,0.0,0.0,319.0,287.1,0.9,-65.0,0.0109423767548423,0.4663204557749751,0.3480744007760154,new_non_BB86,not_matched,not_matched,,,2,,149.679974935581,149.679974935581,5.031859750150488,5.031859750150488,new_candidate,table_fits,True,ok,148,150,2,-559.193760648677,-555.069958851624,1.0,1.0,1.0,36.52175450476864,True,332,0.8719108267728497,246.14939411270532,5.9326689221026445,0.7390140845070423,1.2359154929577465,0.946056338028169,12.559037775727914,7,145,152,"0.794,0.840,0.895,0.873,0.826,0.706,0.702",False,1892.000000000006,1221.9999999999984,1427,1.0,1.0,7.089345083344754,102043.81326438236,55109.65257994153,46934.16068444083,17.43538187180053,0.0804735821525278,216.65969633057844,102022.02327552994,55080.59926147162,17.477450946717006,1.0,0.1823654745703544,23.846604323763525,0.6772585929693672,0.796554265802729,0.203445734197271,5.351375624834388,4.351697295781286,5.351375624834388,0.8398897396935116,0.8398897396935116,True,ok,148,150,-559.193760648677,-555.069958851624,43,0.9,302.6299720781139,71930.61225493897,115.0,B,keep_for_visual_validation
153,154,318,1.0,10.054421061576798,40.50312692271886,-528.2652471707795,141.5,2.0,360.0,324.0,0.9,25.0,0.0107926400234845,0.4357771306395304,0.3608867473988517,0.2478028139402562,0.2769402558962094,16.465221783807422,6.382832080200501,24.0,24.11049458723757,318,10.054421061576798,40.50312692271886,-528.2652471707795,0.0,0.0,0.0,360.0,324.0,0.9,25.0,0.0107926400234845,0.4357771306395304,0.3608867473988517,new_non_BB86,not_matched,not_matched,,,2,,160.58182120521,160.58182120521,23.83475282922052,23.83475282922052,new_candidate,table_fits,True,ok,141,143,2,-530.3271480693061,-526.2033462722529,1.0,1.0,1.0,32.57486104130713,True,326,0.7483498262009352,196.03288151978467,5.300346842630889,0.6976056338028169,1.4636619718309858,0.7804225352112675,7.635791949710147,7,138,145,"0.739,0.906,0.884,0.772,0.726,0.717,0.717",False,1925.0000000000016,1173.9999999999875,1821,1.0,1.0,1.974457496436918,218175.17924433472,176208.72188651626,41966.45735781847,16.1421846264597,0.0787902203067129,204.87548535366105,218152.65782109555,176178.69332219736,15.43871712359437,1.0,0.0710361987538601,20.437181452312007,0.6467813389392009,0.6808647423001168,0.3191352576998831,5.870569268039897,5.267753399562378,5.870569268039897,0.837234822779768,0.837234822779768,True,ok,141,143,-530.3271480693061,-526.2033462722529,44,0.9,341.525987298185,91608.84177867837,25.0,B,keep_for_visual_validation
49,51,103,4.0,9.43713053140976,40.41456318797326,-458.1606166208785,124.5,2.0,264.0,264.0,1.0,45.0,0.0325186962702528,0.5441692756445198,0.4816858708677415,0.3500552945923417,0.3544039470213956,11.557027167603865,8.251253132832082,24.0,24.11049458723757,"103,335,433,494",9.436506219167963,40.41379230516283,-460.222517519405,2.061900898526517,5.316367059876178,4.137690147787791,339.5,258.0,0.8,24.675826500159985,0.0325186962702528,0.5441692756445198,0.4816858708677415,new_non_BB86,not_matched,not_matched,,,2,,1722.3277066480894,1722.3277066480894,93.93938337912152,93.93938337912152,new_candidate,table_fits,True,ok,124,126,2,-460.222517519405,-456.098715722352,1.0,1.0,1.0,40.1244769417344,True,248,0.8667440874609614,232.02707777253136,4.147288933005924,0.7183098591549295,1.2359154929577465,0.7597183098591549,12.274669665983067,6,122,128,"0.338,0.681,0.711,0.822,0.880,0.811,0.769",False,2408.999999999988,1088.142857142866,1091,1.0,1.0,7.493945523772087,88758.49040781526,48242.5466252953,40515.94378251997,24.676060955488328,0.1225816233535563,201.3031013981299,88737.50585785776,48214.567225351966,17.5215131905058,1.0,0.353434891414659,24.422650075912813,0.5123917625191423,0.7829600200467507,0.2170399799532493,2.631945026289745,5.777229831453592,5.777229831453592,0.8364247002938808,0.8364247002938808,True,ok,124,126,-460.222517519405,-456.098715722352,45,1.0,264.0,54739.11039614856,45.0,B,keep_for_visual_validation
181,187,389,2.0,9.994108615990337,40.39956998501643,-520.0176435766735,139.5,2.0,319.0,287.1,0.9,75.0,0.0076373939742018,0.4399530257728585,0.3463657425139322,0.2098740768371447,0.2388059564983854,11.868182131036807,5.845864661654135,24.0,24.11049458723757,"389,585",9.99410291552554,40.40012558720555,-520.0176435766735,0.0,4.000457866972578,2.000228933486289,339.5,287.55,0.8500000000000001,82.5,0.0076373939742018,0.4399530257728585,0.3463657425139322,new_non_BB86,not_matched,not_matched,,,1,,436.1120505480788,436.1120505480788,13.217643576673538,13.217643576673538,new_candidate,table_fits,True,ok,139,141,2,-522.0795444752,-517.9557426781471,1.0,1.0,1.0,64.8621303738021,True,330,0.8050202525583319,315.5193853462702,5.9326689221026445,0.7390140845070423,1.3601408450704224,0.883943661971831,14.611795620480873,7,136,143,"0.784,0.773,0.784,0.783,0.827,0.784,0.688",False,1972.9999999999936,1067.857142857149,1434,1.0,1.0,7.390595336577119,189251.78108845,117914.49562058091,71337.28546786906,24.22604309421649,0.0906989110121294,267.1040128693129,189229.9764193865,117885.42272849628,20.68221510342054,1.0,0.1041155186773283,28.078653688957893,0.7247184586264075,0.7535713088229018,0.2464286911770982,1.93504321318392,7.965394914806402,7.965394914806402,0.8360493460612017,0.8360493460612017,True,ok,139,141,-522.0795444752,-517.9557426781471,46,0.9,302.6299720781139,71930.61225493897,75.0,C,inspect
15,17,37,2.0,10.125270132634984,40.92060844881801,-478.7796256061435,129.5,2.0,264.0,264.0,1.0,45.0,0.0783337940998217,0.6379332530039149,0.5747418671182045,0.4622219265591079,0.4622219265591079,8.247250301754915,8.812030075187971,24.0,24.11049458723757,"37,403",10.122145370799675,40.92059315485268,-480.84152650467,2.0619008985264884,17.000468029965532,8.500234014982766,312.0,303.0,0.975,67.5,0.0783337940998217,0.6379332530039149,0.5747418671182045,new_non_BB86,not_matched,not_matched,,,26,,222.8136976312701,222.8136976312701,73.32037439385653,73.32037439385653,new_candidate,table_fits,True,ok,129,131,2,-480.84152650467,-476.717724707617,1.0,1.0,1.0,26.1343191920106,True,188,0.9336346611807383,127.92975695381364,4.147288933005924,0.6561971830985915,1.1116901408450703,0.6769014084507041,6.524423171680743,7,126,133,"0.682,0.688,0.752,0.815,0.894,0.827,0.882",False,1866.8571428571456,1603.0000000000018,1091,1.0,1.0,3.1704515044625565,74999.08126121318,53212.46710704866,21786.614154164527,13.59121655452604,0.092064829841585,147.6265863730188,74978.09671125568,53184.48770710533,13.030422417833783,1.0,0.2043178437828488,17.11184810943771,0.6230927909623339,0.7521752346434589,0.247824765356541,6.767790490199822,3.035892061566458,6.767790490199822,0.8359843696487339,0.8359843696487339,True,ok,129,131,-480.84152650467,-476.717724707617,47,1.0,264.0,54739.11039614856,45.0,C,inspect
259,271,710,1.0,9.972414212242075,40.39860308455243,-536.5128507648855,143.5,2.0,420.0,420.0,1.0,-90.0,0.0022518055232116,0.3919073378784661,0.2259484245436268,0.1420098077816676,0.1790687606697828,20.541724040950506,3.702380952380952,24.0,24.11049458723757,710,9.972414212242075,40.39860308455243,-536.5128507648855,0.0,0.0,0.0,420.0,420.0,1.0,-90.0,0.0022518055232116,0.3919073378784661,0.2259484245436268,new_non_BB86,not_matched,not_matched,,,1,,482.894150579392,482.894150579392,29.712850764885445,29.712850764885445,new_candidate,table_fits,True,ok,143,145,2,-538.5747516634119,-534.450949866359,1.0,1.0,1.0,45.63740282160041,True,640,0.9510056090597528,321.989626152441,12.21869430038068,0.6976056338028169,1.0909859154929578,0.9253521126760562,10.603853822554356,7,140,147,"0.695,0.706,0.773,0.884,0.940,0.817,0.779",False,1990.0000000000032,1066.9999999999875,2749,1.0,1.0,6.467585528177292,143271.40072659185,65109.50877432573,78161.89195226612,18.20386882776636,0.0651094709724085,279.58864595107235,143247.64374912734,65077.83280437307,15.54025938512296,1.0,0.3250960986631793,20.7451592402087,0.6203823532059366,0.8300096392067784,0.1699903607932216,7.566554634427385,8.635329364371039,8.635329364371039,0.8341415728063235,0.8341415728063235,True,ok,143,145,-538.5747516634119,-534.450949866359,48,1.0,420.0,138544.23602330987,90.0,B,keep_for_visual_validation
293,289,778,1.0,10.12404441562337,40.73976002777881,-590.1222741265744,156.5,2.0,420.0,420.0,1.0,-90.0,0.0017551907489737,0.3674755859218932,0.2119621144468798,0.1313499344781424,0.1715567168949647,6.08072658408833,2.841478696741855,24.0,24.11049458723757,778,10.12404441562337,40.73976002777881,-590.1222741265744,0.0,0.0,0.0,420.0,420.0,1.0,-90.0,0.0017551907489737,0.3674755859218932,0.2119621144468798,new_non_BB86,not_matched,not_matched,,,16,,73.9586481988981,73.9586481988981,25.62227412657444,25.62227412657444,new_candidate,table_fits,True,ok,156,158,2,-592.184175025101,-588.060373228048,1.0,1.0,1.0,8.004918346831843,True,570,0.8729588952782114,69.1212573106352,13.185775127808071,0.7804225352112675,1.2359154929577465,1.2152112676056337,2.530995647818313,7,153,160,"0.951,0.929,0.929,0.828,0.780,0.711,0.512",False,1869.0000000000011,1416.999999999993,2749,1.0,1.0,2.711906041013025,27572.18012562481,21352.24637947711,6219.933746147704,3.625360527164577,0.0459390525909505,78.9167456160976,27548.42314816032,21320.57040952445,4.3169957383199735,0.9900332225913622,0.3942369274301636,7.955102262772604,0.2779764487245505,0.7183365636873437,0.2816634363126563,2.984948422972628,0.4284123926783894,2.984948422972628,0.8340330160476659,0.8340330160476659,True,ok,156,158,-592.184175025101,-588.060373228048,49,1.0,420.0,138544.23602330987,90.0,C,inspect
245,248,636,1.0,11.381026744266665,41.67808617868612,-157.1230854360095,51.5,2.0,360.0,360.0,1.0,-90.0,0.0029654892255788,0.384314075652574,0.2777407549627542,0.1512193051188516,0.1837228652158996,16.71932566300628,4.034461152882206,24.0,24.11049458723757,636,11.381026744266665,41.67808617868612,-157.1230854360095,0.0,0.0,0.0,360.0,360.0,1.0,-90.0,0.0029654892255788,0.384314075652574,0.2777407549627542,new_non_BB86,not_matched,not_matched,,,123,,150.97524635866202,150.97524635866202,41.92308543600949,41.92308543600949,new_candidate,table_fits,True,ok,51,53,2,-159.18498633453598,-155.061184537483,1.0,1.0,1.0,55.14241158329446,True,466,0.783393032570533,324.9490733559711,6.93694516596955,0.7597183098591549,1.4015492957746478,0.9253521126760562,12.351898094003325,7,48,55,"0.672,0.683,0.695,0.739,0.884,0.828,0.714",False,897.142857142859,2382.857142857129,2024,1.0,1.0,6.878125530221501,252648.8981364506,167134.01324100856,85514.88489544202,17.413945283101377,0.0595466025105749,292.4422981144696,252626.05964335936,167103.56191688697,19.41484555371675,1.0,0.0929225349274202,24.50288941697807,0.7246942430620574,0.7305683561980277,0.2694316438019722,2.080855233615186,5.235034467406183,5.235034467406183,0.8332514358845833,0.8332514358845833,True,ok,51,53,-159.18498633453598,-155.061184537483,50,1.0,360.0,101787.6019763093,90.0,B,keep_for_visual_validation
329,333,989,1.0,10.905249025752592,41.16162265707346,-301.4561483328645,86.5,2.0,435.0,435.0,1.0,-55.0,0.0008645154767294,0.3336610186896326,0.1777392349253053,0.1039740204893408,0.1402035973760827,18.897065595496542,1.7330827067669172,24.0,24.11049458723757,989,10.905249025752592,41.16162265707346,-301.4561483328645,0.0,0.0,0.0,435.0,435.0,1.0,-55.0,0.0008645154767294,0.3336610186896326,0.1777392349253053,new_non_BB86,not_matched,not_matched,,,57,,66.33917187604587,66.33917187604587,4.85614833286445,4.85614833286445,new_candidate,table_fits,True,ok,86,88,2,-303.518049231391,-299.394247434338,1.0,1.0,1.0,85.81912891474883,True,647,0.8729682788706997,566.6123751897338,14.097062830576188,0.7597183098591549,1.2359154929577465,1.1530985915492955,19.86972731458201,7,83,90,"0.706,0.706,0.784,0.906,0.806,0.706,0.683",False,1261.2857142857174,1849.714285714283,2951,1.0,1.0,6.364123762052519,751659.8469901247,526105.0916730198,225554.7553171049,19.609071347902564,0.041287951978614,474.9344641279254,751635.8772919999,526073.13207552,25.708572226226824,1.0,0.3477610583047351,36.23829656210148,0.5544929454996338,0.7866905096604998,0.2133094903395002,10.358998987339398,-0.8884627910031342,10.358998987339398,0.8319925850565092,0.8319925850565092,True,ok,86,88,-303.518049231391,-299.394247434338,51,1.0,435.0,148616.96746888215,125.0,B,keep_for_visual_validation
195,198,409,4.0,10.737630562442874,41.0279316091927,-342.6941663033945,96.5,2.0,319.0,223.3,0.7,-45.0,0.0070477287635749,0.4342685372569541,0.327101225119543,0.2077422635166102,0.2388271992860349,10.86217890943436,5.598997493734336,24.0,24.11049458723757,"409,942,995,1140",10.739565011506617,41.02963206810344,-348.879868998974,4.610550571973143,19.906205981930967,16.602886465012624,462.55,409.74750000000006,0.8500000000000001,-59.99999999999999,0.0070477287635749,0.4342685372569541,0.327101225119543,new_non_BB86,not_matched,not_matched,,,43,,97.56831874925167,97.56831874925167,44.60583369660549,44.60583369660549,new_candidate,table_fits,True,ok,96,98,2,-344.75606720192104,-340.632265404868,1.0,1.0,1.0,74.97590482722069,True,254,0.8231930292585636,279.5633817806884,4.333266015203499,0.7597183098591549,1.318732394366197,0.6147887323943662,15.1285417304121,7,93,100,"0.728,0.782,0.784,0.790,0.845,0.939,0.951",False,1390.9999999999998,1712.000000000002,1113,1.0,1.0,7.08339764514741,168048.7725681695,103850.53113558434,64198.24143258514,18.11539721126533,0.0714928432743298,253.38756135007185,168027.72812511565,103822.47187817925,21.98930039976861,1.0,1.9323670378586123e-13,29.44700663532656,0.8477689121461105,0.7397358324242382,0.2602641675757617,8.827064763911578,7.094099110142066,8.827064763911578,0.8307408499514691,0.8307408499514691,True,ok,96,98,-344.75606720192104,-340.632265404868,52,0.7000000000000001,266.8945484643701,55946.03175384142,135.0,C,inspect
350,360,1120,1.0,10.009165016062344,40.42591388424204,-524.1414453737265,140.5,2.0,504.0,504.0,1.0,-90.0,0.0003501848222157,0.2892707365545147,0.1573106671259087,0.0738264464442673,0.1042371863375334,27.3241073625658,1.0883458646616542,26.66666666666667,24.11049458723757,1120,10.009165016062344,40.42591388424204,-524.1414453737265,0.0,0.0,0.0,504.0,504.0,1.0,-90.0,0.0003501848222157,0.2892707365545147,0.1573106671259087,new_non_BB86,not_matched,not_matched,,,1,,342.87006537570653,342.87006537570653,17.341445373726458,17.341445373726458,new_candidate,table_fits,True,ok,140,142,2,-526.2033462722529,-522.0795444752,1.0,1.0,1.0,45.35108674875477,True,906,0.7949290969520313,450.7320844089842,13.632120125082253,0.7390140845070423,1.380845070422535,0.9253521126760562,12.928224856796987,7,137,144,"0.739,0.750,0.773,0.773,0.806,0.806,0.739",False,1961.000000000004,1094.857142857139,3969,1.0,1.0,6.980006706767279,388888.1663812061,233637.95376183628,155250.21261936985,21.78175056924173,0.0552796250981875,394.0285508549129,388863.30757284776,233604.80868402516,18.981960341597688,1.0,0.1639298081699977,24.43771742911743,0.6854277731682887,0.7310878298029276,0.2689121701970723,11.013426451561772,2.7943345608237524,11.013426451561772,0.8288693286474774,0.8288693286474774,True,ok,140,142,-526.2033462722529,-522.0795444752,53,1.0,504.0,199503.69987356622,90.0,B,keep_for_visual_validation
132,144,294,6.0,9.765478759763434,40.59256813660655,-507.64623818551456,136.5,2.0,360.0,342.0,0.95,65.0,0.0118190268744903,0.498363804336368,0.3378570757243248,0.2489678536051962,0.2819414531349531,14.537848189225116,6.819548872180452,24.0,24.11049458723757,"294,429,477,654,738,987",9.766097634960923,40.59412421888741,-509.708139084041,2.06190089852646,14.766732090131953,8.690093661212078,401.4,376.42,0.95,64.15583281081234,0.0118190268744903,0.498363804336368,0.3378570757243248,new_non_BB86,not_matched,not_matched,,,7,,735.1737358925349,735.1737358925349,50.34623818551455,50.34623818551455,new_candidate,table_fits,True,ok,137,139,2,-513.8319408810939,-509.708139084041,1.0,1.0,1.0,37.553115550285625,True,442,0.928526178767693,339.84826810448953,7.68085349475985,0.7183098591549295,1.1323943661971831,0.9667605633802816,15.58530277728716,7,134,141,"0.706,0.739,0.929,0.962,0.884,0.895,0.817",False,2149.999999999998,1268.000000000006,1925,1.0,1.0,6.980006706767279,178344.4999922589,79228.02671574544,99116.47327651348,24.22197334871116,0.076934304787231,314.8396988274512,178321.81194851873,79197.77599075854,21.615393927566767,1.0,0.234814889097523,26.59423050793479,0.7485202863897953,0.8222434048678653,0.1777565951321347,4.162456051496542,8.742051554968839,8.742051554968839,0.8273178114466498,0.8273178114466498,True,ok,137,139,-513.8319408810939,-509.708139084041,54,0.95,350.8845964131227,96698.22187749384,65.0,B,keep_for_visual_validation
189,200,419,4.0,10.703550995437864,40.95891362240467,-355.0655716945535,99.5,2.0,382.8,382.8,1.0,-45.0,0.0068001099675702,0.4566839112781614,0.300196690537204,0.2054976726534741,0.2413722930081041,10.36975630533869,5.656015037593985,24.0,24.11049458723757,"419,683,713,1171",10.703091854424102,40.96110121780135,-355.0655716945535,1.7856585582099236,22.561329745273767,7.009654160834838,427.5,427.5,1.0,-80.782525588539,0.0068001099675702,0.4566839112781614,0.300196690537204,new_non_BB86,not_matched,not_matched,,,40,,102.54303392711942,102.54303392711942,11.53442830544651,11.53442830544651,new_candidate,table_fits,True,ok,99,101,2,-357.12747259308003,-353.003670796027,1.0,1.0,1.0,42.440785406458666,True,453,0.96205609077709,416.6327237075766,8.294577866011847,0.6769014084507041,1.070281690140845,1.0288732394366198,16.698289999353577,7,96,103,"0.706,0.706,0.784,0.884,0.884,0.784,0.728",False,1417.428571428572,1641.0000000000196,2280,1.0,1.0,6.672854781212783,404679.5901115025,215337.7094123209,189341.8806991816,22.380994083447757,0.051433628293725,435.14320933447095,404656.3943193367,215306.7816894331,27.05429667913512,1.0,0.1606608168207826,32.03853568068195,0.7898023420179674,0.7963586267767081,0.2036413732232918,12.192796684961428,8.691818553707998,12.192796684961428,0.8270281328160873,0.8270281328160873,True,ok,99,101,-357.12747259308003,-353.003670796027,55,1.0,382.8,115088.97960790235,135.0,B,keep_for_visual_validation
255,270,705,4.0,9.951039699888188,40.36832402410597,-528.2652471707795,141.5,2.0,420.0,399.0,0.95,45.0,0.0023229915899094,0.3871516038199462,0.2360214644195832,0.1412243732907018,0.1800136417571491,24.96665703608925,3.763157894736842,24.0,24.11049458723757,"705,769,844,856",9.953237413311422,40.36740049167816,-532.3890489678325,2.9159682149654307,12.619431810523857,7.492589091518016,420.0,406.125,0.95,-90.0,0.0023229915899094,0.3871516038199462,0.2360214644195832,new_non_BB86,not_matched,not_matched,,,1,,599.2087211198693,599.2087211198693,21.46524717077949,21.46524717077949,new_candidate,table_fits,True,ok,141,143,2,-530.3271480693061,-526.2033462722529,1.0,1.0,1.0,76.50382380119487,True,581,0.9064057510623303,398.6723922326926,10.80526847567911,0.7183098591549295,1.1738028169014083,1.008169014084507,13.417906766852647,7,138,145,"0.773,0.750,0.784,0.895,0.851,0.851,0.918",False,2006.9999999999964,1036.0000000000089,2603,1.0,1.0,6.56941807695744,227150.032003457,116281.87712731856,110868.15487613843,22.197007536262703,0.0666615821169759,332.9805088830926,227126.438743742,116250.41944769856,20.13092279891454,1.0,0.2289581040593068,27.20517721635833,0.7948906283864543,0.8443009838585266,0.1556990161414733,6.380089012770092,10.069327884885144,10.069327884885144,0.8257996940815503,0.8257996940815503,True,ok,141,143,-530.3271480693061,-526.2033462722529,56,0.95,409.3653624819765,131617.0242221444,45.0,,
313,318,906,1.0,9.978828681585837,40.51726984321777,-540.6366525619385,144.5,2.0,420.0,420.0,1.0,-90.0,0.0011615659859791,0.3499040614477711,0.1982948959208767,0.1136060055323026,0.1473608360921132,22.33596680646809,2.288847117794486,24.0,24.11049458723757,906,9.978828681585837,40.51726984321777,-540.6366525619385,0.0,0.0,0.0,420.0,420.0,1.0,-90.0,0.0011615659859791,0.3499040614477711,0.1982948959208767,new_non_BB86,not_matched,not_matched,,,2,,201.89397277287577,201.89397277287577,11.463347438061533,11.463347438061533,new_candidate,table_fits,True,ok,144,146,2,-542.6985534604651,-538.5747516634119,1.0,1.0,1.0,29.92060063097751,True,640,0.861818176773729,368.4614854440479,12.21869430038068,0.7390140845070423,1.256619718309859,0.9253521126760562,12.962644368654722,7,141,148,"0.772,0.828,0.851,0.851,0.851,0.851,0.806",False,1983.9999999999925,1189.0000000000114,2749,1.0,1.0,6.467585528177292,189725.650895724,96372.68738964712,93352.96350607688,19.036843591667974,0.062303503307389,305.5501309090952,189701.8939182595,96341.01141969446,17.14090403588489,1.0,0.1763081137955167,20.72100611069172,0.8145531260007256,0.8003181099784046,0.1996818900215954,11.143803080379582,6.37853058596387,11.143803080379582,0.8220790616044844,0.8220790616044844,True,ok,144,146,-542.6985534604651,-538.5747516634119,57,1.0,420.0,138544.23602330987,90.0,,
307,309,873,1.0,10.479711145231931,41.43498540335792,-297.3323465358115,85.5,2.0,432.0,432.0,1.0,-90.0,0.0012750631715704,0.3473036765581369,0.2097438796960659,0.1144960860389092,0.1528770815017356,17.90549972282375,2.446741854636591,24.0,24.11049458723757,873,10.479711145231931,41.43498540335792,-297.3323465358115,0.0,0.0,0.0,432.0,432.0,1.0,-90.0,0.0012750631715704,0.3473036765581369,0.2097438796960659,new_non_BB86,not_matched,not_matched,,,58,,134.05609998295512,134.05609998295512,4.932346535811519,4.932346535811519,new_candidate,table_fits,True,ok,85,87,2,-299.394247434338,-295.27044563728504,1.0,1.0,1.0,52.87566480737441,True,659,0.8060767426318987,414.22072147336166,12.66503929765486,0.7597183098591549,1.3601408450704224,1.008169014084507,15.35589752655414,7,82,89,"0.672,0.672,0.683,0.739,0.862,0.873,0.806",False,1590.1428571428455,2130.8571428571267,2915,1.0,1.0,6.364123762052519,411212.81333373673,289348.7901740202,121864.02315971653,14.35027063178957,0.0411062747778046,349.1017055025865,411188.8804584404,289316.8796736251,20.859676876765523,0.9969230769230768,0.1164110006494586,27.444947025988007,0.8441045756715387,0.7695889722039393,0.2304110277960607,14.43845299962974,11.166599087561826,14.43845299962974,0.8201099861716795,0.8201099861716795,True,ok,85,87,-299.394247434338,-295.27044563728504,58,1.0,432.0,146574.14684588538,90.0,B,keep_for_visual_validation
299,308,865,4.0,10.709499627109084,41.61516614451956,-247.84672497117552,73.5,2.0,420.0,420.0,1.0,-90.0,0.0013023432550302,0.3542107160257747,0.2044337987945255,0.1180251375384714,0.1523830125911965,39.85764051552337,2.644736842105263,24.0,24.11049458723757,"865,901,917,979",10.709685521359738,41.61547861042264,-249.908625869702,2.061900898526474,3.5000640405660643,1.825163776930267,427.5,427.5,1.0,-90.0,0.0013023432550302,0.3542107160257747,0.2044337987945255,new_non_BB86,not_matched,not_matched,,,72,,64.72184709225029,64.72184709225029,29.64672497117553,29.64672497117553,new_candidate,table_fits,True,ok,73,75,2,-249.90862586970204,-245.784824072649,1.0,1.0,1.0,53.76367297885059,True,640,0.8729641043403762,631.6500347567069,11.400395138711351,0.7390140845070423,1.2359154929577465,0.9874647887323944,22.01399321407122,7,70,77,"0.951,0.906,0.817,0.851,0.884,0.840,0.750",False,1413.0000000000011,2315.999999999977,2749,1.0,1.0,6.467585528177292,666213.7080716008,358224.45518957416,307989.2528820266,24.15764885621581,0.0435292615786275,554.9749290504161,666189.9510941362,358192.7792196215,30.86382591068037,1.0,0.2365421564574276,38.50136407115823,0.7445368705278047,0.7826877622029075,0.2173122377970925,17.267209840257806,20.84190939760764,20.84190939760764,0.8201019184026387,0.8201019184026387,True,ok,73,75,-249.90862586970204,-245.784824072649,59,1.0,420.0,138544.23602330987,90.0,B,keep_for_visual_validation
274,281,744,2.0,11.032001829364155,41.88980112457212,-144.7516800448505,48.5,2.0,435.0,304.5,0.7,30.0,0.0020073376737012,0.3783204639708244,0.233915759241381,0.1331518222707651,0.170354655122222,17.47677419732612,3.384711779448622,24.0,24.11049458723757,"744,762",11.029477911677674,41.88883629380995,-146.813580943377,2.0619008985264884,15.207516698417605,7.6037583492088014,435.0,304.5,0.7,30.0,0.0020073376737012,0.3783204639708244,0.233915759241381,new_non_BB86,not_matched,not_matched,,,122,,160.7314212010902,160.7314212010902,4.851680044850497,4.851680044850497,new_candidate,table_fits,True,ok,49,51,2,-150.93738274043,-146.813580943377,1.0,1.0,1.0,65.76736590155573,True,449,0.8841157458821696,339.5799742096337,12.66503929765486,0.8011267605633803,1.2152112676056337,1.0909859154929578,14.879685123837804,7,46,53,"0.683,0.706,0.795,0.895,0.828,0.761,0.695",False,1166.1428571428555,2598.999999999998,2067,1.0,1.0,7.1853010216722,215331.4980364396,156887.42533516392,58444.0727012757,12.752144421232703,0.052745404215917,241.7678774255079,215308.59647576057,156856.8899209252,17.76029174151326,0.961206896551724,0.2307282129317282,25.202092826644098,0.7161218678113216,0.8123859589716588,0.1876140410283412,4.098345863562806,-3.188697509706611,4.098345863562806,0.818334703069815,0.818334703069815,True,ok,49,51,-150.93738274043,-146.813580943377,60,0.7,363.9471115423229,104031.8772282175,30.0,C,inspect
144,143,293,3.0,11.41391868470444,41.70871988887521,-148.87548184190348,49.5,2.0,319.0,303.05,0.95,-55.0,0.0118889860388665,0.4688547234118128,0.3270098502601497,0.2596730754362739,0.2986199133819598,12.224913212880152,6.559523809523808,24.0,24.11049458723757,"293,462,529",11.41537190918804,41.71107203308602,-148.87548184190348,1.943978809976954,19.501141841269835,8.50054246735686,360.0,360.0,1.0,-79.06889063920289,0.0118889860388665,0.4688547234118128,0.3270098502601497,new_non_BB86,not_matched,not_matched,,,127,,73.0015362249815,73.0015362249815,4.875481841903479,4.875481841903479,new_candidate,table_fits,True,ok,49,51,2,-150.93738274043,-146.813580943377,1.0,1.0,1.0,52.01086693209207,True,343,0.8839637696350231,377.26659336571817,7.866830576957425,0.7597183098591549,1.2152112676056337,1.1738028169014083,18.905554968593066,7,46,53,"0.683,0.695,0.773,0.851,0.940,0.951,0.861",False,872.1428571428564,2414.571428571424,1505,1.0,1.0,7.08339764514741,219732.30220991917,116644.01538350109,103088.28682641806,22.792235470527,0.0709850431504691,321.08504072067154,219710.3525653876,116614.74919079235,24.79233361892215,1.0,0.1952571401317845,31.746583430290507,0.817694712406559,0.7819349365379997,0.2180650634620002,12.945496751823788,4.369523707931867,12.945496751823788,0.8154588300186316,0.8154588300186316,True,ok,49,51,-150.93738274043,-146.813580943377,61,0.9500000000000001,310.92273959940593,75926.75738021336,125.0,C,inspect
4,9,25,1.0,11.02269691385971,41.823713343714594,-152.9992836389565,50.5,2.0,220.0,198.0,0.9,-45.0,0.1075810081930058,0.6579979976406096,0.6397554860040884,0.5055318348488177,0.5055318348488177,14.917275333772489,9.079573934837091,24.0,24.11049458723757,25,11.02269691385971,41.823713343714594,-152.9992836389565,0.0,0.0,0.0,220.0,198.0,0.9,-45.0,0.1075810081930058,0.6579979976406096,0.6397554860040884,new_non_BB86,not_matched,not_matched,,,118,,111.00794910148814,111.00794910148814,25.49928363895652,25.49928363895652,new_candidate,table_fits,True,ok,51,53,2,-159.18498633453598,-155.061184537483,1.0,1.0,1.0,65.99205288638332,True,157,0.8133602593550425,143.0355661670909,2.6594722754253235,0.7804225352112675,1.2980281690140845,0.6147887323943662,10.38837476963892,7,48,55,"0.671,0.717,0.925,0.858,0.750,0.706,0.672",False,1172.9999999999995,2531.000000000001,679,1.0,1.0,4.509470827139845,56528.6625839798,38683.54180729227,17845.12077668753,12.376161543093875,0.092628982262594,133.61003479460325,56509.100720597125,38657.45932278204,15.409234274089702,1.0,0.1125072965148457,19.223657657555783,0.5896961631379469,0.7384857604458868,0.2615142395541133,-4.866412098306606,-6.945717492456608,-4.866412098306606,0.8110531578258251,0.8110531578258251,True,ok,51,53,-159.18498633453598,-155.061184537483,62,0.9,208.71032557111303,34211.94399759285,135.0,C,inspect_or_reject
154,160,329,2.0,10.522961875609816,40.80226961620213,-408.67499505624255,112.5,2.0,319.0,287.1,0.9,25.0,0.0100747820357226,0.4543895442918684,0.3649810044050491,0.2333170708761625,0.2603697655693531,12.058627635325417,6.367167919799498,24.0,24.11049458723757,"329,464",10.522959674276684,40.803172422272695,-408.67499505624255,0.0,6.500214779993146,3.250107389996573,339.5,287.55,0.8500000000000001,17.5,0.0100747820357226,0.4543895442918684,0.3649810044050491,new_non_BB86,not_matched,not_matched,,,33,,194.94358686491665,194.94358686491665,13.174995056242553,13.174995056242553,new_candidate,table_fits,True,ok,113,115,2,-414.860697751822,-410.736895954769,1.0,1.0,1.0,46.69671169147082,True,332,0.8265305541858226,269.8280977911928,5.374737675509919,0.7804225352112675,1.318732394366197,0.946056338028169,14.259492431246295,7,110,117,"0.735,0.750,0.839,0.838,0.828,0.739,0.714",False,1557.999999999999,1479.9999999999989,1427,1.0,1.0,7.390595336577119,208340.2959948752,143102.45886566932,65237.83712920587,19.079581282326732,0.074695577177254,255.43120494337336,208318.5060060228,143073.40554719942,20.59022888509317,1.0,0.2404987293232781,26.01452479052371,0.6273041400649341,0.7035613128240296,0.2964386871759704,0.708592938607018,3.6959631213182274,3.6959631213182274,0.8105898468609327,0.8105898468609327,True,ok,113,115,-414.860697751822,-410.736895954769,63,0.9,302.6299720781139,71930.61225493897,25.0,C,inspect
224,235,580,2.0,11.16442256219235,41.40903479589392,-218.98011239180448,66.5,2.0,360.0,324.0,0.9,-45.0,0.0037692702982068,0.3961166180698577,0.2892315368895291,0.1647678754890244,0.1996714779224229,19.82217770221809,4.535714285714286,24.0,24.11049458723757,"580,605",11.16516329951972,41.40903172358468,-218.98011239180448,0.0,4.000079081598816,2.000039540799408,371.4,315.12,0.8500000000000001,-45.0,0.0037692702982068,0.3961166180698577,0.2892315368895291,new_non_BB86,not_matched,not_matched,,,77,,79.8848495313177,79.8848495313177,7.519887608195518,7.519887608195518,new_candidate,table_fits,True,ok,66,68,2,-221.042013290331,-216.918211493278,1.0,1.0,1.0,74.79607076944788,True,414,0.8055152646605941,364.4192100032371,6.564991001574399,0.7597183098591549,1.3601408450704224,0.9046478873239436,14.272614014513042,7,63,70,"0.683,0.683,0.695,0.783,0.806,0.828,0.873",False,1061.999999999994,2104.9999999999995,1823,1.0,1.0,6.980006706767279,273152.771979972,172927.1145387313,100225.65744124074,20.19963408039071,0.063802512123669,316.5962186761167,273130.247263648,172897.08158363256,22.106308089722777,1.0,0.1600648917581958,30.379120539589675,0.8078316381207559,0.7208521385495282,0.2791478614504717,8.46007476603648,12.127551483201298,12.127551483201298,0.8101847627884279,0.8101847627884279,True,ok,66,68,-221.042013290331,-216.918211493278,64,0.9,341.525987298185,91608.84177867837,135.0,B,keep_for_visual_validation
204,208,456,2.0,10.37452773632345,41.1926663521996,-383.93218427392446,106.5,2.0,360.0,342.0,0.95,-90.0,0.0058505335006088,0.433727049604461,0.2862355413029586,0.1984139652126794,0.2375106935701779,15.587957742460633,5.37719298245614,24.0,24.11049458723757,"456,896",10.37462890178779,41.1907916103456,-383.93218427392446,0.0,13.509265928967023,6.754632964483512,390.0,381.0,0.975,-90.0,0.0058505335006088,0.433727049604461,0.2862355413029586,new_non_BB86,not_matched,not_matched,,,42,,95.10199699775796,95.10199699775796,19.76781572607553,19.76781572607553,new_candidate,table_fits,True,ok,106,108,2,-385.994085172451,-381.870283375398,1.0,1.0,1.0,37.46921194708103,True,439,0.906321107480306,314.9558368281053,8.368968698890878,0.7390140845070423,1.1738028169014083,1.070281690140845,13.895945810041283,7,103,110,"0.817,0.862,0.839,0.884,0.917,0.773,0.695",False,1672.1428571428626,1881.857142857144,1919,1.0,1.0,1.8871450287081009,158720.57722524207,88843.63658368129,69876.94064156078,13.112743764081628,0.0496024517106038,264.356766890989,158697.89854675406,88813.39834569726,18.73003131947558,1.0,0.2812741675452199,24.0299178583991,0.8481799626202444,0.8428027575879066,0.1571972424120934,12.478846152362324,9.549607484174786,12.478846152362324,0.8077839460416191,0.8077839460416191,True,ok,106,108,-385.994085172451,-381.870283375398,65,0.95,350.8845964131227,96698.22187749384,90.0,C,inspect
128,125,255,1.0,10.476044552249954,41.30761714685362,-342.6941663033945,96.5,2.0,319.0,223.3,0.7,45.0,0.0136493416126885,0.4908004189191226,0.3709171706862809,0.2610945918007302,0.2871653025706649,9.418196447858271,6.921052631578948,24.0,24.11049458723757,255,10.476044552249954,41.30761714685362,-342.6941663033945,0.0,0.0,0.0,319.0,223.3,0.7,45.0,0.0136493416126885,0.4908004189191226,0.3709171706862809,new_non_BB86,not_matched,not_matched,,,49,,93.29890886362864,93.29890886362864,11.605833696605488,11.605833696605488,new_candidate,table_fits,True,ok,96,98,2,-344.75606720192104,-340.632265404868,1.0,1.0,1.0,54.16273690807832,True,258,0.9115616639196072,215.5369243177884,4.184484349445439,0.6976056338028169,1.1530985915492955,0.9667605633802816,11.59807457913681,7,93,100,"0.680,0.694,0.716,0.810,0.847,0.739,0.695",False,1593.2857142857142,1999.8571428571413,1116,1.0,1.0,2.402908349338864,62521.82141137348,30229.79403753189,32292.02737384159,10.427794719755276,0.0580226597809338,179.71935032150714,62500.76889294465,30201.724012960127,15.914670298849437,1.0,0.1581023893436403,22.34711613862028,0.8248978469310784,0.8439982793445724,0.1560017206554276,1.933339464377056,-3.5684272508187527,1.933339464377056,0.8069755983121737,0.8069755983121737,True,ok,96,98,-344.75606720192104,-340.632265404868,66,0.7000000000000001,266.8945484643701,55946.03175384142,45.0,C,inspect_or_reject
291,300,832,1.0,11.125401971321656,41.38974507036187,-247.84672497117552,73.5,2.0,420.0,420.0,1.0,-90.0,0.0015030693826752,0.3621291236424299,0.2071766788353366,0.1243893720357572,0.1610613861977207,24.65684907502773,2.882832080200501,24.0,24.11049458723757,832,11.125401971321656,41.38974507036187,-247.84672497117552,0.0,0.0,0.0,420.0,420.0,1.0,-90.0,0.0015030693826752,0.3621291236424299,0.2071766788353366,new_non_BB86,not_matched,not_matched,,,71,,145.1305533310479,145.1305533310479,0.7467249711755244,0.7467249711755244,new_candidate,table_fits,True,ok,73,75,2,-249.90862586970204,-245.784824072649,1.0,1.0,1.0,47.4480491784339,True,640,0.884115543133608,384.8828052566076,12.5162576318968,0.7390140845070423,1.2152112676056337,0.9874647887323944,13.01827886071113,7,70,77,"0.683,0.683,0.683,0.773,0.906,0.929,0.906",False,1092.0000000000189,2084.999999999996,2749,1.0,1.0,6.467585528177292,232357.39430837697,136100.18788008095,96257.20642829602,15.587422672578947,0.050238865263976,310.26621701497635,232333.6373309125,136068.5119101283,18.537073213511505,0.973421926910299,0.3250960986619596,27.368118442278107,0.7911764752822332,0.825264383053708,0.174735616946292,20.40914741911088,12.773233566409566,20.40914741911088,0.8056704536380161,0.8056704536380161,True,ok,73,75,-249.90862586970204,-245.784824072649,67,1.0,420.0,138544.23602330987,90.0,B,keep_for_visual_validation
223,229,570,3.0,10.79926629277091,41.00469213837174,-342.6941663033945,96.5,2.0,360.0,360.0,1.0,-90.0,0.0039826087821114,0.40748089870016,0.2715850309584083,0.1719575606533161,0.2092826794407996,17.23807162297577,4.56390977443609,24.0,24.11049458723757,"570,659,852",10.798840025203782,41.006544400465366,-342.6941663033945,1.943978809976954,17.414250026260646,9.92473374790154,360.0,360.0,1.0,-76.717474411461,0.0039826087821114,0.40748089870016,0.2715850309584083,new_non_BB86,not_matched,not_matched,,,46,,183.21162135336905,183.21162135336905,11.605833696605488,11.605833696605488,new_candidate,table_fits,True,ok,96,98,2,-344.75606720192104,-340.632265404868,1.0,1.0,1.0,61.57792265334493,True,466,0.8617680294325724,364.7373409935774,8.94549765370336,0.7597183098591549,1.256619718309859,1.070281690140845,14.86056095445546,7,93,100,"0.773,0.750,0.750,0.795,0.873,0.918,0.860",False,1343.1428571428592,1688.1428571428664,2024,1.0,1.0,6.77471239186236,232540.15920802776,135088.2480899414,97451.91111808635,16.643851959624513,0.05331405324969,312.1850796388524,232517.32071493653,135057.79676581977,20.168745087800424,1.0,0.1330448227821228,27.000153708531226,0.8155604868058959,0.7651549968549121,0.2348450031450879,0.5473347644272994,2.9251603756475992,2.9251603756475992,0.8047481518648387,0.8047481518648387,True,ok,96,98,-344.75606720192104,-340.632265404868,68,1.0,360.0,101787.6019763093,90.0,C,inspect
340,344,1055,1.0,10.97143092911559,41.77954297326665,-165.3706890301155,53.5,2.0,504.0,504.0,1.0,-90.0,0.000527908747222,0.2975369621068734,0.1732019036558595,0.0842313236614002,0.121616260967999,24.517614792739938,1.3151629072681703,26.66666666666667,24.11049458723757,1055,10.97143092911559,41.77954297326665,-165.3706890301155,0.0,0.0,0.0,504.0,504.0,1.0,-90.0,0.000527908747222,0.2975369621068734,0.1732019036558595,new_non_BB86,not_matched,not_matched,,,108,,70.31511127756809,70.31511127756809,28.1293109698845,28.1293109698845,new_candidate,table_fits,True,ok,53,55,2,-167.43258992864202,-163.308788131589,1.0,1.0,1.0,48.942142169542485,True,732,0.750335615320465,313.7097559602609,14.301637620993525,0.8425352112676057,1.4636619718309858,0.8425352112676057,8.846467468142938,7,50,57,"0.695,0.683,0.706,0.739,0.784,0.750,0.695",False,1212.1428571428555,2485.4285714285825,3963,1.0,1.0,3.585311074139249,1325451.6846858414,1165645.883037161,159805.80164868035,15.206720732950284,0.0380389081000928,399.7675404597943,1325426.830416062,1165612.7440107884,19.4674242130544,1.0,0.3609264213500202,26.56702668157909,0.5371436738149101,0.6172124040515911,0.3827875959484089,1.34827918688779,7.558860530732459,7.558860530732459,0.8003017105859824,0.8003017105859824,True,ok,53,55,-167.43258992864202,-163.308788131589,69,1.0,504.0,199503.69987356622,90.0,C,inspect
240,247,633,2.0,10.778631369429196,40.85970818217148,-379.80838247687154,105.5,2.0,360.0,342.0,0.95,-90.0,0.0029688124750663,0.3921594181658854,0.2508930637473069,0.1569261955121446,0.192280842298839,19.25150990772057,4.131578947368421,24.0,24.11049458723757,"633,970",10.77862930350297,40.85824981219644,-379.80838247687154,0.0,10.500269847084526,5.250134923542263,390.0,370.5,0.95,-67.5,0.0029688124750663,0.3921594181658854,0.2508930637473069,new_non_BB86,not_matched,not_matched,,,36,,385.53569939385295,385.53569939385295,0.8083824768715431,0.8083824768715431,new_candidate,table_fits,True,ok,106,108,2,-385.994085172451,-381.870283375398,1.0,1.0,1.0,32.64940744834736,True,444,0.8506636058835655,318.7502371798672,10.80526847567911,0.8218309859154929,1.2773239436619717,1.1323943661971831,15.092068268002311,7,103,110,"0.718,0.750,0.895,0.851,0.873,0.769,0.683",False,1358.9999999999989,1538.999999999982,1919,1.0,1.0,3.262177696325081,229222.87002792596,157346.4401132498,71876.42991467615,14.584433245172615,0.0543968148821698,268.1118973006834,229200.19134943796,157316.20187526575,18.629069313920148,1.0,0.3252288722437013,21.796685346227,0.8272391650248212,0.7491906267790495,0.2508093732209505,2.1839415473128945,1.545962561300375,2.1839415473128945,0.7669969484643346,0.7669969484643346,True,ok,106,108,-385.994085172451,-381.870283375398,70,0.95,350.8845964131227,96698.22187749384,90.0,C,inspect_or_reject
364,372,1192,1.0,10.33016163408334,41.30740067351435,-322.0751573181295,91.5,2.0,504.0,478.8,0.95,-90.0,0.0001767881511649,0.24299065276063,0.1295429516361138,0.0619683080417792,0.0906317069602307,26.01953637857656,0.6027568922305764,26.66666666666667,24.11049458723757,1192,10.33016163408334,41.30740067351435,-322.0751573181295,0.0,0.0,0.0,504.0,478.8,0.95,-90.0,0.0001767881511649,0.24299065276063,0.1295429516361138,new_non_BB86,not_matched,not_matched,,,47,,137.28256566391144,137.28256566391144,9.075157318129529,9.075157318129529,new_candidate,table_fits,True,ok,92,94,2,-328.260860013709,-324.137058216656,1.0,1.0,1.0,72.43151082777591,True,866,0.7726327193932829,535.0202758508383,54.844641540064885,0.8632394366197182,1.4222535211267604,0.7597183098591549,16.388598330308923,7,89,96,"0.706,0.695,0.717,0.750,0.761,0.761,0.828",False,1705.999999999996,1999.9999999999864,3761,1.0,1.0,7.1853010216722,822139.9634398975,697403.0696258792,124736.89381401836,12.185971219887085,0.0345023244350225,353.1927607612826,822115.2661194222,697370.1398652453,19.16528564756131,0.9647058823529412,0.6142793226167591,30.14679783839003,0.6840264708747389,0.7340002542333296,0.2659997457666703,4.617410716638905,7.306646063515111,7.306646063515111,0.7614549167952239,0.7614549167952239,True,ok,92,94,-328.260860013709,-324.137058216656,71,0.9500000000000001,491.2384349783718,189528.51487988792,90.0,C,inspect
354,361,1138,1.0,10.96487154397703,41.77025296297742,-169.4944908271685,54.5,2.0,504.0,504.0,1.0,-90.0,0.000311127627886,0.2877747284749933,0.1453954233630665,0.0721734373802055,0.1030286000877845,25.07673068750464,0.9774436090225564,26.66666666666667,24.11049458723757,1138,10.96487154397703,41.77025296297742,-169.4944908271685,0.0,0.0,0.0,504.0,504.0,1.0,-90.0,0.000311127627886,0.2877747284749933,0.1453954233630665,new_non_BB86,not_matched,not_matched,,,108,,92.6342675531965,92.6342675531965,24.00550917283149,24.00550917283149,new_candidate,table_fits,True,ok,54,56,2,-171.556391725695,-167.43258992864202,1.0,1.0,1.0,52.650926502620194,True,880,0.806077885157175,457.99411575691136,15.008350533344307,0.7597183098591549,1.3601408450704224,1.0288732394366198,14.227820339708195,7,51,58,"0.706,0.683,0.706,0.795,0.817,0.717,0.672",False,1217.1428571428578,2475.857142857133,3960,1.0,1.0,3.785440126190792,755078.0762395653,567657.22719213,187420.8490474352,16.42620024734628,0.0379418554124247,432.9308640496068,755053.2242416525,567624.091194913,21.34035811006848,1.0,0.3535270758584337,28.442873525648828,0.7153639943409155,0.717423023612769,0.2825769763872309,-2.557054755572892,-4.294759668783776,-2.557054755572892,0.755273545287454,0.755273545287454,True,ok,54,56,-171.556391725695,-167.43258992864202,72,1.0,504.0,199503.69987356622,90.0,C,inspect_or_reject
