source_candidate_id,dassa_core_class,v11_refit_priority,dassa_core_score,hole_recovered,hole_peak_sigma,hole_peak_run_channels,hole_largest_component_pixels,hole_peak_r_ell,anti_recovered,anti_peak_sigma,trial_velocity_offset_channels,trial_channel_center,trial_channel_lo,trial_channel_hi_exclusive,trial_v_center_kms,trial_nch,initial_RA_deg,initial_Dec_deg,initial_x_pix,initial_y_pix,initial_v_center_kms,initial_channel_center,initial_Maj_pc,initial_Min_pc,initial_q_b_over_a,initial_PA_astro_deg,initial_PA_image_deg,pixscale_arcsec,beam_bmaj_arcsec,beam_bmin_arcsec,beam_geom_arcsec,beam_area_pix,pa_refit_skipped_circular,RA_deg,Dec_deg,x_pix,y_pix,Maj_pc,Min_pc,q_b_over_a,axis_ratio_a_over_b,PA_astro_deg,PA_image_deg,a_pix,b_pix,lite_bg_mean,lite_full_mean,lite_core_deficit,lite_mid_deficit,lite_full_deficit,lite_core_deficit_err,lite_mid_deficit_err,lite_full_deficit_err,lite_core_deficit_sn,lite_mid_deficit_sn,lite_full_deficit_sn,lite_core_fraction,lite_mid_fraction,lite_growth_monotonic,lite_2dcg_score,lite_n_pix_core,lite_n_pix_mid,lite_n_pix_full,lite_n_pix_bg,lite_nbeam_full,lite_nbeam_bg,center_mean,center_err,ring_mean,ring_err,delta_I,delta_I_err,delta_I_sn,contrast_rel,n_pix_center,n_pix_ring,nbeam_center,nbeam_ring,merit,refit_dx_arcsec,refit_dy_arcsec,refit_dr_arcsec,refit_dpa_deg,refit_major_factor,refit_history,cg2d_q_trial,cg2d_q_prior,cg2d_reference_level,cg2d_bg_success,cg2d_bg_n_fit,cg2d_total_deficit,cg2d_break_deficit,cg2d_break_deficit_err,cg2d_break_deficit_sn,cg2d_break_scale,cg2d_semi_major_arcsec,cg2d_semi_minor_arcsec,cg2d_detection_score,cg2d_r50_deficit_arcsec,cg2d_r80_deficit_arcsec,cg2d_r_break_deficit_arcsec,cg2d_r_plateau_deficit_arcsec,cg2d_beam_fraction_deficit,cg2d_break_fraction_deficit,cg2d_r50_beams,cg2d_r80_beams,cg2d_growth_score,cg2d_growth_locality_score,cg2d_local_break_valid,cg2d_local_break_reason,cg2d_local_rmax_arcsec,cg2d_local_edge_limit_arcsec,cg2d_n_q_tested,final_RA_deg,final_Dec_deg,final_x_pix,final_y_pix,final_v_center_kms,final_channel_center,final_Maj_pc,final_Min_pc,final_q_b_over_a,final_PA_astro_deg,passes_2dcg_v11,joint_2dcg_score_v11,major_factor_v11,candidate_id_v11,source_merge_dir,plot_class,log10_break_deficit_sn,hole_minus_anti_sigma,hole_to_anti_sigma_ratio
1,core_confirmed,high,1.0,True,36.18866633714045,5,948,0.6356879445673251,False,15.754708085056867,0,73,73,75,-247.84672497117552,2,10.709499627109084,41.61516614451956,1413.0000000000011,2315.999999999977,-247.84672497117552,73,420.0,420.0,1.0,-90.0,0.0,3.49999999999992,24.11049458723757,24.11049458723757,24.11049458723757,53.77006608468229,True,10.709499627109084,41.61516614451956,1414.619576068083,2317.619576068059,483.0,483.0,1.0,1.0,-90.0,0.0,18.253968253968672,18.253968253968672,28.35045348188735,17.364275106137146,3844.7372174971233,8498.85736173667,11469.570224283212,65.3359577826448,119.44364547690446,191.51446508040664,58.84565479682004,71.15370037311865,59.88879335807745,0.3352119689155484,0.74099178919041,True,44.27136066960444,210.0,544.0,1044.0,891.0,19.41600738142684,16.570558023803937,17.360267071682895,0.1247304605193524,27.9546311578985,0.105158382482956,10.594364086215606,0.1631440259028856,64.93871919356758,0.3789842200519322,1044,1464,19.40413497251919,27.20716620222268,24.610749844745648,5.668516238286413,5.668516238287209,8.016492542717327,0.0,1.15,"[{""iter"":1,""scan"":""position"",""reason"":""plateau_lite_2dcg_score_0.98"",""n_rows"":201},{""iter"":1,""scan"":""size"",""reason"":""plateau_lite_2dcg_score_0.95"",""n_rows"":45},{""iter"":2,""scan"":""position"",""reason"":""plateau_lite_2dcg_score_0.98"",""n_rows"":201},{""iter"":2,""scan"":""size"",""reason"":""plateau_lite_2dcg_score_0.95"",""n_rows"":48},{""iter"":3,""scan"":""position"",""reason"":""plateau_lite_2dcg_score_0.98"",""n_rows"":201},{""iter"":3,""scan"":""size"",""reason"":""plateau_lite_2dcg_score_0.95"",""n_rows"":48}]",1.0,1.0,28.4140317475665,True,838,17809.06442783084,11457.020201723715,2.351439995864435,4872.34214858708,0.969157894736842,61.91842105263157,61.91842105263157,0.2822177368226872,47.57188376331423,87.23878660130922,61.91842105263157,101.64584259629808,0.1576742298231807,0.6433252149854337,1.9730778890158267,3.618291042751457,0.0722136301318831,0.1014358077986604,True,valid,105.41666666666669,96.98333333333336,7,10.707394051500062,41.61674118996672,1414.619576068083,2317.619576068059,-247.84672497117552,73,414.2603982868231,414.2603982868231,1.0,-90.0,True,3.1060891183139376,0.986334281635293,1,RefineV9Candidates2DCG_v11_exclude_source_002_010,accepted,3.687737777988106,20.433958252083578,2.2970064657348312
2,core_confirmed,high,1.0,True,34.15843841908605,5,222,0.112507296516152,False,11.352178081967878,0,151,151,153,-569.5032651413095,2,10.119621597251442,40.65612128656917,1873.000000000009,1330.999999999969,-569.5032651413095,151,220.0,198.0,0.9,-45.0,45.0,3.49999999999992,24.11049458723757,24.11049458723757,24.11049458723757,53.77006608468229,False,10.119621597251442,40.65612128656917,1872.9052903538047,1330.9052903537652,253.0,227.7,0.9,1.1111111111111112,-45.0,45.0,9.561602418745496,8.605442176870946,77.57835981521826,61.50129031757327,1509.4106840129234,3125.1641859955025,4163.960999890052,41.92280340979078,77.87242861562821,126.20252331563157,36.004526444918305,40.13184437101675,32.99427690107287,0.3624939532461468,0.7505267667199623,True,23.94625167772884,50.0,133.0,259.0,224.0,4.816806428917194,4.165886641225681,61.57354252771637,0.3326353816240045,77.51039384875394,0.2781446410852781,15.936851321037564,0.4336020508168813,36.75455706681612,0.205609216128293,259,366,4.814352766223756,6.795994030687106,7.557075667650676,-0.331483761713677,-0.331483761713677,0.4687888315219333,0.0,1.15,"[{""iter"":1,""scan"":""position"",""reason"":""plateau_lite_2dcg_score_0.98"",""n_rows"":196},{""iter"":1,""scan"":""pa"",""reason"":""plateau_lite_2dcg_score_0.98"",""n_rows"":37},{""iter"":1,""scan"":""size"",""reason"":""plateau_lite_2dcg_score_0.95"",""n_rows"":16},{""iter"":2,""scan"":""position"",""reason"":""plateau_lite_2dcg_score_0.98"",""n_rows"":195},{""iter"":2,""scan"":""pa"",""reason"":""plateau_lite_2dcg_score_0.98"",""n_rows"":37},{""iter"":2,""scan"":""size"",""reason"":""plateau_lite_2dcg_score_0.95"",""n_rows"":24},{""iter"":3,""scan"":""position"",""reason"":""plateau_lite_2dcg_score_0.98"",""n_rows"":195},{""iter"":3,""scan"":""pa"",""reason"":""plateau_lite_2dcg_score_0.98"",""n_rows"":37},{""iter"":3,""scan"":""size"",""reason"":""plateau_lite_2dcg_score_0.95"",""n_rows"":24}]",0.9,0.9,77.60327973772435,True,212,5947.719405016512,4383.530230899445,1.6781337078279106,2612.1459872069786,1.0465263157894735,35.022639933166246,31.520375939849625,0.5665208921902956,22.84191111226604,40.35809186320958,35.022639933166246,52.078979446744185,0.5254170202730699,0.7370102609753622,0.9473845934440916,1.6738807126989572,0.3872377352323524,0.3872377352323524,True,valid,55.21825396825397,50.80079365079365,7,10.119743752572916,40.65602980347088,1872.9052903538047,1330.9052903537652,-569.5032651413095,151,234.3162587340044,210.884632860604,0.9000000000000001,-45.0,True,15.213137484676675,1.0650739033363836,1,RefineV9Candidates2DCG_v11_ids002_010,accepted,3.4169974450634886,22.806260337118175,3.0089766186230187
3,core_confirmed,high,1.0,True,30.21747182645641,5,218,0.1672520298180853,False,7.843675967603492,1,69,69,71,-231.3515177829635,2,11.125138666790564,41.35085662100794,1091.99999999999,2045.000000000001,-227.2277159859105,68,220.0,198.0,0.9,-45.0,45.0,3.49999999999992,24.11049458723757,24.11049458723757,24.11049458723757,53.77006608468229,False,11.125138666790564,41.35085662100794,1091.0481474966432,2045.76243321094,253.0,227.7,0.9,1.1111111111111112,-45.0,45.0,9.561602418745496,8.605442176870946,63.21874565431526,51.90432403315127,1118.9075290208652,2212.44511228634,2907.8063566391465,36.86565743047508,67.980084859499,108.88507074369744,30.35094467339996,32.545489121689286,26.70528050152788,0.3847943747925851,0.7608639781788948,True,19.18663292887884,52.0,135.0,257.0,220.0,4.779611012477679,4.091495808346651,51.88395206567509,0.2869501221531969,63.26470355514061,0.2445521926579997,11.380751489465524,0.377022741406364,30.185848861565308,0.1798910110998342,257,358,4.779048933934763,6.650969185082257,5.4301628726137645,-3.3314837617137223,2.6685162382863683,4.268461428730526,0.0,1.15,"[{""iter"":1,""scan"":""position"",""reason"":""plateau_lite_2dcg_score_0.98"",""n_rows"":201},{""iter"":1,""scan"":""pa"",""reason"":""plateau_lite_2dcg_score_0.98"",""n_rows"":37},{""iter"":1,""scan"":""size"",""reason"":""plateau_lite_2dcg_score_0.95"",""n_rows"":16},{""iter"":2,""scan"":""position"",""reason"":""plateau_lite_2dcg_score_0.98"",""n_rows"":201},{""iter"":2,""scan"":""pa"",""reason"":""plateau_lite_2dcg_score_0.98"",""n_rows"":37},{""iter"":2,""scan"":""size"",""reason"":""plateau_lite_2dcg_score_0.95"",""n_rows"":23},{""iter"":3,""scan"":""position"",""reason"":""plateau_lite_2dcg_score_0.98"",""n_rows"":201},{""iter"":3,""scan"":""pa"",""reason"":""plateau_lite_2dcg_score_0.98"",""n_rows"":37},{""iter"":3,""scan"":""size"",""reason"":""plateau_lite_2dcg_score_0.95"",""n_rows"":23}]",0.9,0.9,63.13386076644785,True,208,3784.256472124445,2847.5296099248626,1.3113276967051788,2171.4859047662308,0.9536842105263156,31.9156223893066,28.72406015037594,0.60920295481266,21.44694669773984,35.422057158546565,31.9156223893066,50.80257296740293,0.5890797285251084,0.752467395088126,0.8895274470683139,1.4691551444696016,0.4432632888225087,0.4432632888225087,True,valid,55.21825396825397,50.80079365079365,7,11.126376467869845,41.351593168866685,1091.0481474966432,2045.76243321094,-231.3515177829635,69,213.52899860491647,192.17609874442488,0.9,-45.0,True,16.72301527555063,0.9705863572950753,2,RefineV9Candidates2DCG_v11_ids002_010,accepted,3.336757014678163,22.37379585885292,3.8524630480992283
4,core_confirmed,high,1.0,True,28.342240987509264,5,215,1.1910941263166386e-13,False,9.977929213678989,-1,50,50,52,-152.9992836389565,2,11.02269691385971,41.823713343714594,1172.9999999999995,2531.000000000001,-152.9992836389565,51,220.0,198.0,0.9,-45.0,45.0,3.49999999999992,24.11049458723757,24.11049458723757,24.11049458723757,53.77006608468229,False,11.02269691385971,41.823713343714594,1172.9052903537956,2530.9052903537977,220.0,198.0,0.9,1.1111111111111112,-50.0,40.0,8.314436885865648,7.482993197279083,46.75838707098691,36.53460258944169,667.2712663956743,1398.8130670881155,1962.966620456683,29.426551571700703,54.00464392352556,85.08579189708284,22.67582270963017,25.90171817573568,23.070439572696543,0.3399300117698558,0.7126015554776385,True,15.99571033584933,39.0,102.0,192.0,175.0,3.570759978193441,3.254598938457564,36.51859538413879,0.3071041713218661,46.75648575373178,0.2559472025059007,10.23789036959299,0.3997773661850889,25.60897948597983,0.2189619301911686,192,271,3.565981955914584,5.028320270362709,5.607391578476185,-0.331483761713677,-0.3314837617112895,0.4687888315202451,5.0,1.0,"[{""iter"":1,""scan"":""position"",""reason"":""plateau_lite_2dcg_score_0.98"",""n_rows"":187},{""iter"":1,""scan"":""pa"",""reason"":""plateau_lite_2dcg_score_0.98"",""n_rows"":37},{""iter"":1,""scan"":""size"",""reason"":""plateau_lite_2dcg_score_0.95"",""n_rows"":16},{""iter"":2,""scan"":""position"",""reason"":""plateau_lite_2dcg_score_0.98"",""n_rows"":168},{""iter"":2,""scan"":""pa"",""reason"":""plateau_lite_2dcg_score_0.98"",""n_rows"":19},{""iter"":2,""scan"":""size"",""reason"":""plateau_lite_2dcg_score_0.95"",""n_rows"":17},{""iter"":3,""scan"":""position"",""reason"":""plateau_lite_2dcg_score_0.98"",""n_rows"":150},{""iter"":3,""scan"":""pa"",""reason"":""plateau_lite_2dcg_score_0.98"",""n_rows"":19},{""iter"":3,""scan"":""size"",""reason"":""plateau_lite_2dcg_score_0.95"",""n_rows"":17}]",0.9,0.9,46.33027846843247,True,153,2628.245801748571,2060.839890785768,1.1680360700332064,1764.363227864341,1.0465263157894735,30.454469507101088,27.409022556390976,0.654669930422169,19.52541201529616,31.561606632681592,30.454469507101088,44.397792541705776,0.6397179009091077,0.7841123114948729,0.8098304223768003,1.309040199008946,0.5016106819864885,0.5016106819864885,True,valid,48.01587301587302,44.17460317460318,7,11.022819990529722,41.82362090301199,1172.9052903537956,2530.9052903537977,-152.9992836389565,50,203.7532684643517,183.3779416179165,0.8999999999999998,-50.0,True,17.59158196922742,0.9261512202925076,3,RefineV9Candidates2DCG_v11_ids002_010,accepted,3.2465879978129992,18.364311773830273,2.8404932907976725
5,core_confirmed,high,1.0,True,23.81316175607399,5,375,0.1563243421214476,False,18.45788414303379,-2,56,56,58,-177.74209442127452,2,10.899635355528726,41.75302976930056,1267.1428571428655,2457.9999999999845,-185.9896980153805,58,319.0,287.1,0.9,45.0,-45.0,3.49999999999992,24.11049458723757,24.11049458723757,24.11049458723757,53.77006608468229,False,10.899635355528726,41.75302976930056,1264.4767189252332,2461.333861782353,319.0,255.2,0.8,1.25,45.0,-45.0,12.055933484505193,9.644746787604154,37.78741210348445,32.13267574142728,760.8588957116308,1559.287710752522,2075.2882448749806,40.50296495471853,73.4516243472118,117.97047461608778,18.78526415442068,21.22877097151238,17.591590197705035,0.3666280564112512,0.7513595832305485,True,12.71596380163206,75.0,191.0,367.0,311.0,6.8253589166510045,5.783887256344585,32.09305438072883,0.21879950810399,37.52760945883988,0.182801552621603,5.434555078111053,0.2851133676056188,19.061032191336487,0.1448148484936577,367,513,6.820549162319788,9.522775198600383,2.760320488921125,-9.331483761713017,11.668516238288891,14.940912301406671,0.0,1.0,"[{""iter"":1,""scan"":""position"",""reason"":""plateau_lite_2dcg_score_0.98"",""n_rows"":164},{""iter"":1,""scan"":""pa"",""reason"":""plateau_lite_2dcg_score_0.98"",""n_rows"":37},{""iter"":1,""scan"":""size"",""reason"":""plateau_lite_2dcg_score_0.95"",""n_rows"":33},{""iter"":2,""scan"":""position"",""reason"":""plateau_lite_2dcg_score_0.98"",""n_rows"":201},{""iter"":2,""scan"":""pa"",""reason"":""plateau_lite_2dcg_score_0.98"",""n_rows"":37},{""iter"":2,""scan"":""size"",""reason"":""plateau_lite_2dcg_score_0.95"",""n_rows"":33},{""iter"":3,""scan"":""position"",""reason"":""plateau_lite_2dcg_score_0.98"",""n_rows"":201},{""iter"":3,""scan"":""pa"",""reason"":""plateau_lite_2dcg_score_0.98"",""n_rows"":37},{""iter"":3,""scan"":""size"",""reason"":""plateau_lite_2dcg_score_0.95"",""n_rows"":33}]",0.8,0.8,37.787240152887655,True,285,2879.9020875739825,2088.004182843318,1.4735935137601883,1416.9471861445222,0.9846315789473684,41.54728487886383,33.237827903091066,0.4819061705809022,28.91282703460689,51.35503029425928,41.54728487886383,67.10511049973493,0.3834382304185466,0.7250261013568847,1.199180171522128,2.129986596021264,0.2538673408498588,0.2780027253115417,True,valid,69.62301587301589,64.05317460317463,7,10.90312091726961,41.756264666798025,1264.4767189252332,2461.333861782353,-177.74209442127452,56,277.968890179294,222.37511214343525,0.8000000000000002,45.0,True,6.9556021095642855,0.8713758312830534,4,RefineV9Candidates2DCG_v11_ids002_010,accepted,3.1513536630961143,5.355277613040197,1.2901349673419278
6,core_confirmed,high,1.0,True,23.380146066722588,5,220,0.2511554402300361,False,9.291367443629351,-2,61,61,63,-198.36110340653948,2,11.147833185691272,41.41993583097582,1074.85714285716,2116.142857142848,-206.6087070006455,63,264.0,184.8,0.7,-45.0,45.0,3.49999999999992,24.11049458723757,24.11049458723757,24.11049458723757,53.77006608468229,False,11.147833185691272,41.41993583097582,1073.9052903538131,2119.476718925216,264.0,184.8,0.7,1.4285714285714286,-50.0,40.0,9.977324263038778,6.984126984127144,46.94745081684128,36.92058799481153,712.3844350363318,1578.2157816713338,2165.802369558427,34.99929465244007,65.81188141752983,103.36911463936585,20.35425119593563,23.980712109697503,20.95212266366485,0.3289240260557918,0.7286979660997911,True,15.246608756257128,43.0,116.0,216.0,186.0,4.017104975467621,3.4591737288748963,36.94241953443949,0.3269522205411095,47.4565567770838,0.2710281611981849,10.51413724264431,0.4246810787864602,24.75772472060397,0.221552888719509,216,307,4.016308188104685,5.704045896080024,5.485145429972211,-3.3314837617137223,11.668516238288891,12.134786988562006,5.0,1.0,"[{""iter"":1,""scan"":""position"",""reason"":""plateau_lite_2dcg_score_0.98"",""n_rows"":158},{""iter"":1,""scan"":""pa"",""reason"":""plateau_lite_2dcg_score_0.98"",""n_rows"":37},{""iter"":1,""scan"":""size"",""reason"":""plateau_lite_2dcg_score_0.95"",""n_rows"":25},{""iter"":2,""scan"":""position"",""reason"":""plateau_lite_2dcg_score_0.98"",""n_rows"":200},{""iter"":2,""scan"":""pa"",""reason"":""plateau_lite_2dcg_score_0.98"",""n_rows"":37},{""iter"":2,""scan"":""size"",""reason"":""plateau_lite_2dcg_score_0.95"",""n_rows"":25},{""iter"":3,""scan"":""position"",""reason"":""plateau_lite_2dcg_score_0.98"",""n_rows"":200},{""iter"":3,""scan"":""pa"",""reason"":""plateau_lite_2dcg_score_0.98"",""n_rows"":37},{""iter"":3,""scan"":""size"",""reason"":""plateau_lite_2dcg_score_0.95"",""n_rows"":25}]",0.7,0.7,47.54846865702445,True,170,3280.264108987123,2577.048484521306,1.5485072994387192,1664.214618462178,1.1703157894736842,40.86817042606517,28.607719298245616,0.5441839348418712,25.164796063204296,41.77758165501741,40.86817042606517,54.400296652730034,0.469689465062491,0.7856222544583596,1.0437279074534125,1.7327550666310914,0.3611860335947791,0.3689984964377351,True,valid,57.61904761904762,53.00952380952381,7,11.149090443117224,41.42317211090765,1073.9052903538131,2119.476718925216,-198.36110340653948,61,273.42532755421394,191.3977292879497,0.6999999999999998,-50.0,True,10.427043902050608,1.0357019983114164,5,RefineV9Candidates2DCG_v11_ids002_010,accepted,3.221209332533741,14.088778623093237,2.516329938361575
7,core_confirmed,high,1.0,True,23.341096814801432,5,910,0.5219637795342943,False,13.5969178460122,1,142,142,144,-532.3890489678325,2,9.951039699888188,40.36832402410597,2006.9999999999964,1036.0000000000089,-528.2652471707795,141,420.0,399.0,0.95,45.0,-45.0,3.49999999999992,24.11049458723757,24.11049458723757,24.11049458723757,53.77006608468229,True,9.951039699888188,40.36832402410597,2005.191004639507,1035.048147496662,420.0,378.0,0.9,1.1111111111111112,45.0,-45.0,15.873015873016238,14.285714285714612,59.024423448624745,45.99453292131613,3119.349323723329,6612.156770214056,9277.282055443731,80.11211734767839,148.3427172925972,241.570432710788,38.93729721542213,44.57351793800547,38.404046187848834,0.3362352578137855,0.7127256378212808,True,26.77595068445723,141.0,367.0,712.0,605.0,13.241568252467344,11.251613472953292,46.21702138771757,0.2271952272321533,59.3646944095323,0.195923892540944,13.147673021814724,0.3000064048407386,43.82464110656003,0.2214729335775639,712,988,13.122499358887444,18.21726708174264,9.705971828853746,-6.331483761713767,-3.3314837617137223,7.15447207552083,0.0,1.0,"[{""iter"":1,""scan"":""position"",""reason"":""plateau_lite_2dcg_score_0.98"",""n_rows"":201},{""iter"":1,""scan"":""size"",""reason"":""plateau_lite_2dcg_score_0.95"",""n_rows"":44},{""iter"":2,""scan"":""position"",""reason"":""plateau_lite_2dcg_score_0.98"",""n_rows"":201},{""iter"":2,""scan"":""size"",""reason"":""plateau_lite_2dcg_score_0.95"",""n_rows"":46},{""iter"":3,""scan"":""position"",""reason"":""plateau_lite_2dcg_score_0.98"",""n_rows"":201},{""iter"":3,""scan"":""size"",""reason"":""plateau_lite_2dcg_score_0.95"",""n_rows"":46}]",0.9,0.9,59.44334712950437,True,576,13380.974781285537,10155.839796602771,3.3120406810678693,3066.3390865502056,1.092947368421053,60.71929824561405,54.64736842105264,0.3766294163576031,39.91378432140228,66.43391780557212,60.71929824561405,86.96015343124277,0.2276215886114934,0.7589760807864763,1.655452739759634,2.7553942357008983,0.1342712851955953,0.1727593412267428,True,valid,91.66666666666669,84.33333333333334,7,9.953358150436284,40.36741336464261,2005.191004639507,1035.048147496662,-532.3890489678325,142,406.23776006083136,365.6139840547482,0.9,45.0,True,4.747202708701633,0.9672327620495984,6,RefineV9Candidates2DCG_v11_ids002_010,accepted,3.486620178983747,9.744178968789232,1.7166461604860745
8,core_confirmed,high,1.0,True,22.78571816732907,5,716,0.2052338376811802,False,17.643609773155912,-1,48,48,50,-144.7516800448505,2,11.032001829364155,41.88980112457212,1166.1428571428555,2598.999999999998,-144.7516800448505,49,435.0,304.5,0.7,30.0,-60.0,3.49999999999992,24.11049458723757,24.11049458723757,24.11049458723757,53.77006608468229,False,11.032001829364155,41.88980112457212,1165.1910046395087,2600.6195760680807,500.25,300.15,0.6,1.6666666666666667,30.0,-60.0,18.90589569161041,11.343537414966246,39.3022610015676,30.946423472047226,2027.8647084533627,4142.5860323418,5615.122819837692,52.83855265341335,96.25026674913836,155.4268911905264,38.37850596996554,43.03973560030559,36.12709986558585,0.3611434288292164,0.7377551952570726,True,25.59972092322702,137.0,349.0,672.0,570.0,12.497659923677045,10.600693685261778,30.87607758163841,0.1564263587239565,38.643943328696864,0.1326012589380106,7.767865747058455,0.2050665735208477,37.87972663554915,0.2010112084314662,672,939,12.491072258468726,17.436980561167605,7.614249626065333,-3.3314837617137223,5.668516238288801,6.575017900987497,0.0,1.15,"[{""iter"":1,""scan"":""position"",""reason"":""plateau_lite_2dcg_score_0.98"",""n_rows"":201},{""iter"":1,""scan"":""pa"",""reason"":""plateau_lite_2dcg_score_0.98"",""n_rows"":33},{""iter"":1,""scan"":""size"",""reason"":""plateau_lite_2dcg_score_0.95"",""n_rows"":39},{""iter"":2,""scan"":""position"",""reason"":""plateau_lite_2dcg_score_0.98"",""n_rows"":201},{""iter"":2,""scan"":""pa"",""reason"":""plateau_lite_2dcg_score_0.98"",""n_rows"":28},{""iter"":2,""scan"":""size"",""reason"":""plateau_lite_2dcg_score_0.95"",""n_rows"":35},{""iter"":3,""scan"":""position"",""reason"":""plateau_lite_2dcg_score_0.98"",""n_rows"":201},{""iter"":3,""scan"":""pa"",""reason"":""plateau_lite_2dcg_score_0.98"",""n_rows"":28},{""iter"":3,""scan"":""size"",""reason"":""plateau_lite_2dcg_score_0.95"",""n_rows"":35}]",0.6,0.6,39.444996768214864,True,541,8024.208111589543,5790.772771070844,1.984334701282392,2918.243967274528,1.015578947368421,67.20150375939849,40.3209022556391,0.3240977573277599,46.05101843898125,83.5932122502805,67.20150375939849,105.48643872260024,0.1746398674858916,0.7216628345801628,1.9099989123971544,3.467088240260693,0.0911929307037154,0.1260311018005725,True,valid,109.18154761904762,100.4470238095238,7,11.033253536399354,41.89137208639507,1165.1910046395087,2600.6195760680807,-144.7516800448505,48,449.6064537753371,269.7638722652023,0.6,30.0,True,3.057596814181613,1.0335780546559474,7,RefineV9Candidates2DCG_v11_ids002_010,accepted,3.4651215964032414,5.142108394173157,1.2914431037800824
9,core_confirmed,high,1.0,True,22.159057361850216,5,375,0.0905130090367118,False,13.422299136994072,-2,94,94,96,-334.4465627092885,2,10.737630562442874,41.0279316091927,1390.9999999999998,1712.000000000002,-342.6941663033945,96,319.0,223.3,0.7,-45.0,45.0,3.49999999999992,24.11049458723757,24.11049458723757,24.11049458723757,53.77006608468229,False,10.737630562442874,41.0279316091927,1394.3338617823674,1713.619576068084,319.0,255.2,0.8,1.25,-40.0,50.0,12.055933484505193,9.644746787604154,30.68173114220093,24.60043628326532,706.4008686675577,1568.333243076403,2207.510033793629,40.4465979442178,74.21404879727524,117.81360159559884,17.465025603433823,21.13256544405086,18.73731049638071,0.3199989390098492,0.7104535060170059,True,13.3064630277103,75.0,193.0,363.0,312.0,6.750968083771975,5.802484964564342,24.445095506936028,0.2199216906499001,30.412149373776543,0.1868042039512739,5.967053866840516,0.2885504472915949,20.679412986009005,0.1962062527545561,363,510,6.7438868485278665,9.47279868397311,4.057430131148733,11.668516238286504,5.668516238286413,12.972522790377845,5.0,1.0,"[{""iter"":1,""scan"":""position"",""reason"":""plateau_lite_2dcg_score_0.98"",""n_rows"":143},{""iter"":1,""scan"":""pa"",""reason"":""plateau_lite_2dcg_score_0.98"",""n_rows"":37},{""iter"":1,""scan"":""size"",""reason"":""plateau_lite_2dcg_score_0.95"",""n_rows"":32},{""iter"":2,""scan"":""position"",""reason"":""plateau_lite_2dcg_score_0.98"",""n_rows"":201},{""iter"":2,""scan"":""pa"",""reason"":""plateau_lite_2dcg_score_0.98"",""n_rows"":37},{""iter"":2,""scan"":""size"",""reason"":""plateau_lite_2dcg_score_0.95"",""n_rows"":32},{""iter"":3,""scan"":""position"",""reason"":""plateau_lite_2dcg_score_0.98"",""n_rows"":201},{""iter"":3,""scan"":""pa"",""reason"":""plateau_lite_2dcg_score_0.98"",""n_rows"":37},{""iter"":3,""scan"":""size"",""reason"":""plateau_lite_2dcg_score_0.95"",""n_rows"":32}]",0.8,0.8,30.16514085814459,True,293,3330.149842308959,2475.193717097717,1.6797431202420874,1473.5549068603943,1.1238947368421053,47.42360066833752,37.93888053467002,0.4385390579297609,31.790057491380665,53.422004299427606,47.42360066833752,67.1444956863401,0.3234558783200624,0.7432679712038248,1.3185153616968155,2.215715820599778,0.2093716472139055,0.240414394452904,True,valid,69.62301587301589,64.05317460317463,7,10.733335197390783,41.02950810211689,1394.3338617823674,1713.619576068084,-334.4465627092885,94,317.28392564082986,253.827140512664,0.8000000000000002,-40.0,True,5.445107885547248,0.9946204565543256,8,RefineV9Candidates2DCG_v11_ids002_010,accepted,3.16836632294958,8.736758224856144,1.650913687415608
10,core_confirmed,high,1.0,True,21.68135359608273,5,437,0.0786657803880946,False,9.107100761345944,-1,99,99,101,-355.0655716945535,2,10.755668923932278,41.02403299346727,1377.0000000000011,1708.000000000021,-359.1893734916065,100,300.0,270.0,0.9,15.0,-75.0,3.49999999999992,24.11049458723757,24.11049458723757,24.11049458723757,53.77006608468229,False,10.755668923932278,41.02403299346727,1380.3338617823688,1707.905290353817,345.0,345.0,1.0,1.0,15.0,-75.0,13.038548752834766,13.038548752834766,26.45701460030984,17.127939798199275,1674.568682611612,3496.452649027253,4972.396869524931,49.04804274196815,90.61234329438328,146.70545276295667,34.1413966592139,38.586935531155,33.893742706068444,0.3367729339696898,0.7031724821597573,True,23.14356824871352,107.0,277.0,533.0,449.0,9.912578481130751,8.35037099067112,17.09609997705192,0.1852408960919741,26.33699944120639,0.1574721020068859,9.24089946415447,0.2431288804223485,38.00823434921326,0.3508713847522177,533,747,9.9067879354593,13.851614367773076,13.336001818095262,11.668516238286504,-0.331483761713677,11.673223748709509,0.0,1.15,"[{""iter"":1,""scan"":""position"",""reason"":""plateau_lite_2dcg_score_0.98"",""n_rows"":201},{""iter"":1,""scan"":""pa"",""reason"":""plateau_lite_2dcg_score_0.98"",""n_rows"":37},{""iter"":1,""scan"":""size"",""reason"":""plateau_lite_2dcg_score_0.95"",""n_rows"":33},{""iter"":2,""scan"":""position"",""reason"":""plateau_lite_2dcg_score_0.98"",""n_rows"":201},{""iter"":2,""scan"":""pa"",""reason"":""plateau_lite_2dcg_score_0.98"",""n_rows"":37},{""iter"":2,""scan"":""size"",""reason"":""plateau_lite_2dcg_score_0.95"",""n_rows"":39},{""iter"":3,""scan"":""position"",""reason"":""plateau_lite_2dcg_score_0.98"",""n_rows"":201},{""iter"":3,""scan"":""pa"",""reason"":""plateau_lite_2dcg_score_0.98"",""n_rows"":37},{""iter"":3,""scan"":""size"",""reason"":""plateau_lite_2dcg_score_0.95"",""n_rows"":39}]",0.9,1.0,26.40092291219349,True,423,6997.278329150926,5649.920344843495,2.21630517245879,2549.251978045704,1.263157894736842,57.64411027568923,51.879699248120296,0.3776814051034098,34.546818648946285,56.68857043982868,57.64411027568923,71.52733904769218,0.2859364367462227,0.8074454207867812,1.4328540015613358,2.351198986595475,0.192877561296101,0.2308780664868266,True,valid,75.29761904761905,69.27380952380953,7,10.75137255908535,41.02394347839141,1380.3338617823688,1707.905290353817,-355.0655716945535,99,385.6634532298312,347.097107906848,0.8999999999999998,15.0,True,5.452572971816391,1.2855448440994373,9,RefineV9Candidates2DCG_v11_ids002_010,accepted,3.4064127649577944,12.574252834736786,2.3807086540764737
11,core_confirmed,high,1.0,True,21.6239550888641,5,569,0.2630014780952362,False,18.898951635907714,0,104,104,106,-375.6845806798185,2,10.63150047910878,40.90417962309411,1473.42857142857,1584.7142857142962,-375.6845806798185,104,319.0,319.0,1.0,-90.0,0.0,3.49999999999992,24.11049458723757,24.11049458723757,24.11049458723757,53.77006608468229,True,10.63150047910878,40.90417962309411,1470.7624332109376,1584.6195760680923,366.85,366.85,1.0,1.0,-90.0,0.0,13.864323507180968,13.864323507180968,23.02238183137421,14.07918801868043,1790.0770769068715,3895.152542420922,5410.632256679741,55.660950621796886,102.27241800033906,163.61504174065408,32.16037557586872,38.08605114243029,33.069283845284374,0.3308443435047571,0.7199070935956015,True,23.57909192553706,120.0,315.0,605.0,513.0,11.251613472953292,9.5406243167356,14.194517449666328,0.1850776668651906,23.4507921770243,0.1527516207783179,9.256274727357974,0.2399724993049527,38.57223121052412,0.3947105350422543,605,845,11.242557161060205,15.664435827962876,15.224866018879515,-9.331483761713017,-0.331483761713677,9.337369580315087,0.0,1.15,"[{""iter"":1,""scan"":""position"",""reason"":""plateau_lite_2dcg_score_0.98"",""n_rows"":201},{""iter"":1,""scan"":""size"",""reason"":""plateau_lite_2dcg_score_0.95"",""n_rows"":35},{""iter"":2,""scan"":""position"",""reason"":""plateau_lite_2dcg_score_0.98"",""n_rows"":201},{""iter"":2,""scan"":""size"",""reason"":""plateau_lite_2dcg_score_0.95"",""n_rows"":42},{""iter"":3,""scan"":""position"",""reason"":""plateau_lite_2dcg_score_0.98"",""n_rows"":201},{""iter"":3,""scan"":""size"",""reason"":""plateau_lite_2dcg_score_0.95"",""n_rows"":42}]",1.0,1.0,23.540634348097925,True,482,7156.050055297748,5603.481348420419,2.118322319409509,2645.24491720524,1.015578947368421,49.281102756892224,49.281102756892224,0.4597113367537889,32.635111063917364,51.56648821168044,49.281102756892224,76.54714191913591,0.3111957237403105,0.783041105794399,1.353564562760655,2.138756964321096,0.2094491941024743,0.2436790436361011,True,valid,80.06646825396825,73.66115079365079,7,10.634930105863218,40.90408908150671,1470.7624332109376,1584.6195760680923,-375.6845806798185,104,329.71139943524724,329.71139943524724,1.0,-90.0,True,7.357864380273469,1.0335780546559474,2,RefineV9Candidates2DCG_v11_exclude_source_002_010,accepted,3.4224658885702612,2.7250034529563862,1.1441880748442639
12,core_confirmed,high,1.0,True,21.31099303002712,5,332,0.0895993016886059,False,26.9870676670173,2,144,144,146,-540.6366525619385,2,9.989413583547758,40.35967428529307,1976.9999999999984,1026.8571428571431,-532.3890489678325,142,264.0,264.0,1.0,-45.0,45.0,3.49999999999992,24.11049458723757,24.11049458723757,24.11049458723757,53.77006608468229,True,9.989413583547758,40.35967428529307,1982.048147496652,1019.9052903537964,303.6,303.6,1.0,1.0,-45.0,45.0,11.473922902494593,11.473922902494593,50.65017602977535,39.99145371534088,1510.3598809493217,3185.777964242748,4444.687205119175,65.29153685906108,117.0529765511633,187.0365689065535,23.13255214392637,27.216548080263976,23.76373364365881,0.3398124122682384,0.7167608916491409,True,16.62251497329369,86.0,217.0,417.0,357.0,7.75524432763888,6.639381834453429,40.52971577807637,0.3073613593857139,51.659289943139285,0.2560973180772811,11.129574165062913,0.4000710456529066,27.818994366112417,0.2154418726489096,417,570,7.715753383649202,10.516867029202253,5.993376241444727,17.668516238286593,-24.33148376171285,30.06987808603641,0.0,1.15,"[{""iter"":1,""scan"":""position"",""reason"":""plateau_lite_2dcg_score_0.98"",""n_rows"":118},{""iter"":1,""scan"":""size"",""reason"":""plateau_lite_2dcg_score_0.95"",""n_rows"":26},{""iter"":2,""scan"":""position"",""reason"":""plateau_lite_2dcg_score_0.98"",""n_rows"":201},{""iter"":2,""scan"":""size"",""reason"":""plateau_lite_2dcg_score_0.95"",""n_rows"":33},{""iter"":3,""scan"":""position"",""reason"":""plateau_lite_2dcg_score_0.98"",""n_rows"":201},{""iter"":3,""scan"":""size"",""reason"":""plateau_lite_2dcg_score_0.95"",""n_rows"":34}]",0.8666666666666667,1.0,50.86856243874954,True,317,6260.03257124678,5262.278724909327,2.9544728941210776,1781.122695483316,1.3405263157894736,53.83383458646616,46.65598997493734,0.4030258682419488,30.97013306797384,49.92677607938901,53.83383458646616,63.59652391223359,0.3489228008055103,0.8406152308343764,1.2845084100583852,2.070748731376783,0.2587963390312051,0.2933098207425011,True,valid,66.26190476190476,60.96095238095238,7,9.983042981950817,40.35287542170441,1982.048147496652,1019.9052903537964,-540.6366525619385,144,360.1710989713393,312.1482857751608,0.8666666666666667,-45.0,True,5.934842402799748,1.3642844658005275,3,RefineV9Candidates2DCG_v11_exclude_source_002_010,accepted,3.2506938375631713,-5.67607463699018,0.7896742726173511
13,core_confirmed,high,1.0,True,20.762780517510706,5,599,0.3259712889115606,False,26.40818498364685,-1,136,136,138,-507.64623818551456,2,9.765478759763434,40.59256813660655,2149.999999999998,1268.000000000006,-507.64623818551456,137,360.0,342.0,0.95,65.0,-25.0,3.49999999999992,24.11049458723757,24.11049458723757,24.11049458723757,53.77006608468229,True,9.765478759763434,40.59256813660655,2150.7624332109376,1267.905290353802,414.0,414.0,1.0,1.0,65.0,-25.0,15.64625850340172,15.64625850340172,32.29380040942983,24.06935421062736,2522.285947190049,4933.511236227707,6316.374680680303,83.83260495923147,154.63634859674414,250.87828447887847,30.08717131498727,31.90395583572116,25.17704827980869,0.3993249410781291,0.7810669071481277,True,18.46036756413661,156.0,400.0,768.0,651.0,14.283039912773765,12.107108051062136,24.037834747030207,0.2180631545310827,32.39315904977347,0.1884985215044065,8.355324302743266,0.2882416208207865,28.987223562478395,0.2579348401897127,768,1076,14.194866126413208,19.86006614488493,7.476814877131339,2.66851623828796,-0.331483761713677,2.6890259199729507,0.0,1.15,"[{""iter"":1,""scan"":""position"",""reason"":""plateau_lite_2dcg_score_0.98"",""n_rows"":201},{""iter"":1,""scan"":""size"",""reason"":""plateau_lite_2dcg_score_0.95"",""n_rows"":40},{""iter"":2,""scan"":""position"",""reason"":""plateau_lite_2dcg_score_0.98"",""n_rows"":201},{""iter"":2,""scan"":""size"",""reason"":""plateau_lite_2dcg_score_0.95"",""n_rows"":45},{""iter"":3,""scan"":""position"",""reason"":""plateau_lite_2dcg_score_0.98"",""n_rows"":201},{""iter"":3,""scan"":""size"",""reason"":""plateau_lite_2dcg_score_0.95"",""n_rows"":45}]",1.0,1.0,32.39884506999482,True,616,8538.868973652185,6213.558321619037,2.9305380821439533,2120.278988858339,0.9382105263157892,51.3781954887218,51.3781954887218,0.4102523950648239,34.96537397159185,63.80296913288075,51.3781954887218,86.54483019379722,0.2829512315187436,0.7276793145312098,1.4502138828002349,2.64627375859198,0.1709761718154809,0.2058977581973209,True,valid,90.35714285714286,83.12857142857143,7,9.764503847019329,40.59246820663666,2150.7624332109376,1267.905290353802,-507.64623818551456,136,343.7418358637485,343.7418358637485,1.0,65.0,True,5.345141646198893,0.954838432954857,4,RefineV9Candidates2DCG_v11_exclude_source_002_010,accepted,3.326393009678719,-5.645404466136146,0.7862251998904114
14,core_confirmed,high,1.0,True,20.64344745375173,5,1096,0.0611931029887011,False,18.58690464805951,0,140,140,142,-524.1414453737265,2,10.009165016062344,40.42591388424204,1961.000000000004,1094.857142857139,-524.1414453737265,140,504.0,504.0,1.0,-90.0,0.0,3.49999999999992,24.11049458723757,24.11049458723757,24.11049458723757,53.77006608468229,True,10.009165016062344,40.42591388424204,1960.9052903538,1096.476718925221,504.0,504.0,1.0,1.0,-90.0,0.0,19.047619047619484,19.047619047619484,36.89409379351648,25.95313734101546,4508.431488579984,9366.132088447825,12483.63131230367,104.92656724160024,188.79639312284192,304.05232375549014,42.967492476896034,49.60969822317353,41.057509964444925,0.3611474398588289,0.7502730458898373,True,29.8384828229932,233.0,589.0,1141.0,969.0,21.21998507874332,18.021179264945022,25.981459292373,0.1821843808957403,36.40545196700197,0.1515180280453404,10.423992674628971,0.236957509830587,43.99097830696151,0.2863305387357178,1141,1588,21.19393594338797,29.43989178016417,12.595960518143563,-0.331483761713677,5.668516238286413,5.678200227888816,0.0,1.0,"[{""iter"":1,""scan"":""position"",""reason"":""plateau_lite_2dcg_score_0.98"",""n_rows"":201},{""iter"":1,""scan"":""size"",""reason"":""plateau_lite_2dcg_score_0.95"",""n_rows"":48},{""iter"":2,""scan"":""position"",""reason"":""plateau_lite_2dcg_score_0.98"",""n_rows"":201},{""iter"":2,""scan"":""size"",""reason"":""plateau_lite_2dcg_score_0.95"",""n_rows"":48},{""iter"":3,""scan"":""position"",""reason"":""plateau_lite_2dcg_score_0.98"",""n_rows"":201},{""iter"":3,""scan"":""size"",""reason"":""plateau_lite_2dcg_score_0.95"",""n_rows"":48}]",1.0,1.0,36.79951580166556,True,913,18578.20849542605,12497.7875626954,3.807683689796959,3282.25466736756,0.9846315789473682,65.64210526315789,65.64210526315789,0.296465458191726,47.89486689452768,89.64704517622033,65.64210526315789,106.03830935488318,0.1618933136870439,0.6727122028893341,1.9864738452889263,3.71817528885008,0.0772710462372064,0.1089076076834653,True,valid,110.0,101.2,7,10.009270159113706,40.42748931165448,1960.9052903538,1096.476718925221,-524.1414453737265,140,439.1734189666588,439.1734189666588,1.0,-90.0,True,2.749724288391283,0.8713758312830532,5,RefineV9Candidates2DCG_v11_exclude_source_002_010,accepted,3.5161722745664457,2.056542805692221,1.1106447170538924
15,core_confirmed,high,1.0,True,20.492081507762062,5,685,0.1330448227821228,False,25.53493463301724,0,96,96,98,-342.6941663033945,2,10.79926629277091,41.00469213837174,1343.1428571428592,1688.1428571428664,-342.6941663033945,96,360.0,360.0,1.0,-90.0,0.0,3.49999999999992,24.11049458723757,24.11049458723757,24.11049458723757,53.77006608468229,True,10.79926629277091,41.00469213837174,1342.1910046395124,1688.9052903538054,414.0,414.0,1.0,1.0,-90.0,0.0,15.64625850340172,15.64625850340172,35.452957314559,28.1253678469081,2078.7257546550672,4246.597715620297,5620.26112168824,58.9348599550929,108.15700617941502,172.9934170093995,35.271582154246424,39.26326981144316,32.488294750446286,0.3698628426059055,0.755587262526458,True,23.578012409412903,155.0,402.0,767.0,650.0,14.264442204554006,12.088510342842378,28.22533709586657,0.1531411246204339,34.83841675991158,0.1286071114501921,6.61307966404501,0.1999799819121239,33.068708181756705,0.1898214752300297,767,1076,14.257376967255151,19.97539229552553,6.2771509710124125,-3.3314837617137223,2.6685162382863683,4.268461428730526,0.0,1.15,"[{""iter"":1,""scan"":""position"",""reason"":""plateau_lite_2dcg_score_0.98"",""n_rows"":201},{""iter"":1,""scan"":""size"",""reason"":""plateau_lite_2dcg_score_0.95"",""n_rows"":40},{""iter"":2,""scan"":""position"",""reason"":""plateau_lite_2dcg_score_0.98"",""n_rows"":201},{""iter"":2,""scan"":""size"",""reason"":""plateau_lite_2dcg_score_0.95"",""n_rows"":44},{""iter"":3,""scan"":""position"",""reason"":""plateau_lite_2dcg_score_0.98"",""n_rows"":201},{""iter"":3,""scan"":""size"",""reason"":""plateau_lite_2dcg_score_0.95"",""n_rows"":44}]",1.0,1.0,35.41383203860559,True,613,9146.7802156099,5880.309864389953,2.296397594627756,2560.667141503058,1.0465263157894735,57.30977443609022,57.30977443609022,0.3306386796379384,42.16100447460236,76.90533643776382,57.30977443609022,87.69170244343712,0.2183564944310381,0.64288303925294,1.7486578021887396,3.189703809662709,0.1061562739693219,0.1403776867804435,True,valid,90.35714285714286,83.12857142857143,7,10.800493864979057,41.00543217400074,1342.1910046395124,1688.9052903538054,-342.6941663033945,96,383.4266052010981,383.4266052010981,1.0,-90.0,True,3.653392523539938,1.0650739033363836,6,RefineV9Candidates2DCG_v11_exclude_source_002_010,accepted,3.4083531286427435,-5.042853125255178,0.8025116101634873
16,core_confirmed,high,1.0,True,19.905577113850786,5,453,0.2035820736178455,False,13.59461688730865,-1,147,147,149,-553.0080579530975,2,10.075360061012226,40.5708866081912,1908.142857142848,1243.5714285714348,-557.1318597501505,148,319.0,287.1,0.9,45.0,-45.0,3.49999999999992,24.11049458723757,24.11049458723757,24.11049458723757,53.77006608468229,False,10.075360061012226,40.5708866081912,1908.048147496644,1245.191004639517,366.85,293.48,0.8,1.25,40.0,-50.0,13.864323507180968,11.091458805744772,40.23260643888429,28.79315987157412,1872.230876536296,4030.473173812836,5536.6921385781225,61.09197227593867,111.02351350490532,179.62995483107815,30.646103027740708,36.30287897198244,30.822766413234145,0.3381497164148092,0.72795688706071,True,22.11187565697211,97.0,249.0,484.0,408.0,9.001290778362632,7.587864953661063,28.79462263740628,0.2523505747670187,39.12148697027665,0.2106838900292919,10.326864332870375,0.3287377588642952,31.413684781897427,0.263969116018428,484,678,8.99757046678575,12.581205801618497,8.292242602759007,-0.331483761713677,5.668516238286413,5.678200227888816,5.0,1.15,"[{""iter"":1,""scan"":""position"",""reason"":""plateau_lite_2dcg_score_0.98"",""n_rows"":201},{""iter"":1,""scan"":""pa"",""reason"":""plateau_lite_2dcg_score_0.98"",""n_rows"":37},{""iter"":1,""scan"":""size"",""reason"":""plateau_lite_2dcg_score_0.95"",""n_rows"":35},{""iter"":2,""scan"":""position"",""reason"":""plateau_lite_2dcg_score_0.98"",""n_rows"":201},{""iter"":2,""scan"":""pa"",""reason"":""plateau_lite_2dcg_score_0.98"",""n_rows"":37},{""iter"":2,""scan"":""size"",""reason"":""plateau_lite_2dcg_score_0.95"",""n_rows"":38},{""iter"":3,""scan"":""position"",""reason"":""plateau_lite_2dcg_score_0.98"",""n_rows"":201},{""iter"":3,""scan"":""pa"",""reason"":""plateau_lite_2dcg_score_0.98"",""n_rows"":37},{""iter"":3,""scan"":""size"",""reason"":""plateau_lite_2dcg_score_0.95"",""n_rows"":38}]",0.6666666666666667,0.8,40.05579319227812,True,387,7548.766932447502,7502.891887411199,3.370562750694775,2226.0056976730743,1.6345263157894736,,,,37.79844674505399,61.97680546758376,79.31560568086884,75.74961257917624,0.2468366872010123,0.9939228425719286,1.5677176014905088,2.5705323150189536,0.1959424182665515,0.2453366217938682,False,beyond_local_window,80.06646825396825,73.66115079365079,7,10.075466942636693,40.57246192047756,1908.048147496644,1245.191004639517,-553.0080579530975,147,366.85,293.48,0.7999999999999999,40.0,False,0.0,1.15,7,RefineV9Candidates2DCG_v11_exclude_source_002_010,failed,3.3475262716181007,6.310960226542136,1.4642249413025958
17,core_confirmed,high,1.0,True,19.18652407791565,5,555,0.1948914096787408,False,19.423990094523628,0,106,106,108,-383.93218427392446,2,10.37452773632345,41.1926663521996,1672.1428571428626,1881.857142857144,-383.93218427392446,106,360.0,342.0,0.95,-90.0,0.0,3.49999999999992,24.11049458723757,24.11049458723757,24.11049458723757,53.77006608468229,True,10.37452773632345,41.1926663521996,1671.191004639516,1880.0481474966543,414.0,372.6,0.9,1.1111111111111112,-90.0,0.0,15.64625850340172,14.081632653061549,20.04171165684044,13.35623556896713,1559.6519605367507,3309.8386258802147,4619.663976720452,50.82388716503673,93.70733169532632,152.2166025901498,30.687380433381765,35.321020948943456,30.349277924426616,0.3376115597143418,0.7164673973170455,True,21.28292178293041,142.0,361.0,691.0,591.0,12.851016379852435,10.991245557876686,13.125419918466674,0.1464073542933621,19.55773936591345,0.1289202783888315,6.432319447446778,0.1950783216327121,32.973009987021335,0.3288886985914874,691,969,12.812827923164049,17.966674474394594,10.844450343275565,-3.3314837617129265,-6.331483761712971,7.154472075519755,0.0,1.15,"[{""iter"":1,""scan"":""position"",""reason"":""plateau_lite_2dcg_score_0.98"",""n_rows"":194},{""iter"":1,""scan"":""size"",""reason"":""plateau_lite_2dcg_score_0.95"",""n_rows"":41},{""iter"":2,""scan"":""position"",""reason"":""plateau_lite_2dcg_score_0.98"",""n_rows"":201},{""iter"":2,""scan"":""size"",""reason"":""plateau_lite_2dcg_score_0.95"",""n_rows"":42},{""iter"":3,""scan"":""position"",""reason"":""plateau_lite_2dcg_score_0.98"",""n_rows"":201},{""iter"":3,""scan"":""size"",""reason"":""plateau_lite_2dcg_score_0.95"",""n_rows"":42}]",0.9,0.9,20.212247375089543,True,549,6954.084020233426,5479.894712692006,2.2558576836326107,2429.184585734914,1.1857894736842105,64.93609022556392,58.44248120300752,0.3701746423650768,40.393384195215326,66.6156866857421,64.93609022556392,86.50753927450842,0.2181051099438464,0.7880110014126726,1.6753444873999717,2.7629332299555496,0.1327840959066854,0.1718692261000714,True,valid,90.35714285714286,83.12857142857143,7,10.375765825553128,41.19091091506982,1671.191004639516,1880.0481474966543,-383.93218427392446,106,434.44988006340486,391.0048920570644,0.8999999999999999,-90.0,True,3.9792641063509966,1.2068052223983468,8,RefineV9Candidates2DCG_v11_exclude_source_002_010,accepted,3.385460516666108,-0.2374660166079785,0.9877746016419701
18,core_confirmed,high,1.0,True,19.16282376672829,5,466,0.2055561295483591,False,16.031086088675313,-1,94,94,96,-334.4465627092885,2,10.755910197129175,41.07694991591135,1376.8571428571463,1762.428571428591,-334.4465627092885,95,319.0,287.1,0.9,-65.0,25.0,3.49999999999992,24.11049458723757,24.11049458723757,24.11049458723757,53.77006608468229,False,10.755910197129175,41.07694991591135,1377.6195760680853,1761.4767189252443,366.85,330.165,0.9,1.1111111111111112,-10.0,80.0,13.864323507180968,12.47789115646287,28.299685405789933,20.58614746397697,1393.2470730995628,2977.703861926434,4203.87817828806,48.09688414241819,88.24469823927119,142.64675921389872,28.967512094423043,33.74371402860414,29.47054809695569,0.3314194688835948,0.7083230616209343,True,20.50115644273836,111.0,284.0,545.0,465.0,10.13575097976784,8.64793432218724,20.61296542887199,0.1759068716517731,28.39358941715195,0.1505194291057527,7.780623988279959,0.2315152825034129,33.607388264596565,0.2740274881758998,545,772,10.116828764705344,14.307856493155144,9.209348190299607,2.6685162382863683,-3.3314837617137223,4.268461428730526,55.0,1.15,"[{""iter"":1,""scan"":""position"",""reason"":""plateau_lite_2dcg_score_0.98"",""n_rows"":201},{""iter"":1,""scan"":""pa"",""reason"":""plateau_lite_2dcg_score_0.98"",""n_rows"":37},{""iter"":1,""scan"":""size"",""reason"":""plateau_lite_2dcg_score_0.95"",""n_rows"":35},{""iter"":2,""scan"":""position"",""reason"":""plateau_lite_2dcg_score_0.98"",""n_rows"":201},{""iter"":2,""scan"":""pa"",""reason"":""plateau_lite_2dcg_score_0.98"",""n_rows"":37},{""iter"":2,""scan"":""size"",""reason"":""plateau_lite_2dcg_score_0.95"",""n_rows"":42},{""iter"":3,""scan"":""position"",""reason"":""plateau_lite_2dcg_score_0.98"",""n_rows"":201},{""iter"":3,""scan"":""pa"",""reason"":""plateau_lite_2dcg_score_0.98"",""n_rows"":37},{""iter"":3,""scan"":""size"",""reason"":""plateau_lite_2dcg_score_0.95"",""n_rows"":42}]",0.9,0.9,27.961411368536872,True,427,6236.04905239071,4880.699514511356,2.119451314692287,2302.812751903179,1.1857894736842105,57.54059106098581,51.78653195488722,0.4095491655745009,35.92445929057763,59.031226012037344,57.54059106098581,76.6057619454346,0.269721118727436,0.7826589357311494,1.489992632071245,2.4483623012563327,0.1729399941393355,0.2110996437274301,True,valid,80.06646825396825,73.66115079365079,7,10.754925888901225,41.07602510152061,1377.6195760680853,1761.4767189252443,-334.4465627092885,94,384.9708659450727,346.4737793505654,0.9,-10.0,True,5.300908533829421,1.206805222398347,9,RefineV9Candidates2DCG_v11_exclude_source_002_010,accepted,3.362258625710077,3.1317376780529784,1.1953540552854558
19,core_confirmed,high,1.0,True,18.751794083235005,5,472,0.257601517806316,False,15.608921095186432,1,149,149,151,-561.2556615472035,2,10.096206090639296,40.55002150972922,1892.000000000006,1221.9999999999984,-557.1318597501505,148,319.0,287.1,0.9,-65.0,25.0,3.49999999999992,24.11049458723757,24.11049458723757,24.11049458723757,53.77006608468229,False,10.096206090639296,40.55002150972922,1893.619576068088,1219.333861782366,319.0,287.1,0.9,1.1111111111111112,-75.0,15.0,12.055933484505193,10.85034013605467,24.819816023707656,18.654630345356995,874.4451016772578,1839.4006046629647,2546.221685158822,53.999978845137214,99.76854196738282,161.32453406622184,16.193434152724727,18.436679221635988,15.78322664867346,0.3434285030145416,0.7224039506788786,True,11.112294763226556,82.0,214.0,413.0,356.0,7.68085349475985,6.620784126233672,18.667974011520485,0.2645616753458108,24.800677442232807,0.2254127625984168,6.132703430712322,0.3475684013313529,17.64459429344307,0.247279673912012,413,580,7.676289470308024,10.770785894427412,4.363149523192352,5.668516238286413,-9.331483761713017,10.918272094925571,10.0,1.0,"[{""iter"":1,""scan"":""position"",""reason"":""plateau_lite_2dcg_score_0.98"",""n_rows"":139},{""iter"":1,""scan"":""pa"",""reason"":""plateau_lite_2dcg_score_0.98"",""n_rows"":37},{""iter"":1,""scan"":""size"",""reason"":""plateau_lite_2dcg_score_0.95"",""n_rows"":34},{""iter"":2,""scan"":""position"",""reason"":""plateau_lite_2dcg_score_0.98"",""n_rows"":201},{""iter"":2,""scan"":""pa"",""reason"":""plateau_lite_2dcg_score_0.98"",""n_rows"":37},{""iter"":2,""scan"":""size"",""reason"":""plateau_lite_2dcg_score_0.95"",""n_rows"":33},{""iter"":3,""scan"":""position"",""reason"":""plateau_lite_2dcg_score_0.98"",""n_rows"":198},{""iter"":3,""scan"":""pa"",""reason"":""plateau_lite_2dcg_score_0.98"",""n_rows"":37},{""iter"":3,""scan"":""size"",""reason"":""plateau_lite_2dcg_score_0.95"",""n_rows"":33}]",0.9,0.9,24.24179491667511,True,327,3218.3893602361286,2546.8429071066744,2.1506934571701595,1184.1961478126038,1.0619999999999998,44.81190476190476,40.33071428571429,0.5142204296587262,28.45049204429094,45.55435141610884,44.81190476190476,66.1170399727126,0.39233012492206,0.7913408298490696,1.1800044972677854,1.8893992925479908,0.2858073540668267,0.3104668466306121,True,valid,69.62301587301589,64.05317460317463,7,10.094156672546614,40.54741859614944,1893.619576068088,1219.333861782366,-561.2556615472035,149,299.81057654681393,269.82951889213257,0.9000000000000001,-75.0,True,6.942450716618966,0.9398450675448712,10,RefineV9Candidates2DCG_v11_exclude_source_002_010,accepted,3.07342364398931,3.1428729880485733,1.201351071536763
20,core_confirmed,high,1.0,True,16.38872039589416,5,403,0.1566737125832716,False,14.984144839462598,0,102,102,104,-367.4369770857125,2,10.72088636169209,41.04543822097156,1404.0000000000014,1730.0000000000152,-367.4369770857125,102,300.0,285.0,0.95,75.0,-15.0,3.49999999999992,24.11049458723757,24.11049458723757,24.11049458723757,53.77006608468229,True,10.72088636169209,41.04543822097156,1403.9052903537977,1729.905290353811,345.0,310.5,0.9,1.1111111111111112,75.0,-15.0,13.038548752834766,11.73469387755129,24.59366142129952,17.801912114111246,1211.116356000296,2441.092657694764,3226.080920914428,46.88412627315454,85.13663513408541,135.66808732250078,25.832119573779305,28.67264666791424,23.77921723953852,0.3754141280675027,0.7566743418831663,True,17.162975048966665,99.0,251.0,475.0,404.0,8.833911404384816,7.513474120782032,17.818397505221593,0.1934604468737078,24.415424452484785,0.1623065144849706,6.597026947263188,0.2525279175632561,26.12395101072612,0.270199150545253,475,678,8.828695234406263,12.59473943216319,7.058669371984003,-0.331483761713677,-0.331483761713677,0.4687888315219333,0.0,1.15,"[{""iter"":1,""scan"":""position"",""reason"":""plateau_lite_2dcg_score_0.98"",""n_rows"":201},{""iter"":1,""scan"":""size"",""reason"":""plateau_lite_2dcg_score_0.95"",""n_rows"":33},{""iter"":2,""scan"":""position"",""reason"":""plateau_lite_2dcg_score_0.98"",""n_rows"":201},{""iter"":2,""scan"":""size"",""reason"":""plateau_lite_2dcg_score_0.95"",""n_rows"":39},{""iter"":3,""scan"":""position"",""reason"":""plateau_lite_2dcg_score_0.98"",""n_rows"":201},{""iter"":3,""scan"":""size"",""reason"":""plateau_lite_2dcg_score_0.95"",""n_rows"":39}]",0.9,0.9,23.30304710337495,True,386,4071.339811576832,2937.304927768198,1.822770601621352,1611.4506812626173,1.0619999999999998,48.46428571428572,43.61785714285713,0.4484622736357693,31.91940796788479,57.344858898392125,48.46428571428572,71.69080630368781,0.3424544390373791,0.721459043879361,1.323880265184635,2.3784190196059485,0.2147287163284604,0.2470668521601504,True,valid,75.29761904761905,69.27380952380953,7,10.721008400860413,41.04534610312909,1403.9052903537977,1729.905290353811,-367.4369770857125,102,324.24654830298056,291.82189347268246,0.8999999999999999,75.0,True,6.16505880848427,1.080821827676602,11,RefineV9Candidates2DCG_v11_exclude_source_002_010,accepted,3.207217018391164,1.4045755564315634,1.0937374519186733
21,core_confirmed,high,0.9996202531645568,True,13.593987281730232,5,447,0.0850909144658873,False,9.528147152183566,0,135,135,137,-503.52243638846153,2,10.362409053820732,40.6522008870357,1683.571428571427,1325.9999999999964,-499.3986345914085,135,319.0,303.05,0.95,50.0,-40.0,3.49999999999992,24.11049458723757,24.11049458723757,24.11049458723757,53.77006608468229,True,10.362409053820732,40.6522008870357,1686.0481474966518,1325.0481474966496,366.85,330.165,0.9,1.1111111111111112,50.0,-40.0,13.864323507180968,12.47789115646287,16.167300084919855,9.53204419924718,1117.020004454483,2549.359971447033,3622.849713577282,66.26915876228016,122.6909587975692,195.8178790351611,16.855804801467933,20.77871096967531,18.501118138077484,0.3083263432839207,0.7036891323128441,True,12.864851775347892,106.0,284.0,546.0,466.0,10.154348687987598,8.666532030406998,9.632342529827064,0.2460234952730291,16.15751788714886,0.2036325361489576,6.525175357321794,0.3193646348686947,20.43174054010266,0.4038476332130009,546,757,10.117833854592524,14.013964812618813,8.25131005954258,8.66851623828646,-3.3314837617137223,9.286654824424035,0.0,1.15,"[{""iter"":1,""scan"":""position"",""reason"":""plateau_lite_2dcg_score_0.98"",""n_rows"":188},{""iter"":1,""scan"":""size"",""reason"":""plateau_lite_2dcg_score_0.95"",""n_rows"":35},{""iter"":2,""scan"":""position"",""reason"":""plateau_lite_2dcg_score_0.98"",""n_rows"":201},{""iter"":2,""scan"":""size"",""reason"":""plateau_lite_2dcg_score_0.95"",""n_rows"":41},{""iter"":3,""scan"":""position"",""reason"":""plateau_lite_2dcg_score_0.98"",""n_rows"":201},{""iter"":3,""scan"":""size"",""reason"":""plateau_lite_2dcg_score_0.95"",""n_rows"":42}]",0.9,0.9,16.19750859665892,True,433,5274.216398654946,3960.991528276347,2.7836411913478094,1422.9533391688592,1.1238947368421053,54.53714076858815,49.08342669172933,0.3993486465132478,35.9046621573401,59.99340851568473,54.53714076858815,76.52124753318579,0.2641309300103592,0.7510104305326752,1.4891715318169183,2.4882695084754123,0.1625522056241976,0.1983650834640758,True,valid,80.06646825396825,73.66115079365079,7,10.359239724449552,40.65126644650355,1686.0481474966518,1325.0481474966496,-503.52243638846153,135,364.8765144869544,328.3888630382589,0.8999999999999999,50.0,True,3.978934655338283,1.1438135250374746,12,RefineV9Candidates2DCG_v11_exclude_source_002_010,accepted,3.15319065913296,4.065840129546666,1.4267188640778807
22,core_confirmed,high,0.9991044776119402,True,16.634441485137764,5,849,0.2230140838248354,False,12.558609108550751,0,144,144,146,-540.6366525619385,2,9.978828681585837,40.51726984321777,1983.9999999999925,1189.0000000000114,-540.6366525619385,144,420.0,420.0,1.0,-90.0,0.0,3.49999999999992,24.11049458723757,24.11049458723757,24.11049458723757,53.77006608468229,True,9.978828681585837,40.51726984321777,1983.0481474966457,1190.6195760680932,483.0,483.0,1.0,1.0,-90.0,0.0,18.253968253968672,18.253968253968672,24.286824511049367,15.659668014622008,3131.3248567739474,6743.914799909517,9058.514321248733,94.09769769360794,174.63691048216526,286.78632059811724,33.27738014345338,38.61677798404615,31.58628452834302,0.3456775300811457,0.7444835389938267,True,23.178761069325883,213.0,543.0,1050.0,884.0,19.527593630745383,16.440374066265637,15.442035528280185,0.18072398035783,23.90581071119877,0.1589636969950275,8.463775182918592,0.2406877937052567,35.164953953930976,0.3540467748685763,1050,1466,19.477421729825696,27.09952998744691,12.45003853579125,-3.3314837617137223,5.668516238286413,6.575017900985439,0.0,1.15,"[{""iter"":1,""scan"":""position"",""reason"":""plateau_lite_2dcg_score_0.98"",""n_rows"":201},{""iter"":1,""scan"":""size"",""reason"":""plateau_lite_2dcg_score_0.95"",""n_rows"":46},{""iter"":2,""scan"":""position"",""reason"":""plateau_lite_2dcg_score_0.98"",""n_rows"":201},{""iter"":2,""scan"":""size"",""reason"":""plateau_lite_2dcg_score_0.95"",""n_rows"":48},{""iter"":3,""scan"":""position"",""reason"":""plateau_lite_2dcg_score_0.98"",""n_rows"":201},{""iter"":3,""scan"":""size"",""reason"":""plateau_lite_2dcg_score_0.95"",""n_rows"":47}]",1.0,1.0,24.38584243834542,True,834,13158.918411492574,8711.555869418717,3.3605988654106747,2592.2629323848623,0.9536842105263156,60.92982456140351,60.92982456140351,0.2960464344374972,45.71787822320943,84.17730501489092,60.92982456140351,100.763346767655,0.1678106736834191,0.6620267408763874,1.896181683780527,3.4913139052505606,0.080678002926975,0.1110951533829049,True,valid,105.41666666666669,96.98333333333336,7,9.980029451757575,40.51885203051685,1983.0481474966457,1190.6195760680932,-540.6366525619385,144,407.6462700639315,407.6462700639315,1.0,-90.0,True,2.529408307583681,0.970586357295075,13,RefineV9Candidates2DCG_v11_exclude_source_002_010,accepted,3.413679049780551,4.075832376587012,1.3245448872050576
23,core_confirmed,high,0.998178368121442,True,30.224743069052355,5,494,0.1140571949606541,False,14.846185962569548,0,79,79,81,-272.58953575349346,2,10.51600415096487,41.51296127666394,1562.0000000000016,2211.000000000006,-272.58953575349346,79,319.0,287.1,0.9,-25.0,65.0,3.49999999999992,24.11049458723757,24.11049458723757,24.11049458723757,53.77006608468229,False,10.51600415096487,41.51296127666394,1561.0481474966548,2213.476718925231,366.85,293.48,0.8,1.25,-15.0,75.0,13.864323507180968,11.091458805744772,43.52996391440207,34.232756520915714,1608.5960508708872,3379.18244871212,4537.037208021338,42.79080733984007,79.91493333159359,129.0691958217633,37.592093976998086,42.284743386955846,35.15197548985051,0.354547687646674,0.7447993687902387,True,25.49964365088832,95.0,253.0,488.0,412.0,9.075681611241665,7.662255786540093,34.27822788868234,0.1789679548535516,43.38304855255711,0.1517428107636748,9.104820663874776,0.2346388916674371,38.80354445579036,0.2098704670983319,488,676,9.062088003809604,12.539233686429348,8.143718000007611,-3.3314837617137223,8.668516238288051,9.286654824425522,10.0,1.15,"[{""iter"":1,""scan"":""position"",""reason"":""plateau_lite_2dcg_score_0.98"",""n_rows"":201},{""iter"":1,""scan"":""pa"",""reason"":""plateau_lite_2dcg_score_0.98"",""n_rows"":37},{""iter"":1,""scan"":""size"",""reason"":""plateau_lite_2dcg_score_0.95"",""n_rows"":35},{""iter"":2,""scan"":""position"",""reason"":""plateau_lite_2dcg_score_0.98"",""n_rows"":201},{""iter"":2,""scan"":""pa"",""reason"":""plateau_lite_2dcg_score_0.98"",""n_rows"":37},{""iter"":2,""scan"":""size"",""reason"":""plateau_lite_2dcg_score_0.95"",""n_rows"":40},{""iter"":3,""scan"":""position"",""reason"":""plateau_lite_2dcg_score_0.98"",""n_rows"":201},{""iter"":3,""scan"":""pa"",""reason"":""plateau_lite_2dcg_score_0.98"",""n_rows"":37},{""iter"":3,""scan"":""size"",""reason"":""plateau_lite_2dcg_score_0.95"",""n_rows"":40}]",0.6666666666666667,0.8,43.399471921785576,True,377,5990.798468961027,5042.055395236383,1.9397061794129,2599.3913143909685,1.309578947368421,63.54749164578112,42.364994430520746,0.3601883764853405,35.72962199582336,59.22832639774264,63.54749164578112,75.55216715070459,0.2727484764441725,0.8416332850052987,1.4819116159788834,2.4565371806638097,0.1885706442634032,0.2295541962098992,True,valid,80.06646825396825,73.66115079365079,7,10.517233769197436,41.515371006979294,1561.0481474966548,2213.476718925231,-272.58953575349346,79,425.1595688613092,283.4397125742061,0.6666666666666666,-15.0,True,5.008732739091938,1.3327886171200916,14,RefineV9Candidates2DCG_v11_exclude_source_002_010,accepted,3.4148716634518275,15.378557106482807,2.0358591186487547
24,core_confirmed,high,0.9366666666666666,True,28.14729469844645,4,207,1.0186371372630157e-12,False,24.35969565885116,0,122,122,124,-449.9130130267725,2,10.245165659497909,41.05141053697335,1773.0000000000014,1736.999999999991,-445.7892112297195,122,220.0,198.0,0.9,45.0,-45.0,3.49999999999992,24.11049458723757,24.11049458723757,24.11049458723757,53.77006608468229,False,10.245165659497909,41.05141053697335,1773.7624332109403,1736.048147496644,220.0,198.0,0.9,1.1111111111111112,45.0,-45.0,8.314436885865648,7.482993197279083,47.75128854383498,39.67860295679335,647.871451679729,1246.5638083431782,1566.1010038860768,30.983825820074333,56.63269416306024,91.92148912921336,20.909988825846515,22.011381001122725,17.037376338460096,0.4136843345813073,0.7959664193113928,True,12.615614492360685,39.0,100.0,194.0,169.0,3.607955394632956,3.1430126891390184,39.72828337154792,0.321425687320681,47.107733846724,0.273217773207197,7.379450475176071,0.4218559280914178,17.492821562476454,0.1566505087930325,194,274,3.602899516282593,5.069999383156221,2.7402593979876664,2.6685162382863683,-3.3314837617137223,4.268461428730526,0.0,1.0,"[{""iter"":1,""scan"":""position"",""reason"":""plateau_lite_2dcg_score_0.98"",""n_rows"":118},{""iter"":1,""scan"":""pa"",""reason"":""plateau_lite_2dcg_score_0.98"",""n_rows"":37},{""iter"":1,""scan"":""size"",""reason"":""plateau_lite_2dcg_score_0.95"",""n_rows"":12},{""iter"":2,""scan"":""position"",""reason"":""plateau_lite_2dcg_score_0.98"",""n_rows"":122},{""iter"":2,""scan"":""pa"",""reason"":""plateau_lite_2dcg_score_0.98"",""n_rows"":27},{""iter"":2,""scan"":""size"",""reason"":""plateau_lite_2dcg_score_0.95"",""n_rows"":13},{""iter"":3,""scan"":""position"",""reason"":""plateau_lite_2dcg_score_0.98"",""n_rows"":117},{""iter"":3,""scan"":""pa"",""reason"":""plateau_lite_2dcg_score_0.98"",""n_rows"":29},{""iter"":3,""scan"":""size"",""reason"":""plateau_lite_2dcg_score_0.95"",""n_rows"":13}]",0.85,0.9,47.3292678706144,True,150,2140.248792188277,1503.875179302198,1.0657070025963928,1411.1525734918616,0.9382105263157894,27.30242272347536,23.20705931495405,0.5731388065161807,18.91266781248904,36.10311825513554,27.30242272347536,45.777033734682426,0.6452371563518298,0.7026637205876307,0.7844164185043344,1.4974026403525555,0.4533847409435595,0.4533847409435595,True,valid,48.01587301587302,44.17460317460318,7,10.244188914141011,41.05048137420933,1773.7624332109403,1736.048147496644,-449.9130130267725,122,182.6647436957118,155.265032141355,0.8499999999999999,45.0,True,13.892044620869614,0.8302942895259627,15,RefineV9Candidates2DCG_v11_exclude_source_002_010,accepted,3.1495739721125084,3.7875990395952925,1.1554863037962078
25,core_confirmed,high,0.9366666666666666,True,26.03475131555652,4,471,0.119422626144837,False,31.93469921088809,1,50,50,52,-152.9992836389565,2,11.41391868470444,41.70871988887521,872.1428571428564,2414.571428571424,-148.87548184190348,49,319.0,303.05,0.95,-55.0,35.0,3.49999999999992,24.11049458723757,24.11049458723757,24.11049458723757,53.77006608468229,True,11.41391868470444,41.70871988887521,871.19100463951,2415.333861782364,366.85,366.85,1.0,1.0,-55.0,35.0,13.864323507180968,13.864323507180968,26.874489488608365,18.479249346880145,1710.503474195258,3629.452198166635,5070.7250456038455,61.76414563937795,113.62681089186866,183.0854878053472,27.694116974957726,31.94186450960549,27.69594196889563,0.3373291706435964,0.7157659241084768,True,19.40187753670019,122.0,315.0,604.0,509.0,11.233015764733532,9.46623348385657,18.74960183326957,0.2043822821466185,27.720234786497205,0.1728930966579691,8.97063295322764,0.2677015878313796,33.50982347881358,0.3236131664222888,604,847,11.20573025749949,15.68586445959136,10.84422008223082,-3.3314837617125286,2.66851623828796,4.268461428730589,0.0,1.15,"[{""iter"":1,""scan"":""position"",""reason"":""plateau_lite_2dcg_score_0.98"",""n_rows"":201},{""iter"":1,""scan"":""size"",""reason"":""plateau_lite_2dcg_score_0.95"",""n_rows"":35},{""iter"":2,""scan"":""position"",""reason"":""plateau_lite_2dcg_score_0.98"",""n_rows"":201},{""iter"":2,""scan"":""size"",""reason"":""plateau_lite_2dcg_score_0.95"",""n_rows"":41},{""iter"":3,""scan"":""position"",""reason"":""plateau_lite_2dcg_score_0.98"",""n_rows"":201},{""iter"":3,""scan"":""size"",""reason"":""plateau_lite_2dcg_score_0.95"",""n_rows"":42}]",1.0,1.0,27.360150749302413,True,482,6937.742630250603,5624.733705320177,2.5072747317548383,2243.3655291470327,1.092947368421053,53.03541562238932,53.03541562238932,0.4548955399372883,33.448867730712074,52.049538120654375,53.03541562238932,74.0624593801083,0.3006990576810445,0.8107440712479994,1.3873157022841658,2.158791804636218,0.2069799118646857,0.243789978244767,True,valid,80.06646825396825,73.66115079365079,7,11.4151667254749,41.70945336411611,871.19100463951,2415.333861782364,-152.9992836389565,50,354.8293387578952,354.8293387578952,1.0,-55.0,True,6.478787969543776,1.1123176763570382,16,RefineV9Candidates2DCG_v11_exclude_source_002_010,accepted,3.3509000423559763,-5.899947895331572,0.8152496174656315
26,core_confirmed,high,0.9366666666666666,True,24.331507054455862,4,610,0.2099423328531134,False,18.21822763420673,0,51,51,53,-157.1230854360095,2,10.971833012453915,41.82773879275063,1211.9999999999964,2535.000000000001,-157.1230854360095,51,360.0,342.0,0.95,-70.0,20.0,3.49999999999992,24.11049458723757,24.11049458723757,24.11049458723757,53.77006608468229,True,10.971833012453915,41.82773879275063,1211.0481474966496,2536.6195760680835,414.0,372.6,0.9,1.1111111111111112,-70.0,20.0,15.64625850340172,14.081632653061549,39.4129933764892,29.155215917557275,2376.2486576713736,5155.444777738956,7098.382001580896,57.49227721556471,105.5434081434274,169.94246544551612,41.33161483170576,48.84667710116963,41.76932459448548,0.3347591968341735,0.7262844936480983,True,30.005132952981125,138.0,359.0,692.0,585.0,12.869614088072192,10.87965930855814,29.28695464095604,0.1668106663692435,39.148800000210414,0.1392219436556752,9.861845359254382,0.2172752816355672,45.38871281177541,0.2519067087420655,692,973,12.849065868406289,18.043711360835864,11.433721258453168,-3.3314837617137223,5.668516238288801,6.575017900987497,0.0,1.15,"[{""iter"":1,""scan"":""position"",""reason"":""plateau_lite_2dcg_score_0.98"",""n_rows"":201},{""iter"":1,""scan"":""size"",""reason"":""plateau_lite_2dcg_score_0.95"",""n_rows"":41},{""iter"":2,""scan"":""position"",""reason"":""plateau_lite_2dcg_score_0.98"",""n_rows"":201},{""iter"":2,""scan"":""size"",""reason"":""plateau_lite_2dcg_score_0.95"",""n_rows"":43},{""iter"":3,""scan"":""position"",""reason"":""plateau_lite_2dcg_score_0.98"",""n_rows"":201},{""iter"":3,""scan"":""size"",""reason"":""plateau_lite_2dcg_score_0.95"",""n_rows"":43}]",0.95,0.9,39.64349928417493,True,543,11565.76517553928,8245.1141729384,2.516231138808025,3276.771376752069,1.1393684210526316,62.39398496240602,59.27428571428572,0.3230187103746615,41.65424363833908,73.6789865774332,62.39398496240602,87.153944273242,0.2092546442744528,0.7128896400539234,1.727639534212954,3.055888642634222,0.1134934615796898,0.1491754680364264,True,valid,90.35714285714286,83.12857142857143,7,10.973082013955636,41.82931038214303,1211.0481474966496,2536.6195760680835,-157.1230854360095,51,417.4421217759693,396.5700156871709,0.95,-70.0,True,3.869241660739172,1.159561449377693,17,RefineV9Candidates2DCG_v11_exclude_source_002_010,accepted,3.5154461413278444,6.113279420249132,1.3355584057348573
27,core_confirmed,high,0.9366666666666666,True,24.27458123361865,4,458,0.1038116047151221,False,11.667262821159058,0,75,75,77,-256.0943285652815,2,11.02159342713846,41.363843327282886,1171.9999999999986,2058.000000000001,-256.0943285652815,75,319.0,287.1,0.9,45.0,-45.0,3.49999999999992,24.11049458723757,24.11049458723757,24.11049458723757,53.77006608468229,False,11.02159342713846,41.363843327282886,1172.7624332109376,2058.7624332109403,366.85,330.165,0.9,1.1111111111111112,45.0,-45.0,13.864323507180968,12.47789115646287,29.45618968901304,21.099510878076668,1712.7976535397363,3486.9194686919964,4529.319915527511,48.849038184068,89.79621374168094,144.79366695987508,35.06307835756654,38.83147544197026,31.281201799956253,0.3781577997323366,0.7698549746371558,True,23.08965334091669,110.0,283.0,542.0,460.0,10.079957855108567,8.554945781088453,21.06563636782781,0.1797202482815393,28.791992171876213,0.1534002405068461,7.726355804048399,0.2362858468675946,32.699190012755814,0.2683508580415439,542,761,10.05409121279802,14.055323261448786,8.774855697186508,2.6685162382863683,2.66851623828796,3.773851855598541,0.0,1.15,"[{""iter"":1,""scan"":""position"",""reason"":""plateau_lite_2dcg_score_0.98"",""n_rows"":201},{""iter"":1,""scan"":""pa"",""reason"":""plateau_lite_2dcg_score_0.98"",""n_rows"":37},{""iter"":1,""scan"":""size"",""reason"":""plateau_lite_2dcg_score_0.95"",""n_rows"":35},{""iter"":2,""scan"":""position"",""reason"":""plateau_lite_2dcg_score_0.98"",""n_rows"":201},{""iter"":2,""scan"":""pa"",""reason"":""plateau_lite_2dcg_score_0.98"",""n_rows"":37},{""iter"":2,""scan"":""size"",""reason"":""plateau_lite_2dcg_score_0.95"",""n_rows"":39},{""iter"":3,""scan"":""position"",""reason"":""plateau_lite_2dcg_score_0.98"",""n_rows"":201},{""iter"":3,""scan"":""pa"",""reason"":""plateau_lite_2dcg_score_0.98"",""n_rows"":37},{""iter"":3,""scan"":""size"",""reason"":""plateau_lite_2dcg_score_0.95"",""n_rows"":39}]",0.85,0.9,29.245007630670028,True,435,6085.888656298552,4396.797193698874,1.7089686757872966,2572.778106464318,0.969157894736842,47.02851503759398,39.97423778195488,0.4131373326461278,32.725053603864914,57.60231743348636,47.02851503759398,76.44714304698972,0.3166051351670277,0.7224577119314263,1.3572949939064,2.389097296410379,0.1963329817272575,0.2287338215385108,True,valid,80.06646825396825,73.66115079365079,7,11.020609606657468,41.364587447134994,1172.7624332109376,2058.7624332109403,-256.0943285652815,75,314.64063584165854,267.4445404654097,0.8499999999999999,45.0,True,6.634581930008147,0.9863342816352932,18,RefineV9Candidates2DCG_v11_exclude_source_002_010,accepted,3.4104023313740974,12.607318412459593,2.08057207639102
28,core_confirmed,high,0.9366666666666666,True,23.70196410998612,4,473,0.1806374954028437,False,12.539604847036612,-1,89,89,91,-313.82755372402346,2,10.370072609606227,41.35126649487791,1675.0000000000148,2044.9999999999925,-317.9513555210765,90,319.0,287.1,0.9,-45.0,45.0,3.49999999999992,24.11049458723757,24.11049458723757,24.11049458723757,53.77006608468229,False,10.370072609606227,41.35126649487791,1673.191004639525,2045.762433210932,366.85,330.165,0.9,1.1111111111111112,60.0,-30.0,13.864323507180968,12.47789115646287,33.747359377126884,25.732237000651192,1534.3591051230374,3169.335598698043,4344.196328049824,43.272385964223226,79.72999025235843,129.94825329309245,35.458158151751,39.7508589762344,33.430201776176894,0.3531974591516297,0.7295562537618566,True,23.556896190707363,109.0,280.0,542.0,461.0,10.079957855108567,8.57354348930821,25.568452817174368,0.1607941849249942,33.24615533346328,0.1380552704970396,7.67770251628891,0.2119292986297648,36.22765972392361,0.2309350491592351,542,761,10.05287161777033,14.093015906560236,8.366236379268342,-6.331483761713767,2.6685162382863683,6.870856244955438,75.0,1.15,"[{""iter"":1,""scan"":""position"",""reason"":""plateau_lite_2dcg_score_0.98"",""n_rows"":201},{""iter"":1,""scan"":""pa"",""reason"":""plateau_lite_2dcg_score_0.98"",""n_rows"":37},{""iter"":1,""scan"":""size"",""reason"":""plateau_lite_2dcg_score_0.95"",""n_rows"":35},{""iter"":2,""scan"":""position"",""reason"":""plateau_lite_2dcg_score_0.98"",""n_rows"":201},{""iter"":2,""scan"":""pa"",""reason"":""plateau_lite_2dcg_score_0.98"",""n_rows"":37},{""iter"":2,""scan"":""size"",""reason"":""plateau_lite_2dcg_score_0.95"",""n_rows"":41},{""iter"":3,""scan"":""position"",""reason"":""plateau_lite_2dcg_score_0.98"",""n_rows"":201},{""iter"":3,""scan"":""pa"",""reason"":""plateau_lite_2dcg_score_0.98"",""n_rows"":37},{""iter"":3,""scan"":""size"",""reason"":""plateau_lite_2dcg_score_0.95"",""n_rows"":41}]",0.9,0.9,33.760677547810346,True,436,5804.243201996376,4432.251965426267,1.6503385455253408,2685.6622705951395,1.015578947368421,49.281102756892224,44.352992481203,0.4546779171361916,32.43418963704671,53.602494583629344,49.281102756892224,75.70988850856648,0.3160864073226636,0.7636227172393102,1.3452312029391185,2.2232017841725566,0.2081067629696078,0.2413707612421437,True,valid,80.06646825396825,73.66115079365079,7,10.372411948095818,41.35201409374927,1673.191004639525,2045.762433210932,-313.82755372402346,89,329.71139943524724,296.7402594917225,0.8999999999999999,60.0,True,7.447926482269199,1.0335780546559474,19,RefineV9Candidates2DCG_v11_exclude_source_002_010,accepted,3.4290513980427297,11.162359262949506,1.8901683425524705
29,core_confirmed,high,0.9366666666666666,True,23.42371689473593,4,1016,0.4069031836939995,False,34.97364091798701,-1,91,91,93,-322.0751573181295,2,10.33016163408334,41.30740067351435,1705.999999999996,1999.9999999999864,-322.0751573181295,92,504.0,478.8,0.95,-90.0,0.0,3.49999999999992,24.11049458723757,24.11049458723757,24.11049458723757,53.77006608468229,True,10.33016163408334,41.30740067351435,1705.905290353792,1999.04814749664,504.0,453.6,0.9,1.1111111111111112,-90.0,0.0,19.047619047619484,17.142857142857537,37.98079745766027,30.760271416028832,2325.939921751503,5287.838370211357,7408.25971871386,60.2770014871807,111.28545694271357,179.4922638356731,38.58751869477396,47.51598740285874,41.273420705731326,0.3139657638994474,0.713776051459677,True,29.16142965448225,208.0,537.0,1026.0,867.0,19.0812486334712,16.12421302652976,30.729540121195,0.1172590496286911,36.65815156107258,0.100622166915264,5.928611439877585,0.1545137702424839,38.3694697927156,0.1617269607825288,1026,1449,19.06506095999737,26.916637406608896,6.205377736412942,-0.331483761713677,-3.3314837617129265,3.3479345183018085,0.0,1.0,"[{""iter"":1,""scan"":""position"",""reason"":""plateau_lite_2dcg_score_0.98"",""n_rows"":200},{""iter"":1,""scan"":""size"",""reason"":""plateau_lite_2dcg_score_0.95"",""n_rows"":40},{""iter"":2,""scan"":""position"",""reason"":""plateau_lite_2dcg_score_0.98"",""n_rows"":201},{""iter"":2,""scan"":""size"",""reason"":""plateau_lite_2dcg_score_0.95"",""n_rows"":40},{""iter"":3,""scan"":""position"",""reason"":""plateau_lite_2dcg_score_0.98"",""n_rows"":201},{""iter"":3,""scan"":""size"",""reason"":""plateau_lite_2dcg_score_0.95"",""n_rows"":40}]",0.85,0.9,37.890966909275065,True,814,11340.62580224274,7956.783831572437,2.452880388856297,3243.8531726703727,1.1238947368421053,74.92631578947369,63.687368421052646,0.2423720828393192,52.41261341278335,92.95247510577394,74.92631578947369,107.55128372054006,0.1195811895214411,0.7016177034955946,2.173850611945844,3.855270358285248,0.0569047552898756,0.0839002795733049,True,valid,110.0,101.2,7,10.330289244951231,41.306475644721,1705.905290353792,1999.04814749664,-322.0751573181295,91,501.2887101033801,426.09540358787314,0.8500000000000001,-90.0,False,1.650730054281866,0.9946204565543256,20,RefineV9Candidates2DCG_v11_exclude_source_002_010,failed,3.5110611884052827,-11.549924023251084,0.66975345660077
30,core_confirmed,high,0.9366666666666666,True,23.243719223408903,4,741,0.2777232938296551,False,27.32221876831105,-1,98,98,100,-350.9417698975005,2,10.703550995437864,40.95891362240467,1417.428571428572,1641.0000000000196,-355.0655716945535,99,382.8,382.8,1.0,-45.0,45.0,3.49999999999992,24.11049458723757,24.11049458723757,24.11049458723757,53.77006608468229,True,10.703550995437864,40.95891362240467,1419.048147496654,1651.1910046395303,572.2860000000001,572.2860000000001,1.0,1.0,-45.0,45.0,21.62834467120232,21.62834467120232,30.73482037243363,18.037921417639893,5613.289658114413,13137.445746833842,18664.4414635468,83.71083763132576,152.18601833228772,244.952936801313,67.05571007228629,86.32491927181597,76.19603058152333,0.3007477973063182,0.7038756435595656,True,52.41367989511774,297.0,763.0,1470.0,1252.0,27.33863108304353,23.2843306911364,18.15277477689372,0.1126910051058939,30.525999007859724,0.0952545630690306,12.373224230966006,0.1475557332578052,83.85458130147921,0.4053339655740732,1470,2062,27.314304130175337,38.07738648746438,33.9891099704821,5.668516238286413,35.66851623828686,36.11613388756679,0.0,1.495,"[{""iter"":1,""scan"":""position"",""reason"":""plateau_lite_2dcg_score_0.98"",""n_rows"":201},{""iter"":1,""scan"":""size"",""reason"":""plateau_lite_2dcg_score_0.95"",""n_rows"":43},{""iter"":2,""scan"":""position"",""reason"":""plateau_lite_2dcg_score_0.98"",""n_rows"":201},{""iter"":2,""scan"":""size"",""reason"":""plateau_lite_2dcg_score_0.95"",""n_rows"":48},{""iter"":3,""scan"":""position"",""reason"":""plateau_lite_2dcg_score_0.98"",""n_rows"":201},{""iter"":3,""scan"":""size"",""reason"":""plateau_lite_2dcg_score_0.95"",""n_rows"":48}]",1.0,1.0,30.71712260108873,True,1165,26706.70398629189,19251.261114809,3.18018792483578,6053.497959811008,1.0310526315789472,78.04986591478698,78.04986591478698,0.2489442959358649,55.24193343541064,93.75208493274845,78.04986591478698,119.79860040654212,0.1040171362513414,0.7208400229654077,2.291198682612338,3.888434747513404,0.0495350275867558,0.0749797148842128,True,valid,124.90369047619048,114.91139523809524,7,10.701468448811625,40.96882200512223,1419.048147496654,1651.1910046395303,-350.9417698975005,98,522.1865801876519,522.1865801876519,1.0,-45.0,False,2.014699472569593,1.3641237726950153,21,RefineV9Candidates2DCG_v11_exclude_source_002_010,failed,3.782006400379276,-4.078499544902147,0.8507259026257236
31,core_confirmed,high,0.9366666666666666,True,22.949027888545228,4,335,0.2420839823282171,False,8.01061736818525,-2,105,105,107,-379.80838247687154,2,10.655182288386763,40.95682797694521,1455.000000000001,1638.8571428571156,-388.0559860709775,107,264.0,264.0,1.0,-45.0,45.0,3.49999999999992,24.11049458723757,24.11049458723757,24.11049458723757,53.77006608468229,True,10.655182288386763,40.95682797694521,1460.0481474966543,1632.762433210912,264.0,264.0,1.0,1.0,-45.0,45.0,9.977324263038778,9.977324263038778,28.86075739038115,23.476129363660743,591.9269315560523,1242.2637425599069,1669.2346882833262,38.76913282398949,70.03890186502038,112.11062410061128,15.26799514044794,17.73676784587527,14.889174881278937,0.3546097715982655,0.7442115547200108,True,10.787162277060402,65.0,163.0,310.0,269.0,5.7652895481248265,5.002783511114769,23.45991267462053,0.2453566996297539,28.618138408573632,0.2087017138596431,5.158225733953103,0.3221122714538483,16.013751077136977,0.1802432310694172,310,437,5.764330448264782,8.123100885791937,2.88637023568453,17.668516238286593,-21.3314837617124,27.698531830023,0.0,1.0,"[{""iter"":1,""scan"":""position"",""reason"":""plateau_lite_2dcg_score_0.98"",""n_rows"":128},{""iter"":1,""scan"":""size"",""reason"":""plateau_lite_2dcg_score_0.95"",""n_rows"":26},{""iter"":2,""scan"":""position"",""reason"":""plateau_lite_2dcg_score_0.98"",""n_rows"":193},{""iter"":2,""scan"":""size"",""reason"":""plateau_lite_2dcg_score_0.95"",""n_rows"":26},{""iter"":3,""scan"":""position"",""reason"":""plateau_lite_2dcg_score_0.98"",""n_rows"":195},{""iter"":3,""scan"":""size"",""reason"":""plateau_lite_2dcg_score_0.95"",""n_rows"":26}]",1.0,1.0,28.689201413269497,True,251,2397.8559333509784,1867.317488623702,1.6212615534397503,1151.7681922832917,1.1393684210526316,39.7874686716792,39.7874686716792,0.5478205978357226,24.86521539394566,41.73494107623233,39.7874686716792,55.00549708015112,0.4746149884853218,0.7787446537766535,1.031302585020698,1.7309865181415198,0.3639514669944588,0.3696038848852123,True,valid,57.61904761904762,53.00952380952381,7,10.64868672463505,40.95090061906747,1460.0481474966543,1632.762433210912,-379.80838247687154,105,266.19497620496594,266.19497620496594,1.0,-45.0,True,8.823935951586733,1.008314303806689,22,RefineV9Candidates2DCG_v11_exclude_source_002_010,accepted,3.0613650806997112,14.938410520359978,2.8648263715214966
32,core_confirmed,high,0.9366666666666666,True,22.43882707620029,4,409,0.2407884214639047,False,22.554290894627822,0,53,53,55,-165.3706890301155,2,10.997932356396214,41.82864387760382,1192.0000000000002,2535.9999999999973,-165.3706890301155,53,319.0,255.2,0.8,40.0,-50.0,3.49999999999992,24.11049458723757,24.11049458723757,24.11049458723757,53.77006608468229,False,10.997932356396214,41.82864387760382,1192.7624332109394,2535.905290353794,319.0,255.2,0.8,1.25,35.0,-55.0,12.055933484505193,9.644746787604154,45.85075248655656,38.15375895402635,968.7237051191642,2058.508714877782,2824.796626438587,38.81937469292807,72.92041146209358,117.41555932466318,24.95464475618258,28.22952687188089,24.05811157129358,0.342935734223281,0.7287281128882839,True,17.17075609952943,72.0,192.0,367.0,310.0,6.8253589166510045,5.7652895481248265,38.16035431958665,0.2153217630849831,45.48201164856302,0.1840576849195888,7.3216573289763645,0.2832678821115875,25.84711430889348,0.1609791885537166,367,514,6.823711483363783,9.542490956876245,4.160847487900831,2.668516238287164,-0.3314837617112895,2.6890259199718667,5.0,1.0,"[{""iter"":1,""scan"":""position"",""reason"":""plateau_lite_2dcg_score_0.98"",""n_rows"":188},{""iter"":1,""scan"":""pa"",""reason"":""plateau_lite_2dcg_score_0.98"",""n_rows"":37},{""iter"":1,""scan"":""size"",""reason"":""plateau_lite_2dcg_score_0.95"",""n_rows"":31},{""iter"":2,""scan"":""position"",""reason"":""plateau_lite_2dcg_score_0.98"",""n_rows"":194},{""iter"":2,""scan"":""pa"",""reason"":""plateau_lite_2dcg_score_0.98"",""n_rows"":37},{""iter"":2,""scan"":""size"",""reason"":""plateau_lite_2dcg_score_0.95"",""n_rows"":31},{""iter"":3,""scan"":""position"",""reason"":""plateau_lite_2dcg_score_0.98"",""n_rows"":197},{""iter"":3,""scan"":""pa"",""reason"":""plateau_lite_2dcg_score_0.98"",""n_rows"":37},{""iter"":3,""scan"":""size"",""reason"":""plateau_lite_2dcg_score_0.95"",""n_rows"":31}]",0.6666666666666667,0.8,45.40130043585496,True,288,3807.333227707078,3301.3444881097457,1.820273143095314,1813.6533523182784,1.356,57.21746031746032,38.14497354497355,0.4003556275845333,31.767256415382075,50.9869905881023,57.21746031746032,65.3650312654127,0.3315694090970484,0.8671015355537823,1.3175696707689049,2.114721886090685,0.2504710959288276,0.2875043437707109,True,valid,69.62301587301589,64.05317460317463,7,10.99693712363082,41.828554463040895,1192.7624332109394,2535.905290353794,-165.3706890301155,53,382.8089847433896,255.2059898289264,0.6666666666666667,35.0,True,5.653241446723688,1.200028165339779,23,RefineV9Candidates2DCG_v11_exclude_source_002_010,accepted,3.258554282965735,-0.11546381842753206,0.9948806274173295
33,core_confirmed,high,0.9366666666666666,True,22.23738601954832,4,614,0.2690414107393782,False,7.629751985229919,-2,104,104,106,-375.6845806798185,2,10.778631369429196,40.85970818217148,1358.9999999999989,1538.999999999982,-379.80838247687154,106,360.0,342.0,0.95,-90.0,0.0,3.49999999999992,24.11049458723757,24.11049458723757,24.11049458723757,53.77006608468229,True,10.778631369429196,40.85970818217148,1357.1910046395094,1537.1910046394926,360.0,360.0,1.0,1.0,-90.0,0.0,13.605442176871062,13.605442176871062,24.433023296394435,18.38118043337764,1092.3257829810657,2416.860376308672,3516.1207034127583,50.8161181562516,93.851150254572,153.40880616687562,21.495655760684727,25.752059188970183,22.9199404601844,0.3106621970971732,0.6873655884346802,True,15.723489563191324,117.0,300.0,581.0,487.0,10.80526847567911,9.057083903021905,18.31755399872103,0.1759520693843723,24.128073100168,0.1520851797439139,5.810519101446971,0.2325704895690371,24.983905362258582,0.2408198564934931,581,820,10.796299591640857,15.224605151878334,6.016620503986127,-6.331483761712971,-6.331483761712971,8.954070205759505,0.0,1.0,"[{""iter"":1,""scan"":""position"",""reason"":""plateau_lite_2dcg_score_0.98"",""n_rows"":201},{""iter"":1,""scan"":""size"",""reason"":""plateau_lite_2dcg_score_0.95"",""n_rows"":39},{""iter"":2,""scan"":""position"",""reason"":""plateau_lite_2dcg_score_0.98"",""n_rows"":201},{""iter"":2,""scan"":""size"",""reason"":""plateau_lite_2dcg_score_0.95"",""n_rows"":38},{""iter"":3,""scan"":""position"",""reason"":""plateau_lite_2dcg_score_0.98"",""n_rows"":201},{""iter"":3,""scan"":""size"",""reason"":""plateau_lite_2dcg_score_0.95"",""n_rows"":38}]",1.0,1.0,24.52037218826032,True,462,4867.550893111012,3674.849867775135,1.998793168743903,1838.5343342375504,1.0465263157894735,49.83458646616541,49.83458646616541,0.4226681126541601,34.21390526340777,56.40109788717913,49.83458646616541,75.94111091769807,0.2821954635309256,0.7549689666267501,1.4190461808907993,2.339275856955417,0.1788466721102685,0.2130488174886997,True,valid,78.57142857142858,72.2857142857143,7,10.780954234476626,40.85794746911763,1357.1910046395094,1537.1910046394926,-375.6845806798185,104,333.4144393053027,333.4144393053027,1.0,-90.0,True,5.114290403503999,0.9261512202925076,24,RefineV9Candidates2DCG_v11_exclude_source_002_010,accepted,3.2644717446376665,14.607634034318401,2.9145621066840235
34,core_confirmed,high,0.9366666666666666,True,20.99456570805016,4,475,0.1711684881469266,False,8.699716971209412,0,139,139,141,-520.0176435766735,2,9.994108615990337,40.39956998501643,1972.9999999999936,1067.857142857149,-520.0176435766735,139,319.0,287.1,0.9,75.0,-15.0,3.49999999999992,24.11049458723757,24.11049458723757,24.11049458723757,53.77006608468229,False,9.994108615990337,40.39956998501643,1972.0481474966468,1068.619576068088,366.85,293.48,0.8,1.25,-85.0,5.0,13.864323507180968,11.091458805744772,55.81170193527939,43.5111200274258,2175.0978528056057,4371.892122809248,5879.678151954016,67.74689027585555,122.27086098169836,196.63590874690124,32.10623903103038,35.75579731513985,29.901345026060373,0.3699348495942328,0.7435597680387181,True,21.176934323972635,100.0,250.0,478.0,410.0,8.889704529044089,7.625060370100577,43.40524650693831,0.277889439306651,54.486084818154985,0.2364330093657977,11.080838311216674,0.3648603957624509,30.370076993588142,0.2033700594968147,478,672,8.86941606148612,12.44481631236641,6.176364365108865,-3.3314837617137223,2.6685162382863683,4.268461428730526,20.0,1.15,"[{""iter"":1,""scan"":""position"",""reason"":""plateau_lite_2dcg_score_0.98"",""n_rows"":201},{""iter"":1,""scan"":""pa"",""reason"":""plateau_lite_2dcg_score_0.98"",""n_rows"":37},{""iter"":1,""scan"":""size"",""reason"":""plateau_lite_2dcg_score_0.95"",""n_rows"":33},{""iter"":2,""scan"":""position"",""reason"":""plateau_lite_2dcg_score_0.98"",""n_rows"":201},{""iter"":2,""scan"":""pa"",""reason"":""plateau_lite_2dcg_score_0.98"",""n_rows"":37},{""iter"":2,""scan"":""size"",""reason"":""plateau_lite_2dcg_score_0.95"",""n_rows"":36},{""iter"":3,""scan"":""position"",""reason"":""plateau_lite_2dcg_score_0.98"",""n_rows"":201},{""iter"":3,""scan"":""pa"",""reason"":""plateau_lite_2dcg_score_0.98"",""n_rows"":37},{""iter"":3,""scan"":""size"",""reason"":""plateau_lite_2dcg_score_0.95"",""n_rows"":36}]",0.8,0.8,55.60701553772965,True,389,8869.859206093097,6046.3464190936265,2.5200235556299933,2399.3213895106114,1.015578947368421,49.281102756892224,39.42488220551378,0.3948630000975164,35.2517333276421,64.87158886476682,49.281102756892224,77.35436755908674,0.2817650041233779,0.6816733252022901,1.462090841815494,2.6905955259460064,0.1588459597904259,0.19207168728642,True,valid,80.06646825396825,73.66115079365079,7,9.995316216552094,40.40031865452609,1972.0481474966468,1068.619576068088,-520.0176435766735,139,329.71139943524724,263.7691195481978,0.8,-85.0,True,5.449764122125246,1.0335780546559474,25,RefineV9Candidates2DCG_v11_exclude_source_002_010,accepted,3.380088425684527,12.294848736840748,2.413246980048772
35,core_confirmed,high,0.9366666666666666,True,20.92214377204517,4,615,0.1940279492439296,False,9.685106262311557,0,144,144,146,-540.6366525619385,2,9.759902027693084,40.45333690572192,2155.857142857136,1124.8571428571431,-540.6366525619385,144,360.0,360.0,1.0,-90.0,0.0,3.49999999999992,24.11049458723757,24.11049458723757,24.11049458723757,53.77006608468229,True,9.759902027693084,40.45333690572192,2155.7624332109326,1124.7624332109392,360.0,360.0,1.0,1.0,-90.0,0.0,13.605442176871062,13.605442176871062,46.6624879356569,34.090860445242456,2412.169921356102,5184.696135878114,7304.11557193079,78.0327457282142,142.63482122778004,227.2291346278679,30.912277901352084,36.34944182107142,32.14427403375323,0.3302480495552266,0.7098321603511507,True,22.46912344241704,117.0,304.0,581.0,490.0,10.80526847567911,9.112877027681176,34.14858204508011,0.2672737427590602,46.59685362737376,0.2198891858745165,12.44827158229365,0.3461018746453043,35.96707355327391,0.267148328980324,581,816,10.774763834216808,15.132860347348691,9.60854359806953,-0.3314837617112895,-0.331483761713677,0.4687888315202451,0.0,1.0,"[{""iter"":1,""scan"":""position"",""reason"":""plateau_lite_2dcg_score_0.98"",""n_rows"":201},{""iter"":1,""scan"":""size"",""reason"":""plateau_lite_2dcg_score_0.95"",""n_rows"":40},{""iter"":2,""scan"":""position"",""reason"":""plateau_lite_2dcg_score_0.98"",""n_rows"":201},{""iter"":2,""scan"":""size"",""reason"":""plateau_lite_2dcg_score_0.95"",""n_rows"":40},{""iter"":3,""scan"":""position"",""reason"":""plateau_lite_2dcg_score_0.98"",""n_rows"":201},{""iter"":3,""scan"":""size"",""reason"":""plateau_lite_2dcg_score_0.95"",""n_rows"":41}]",1.0,1.0,46.82483085052928,True,462,9379.523382230029,7681.915193358749,3.022247057399372,2541.7892870641085,1.0465263157894735,49.83458646616541,49.83458646616541,0.4780550044849226,31.96962016389194,48.18660260850575,49.83458646616541,72.05157468808922,0.3193890237331105,0.8190091202195324,1.3259628519115672,1.99857379259289,0.2271658511285173,0.2615825233354302,True,valid,78.57142857142858,72.2857142857143,7,9.760024304882958,40.45324580316916,2155.7624332109326,1124.7624332109392,-540.6366525619385,144,333.4144393053027,333.4144393053027,1.0,-90.0,True,7.697817813423061,0.9261512202925076,26,RefineV9Candidates2DCG_v11_exclude_source_002_010,accepted,3.405139544936186,11.237037509733614,2.160238948896329
36,core_confirmed,high,0.9366666666666666,True,20.87280554216669,4,932,0.1827542142306189,False,22.14639647206216,0,95,95,97,-338.5703645063415,2,10.822578740917232,41.1513342985813,1325.285714285716,1839.0,-338.5703645063415,95,432.0,432.0,1.0,-90.0,0.0,3.49999999999992,24.11049458723757,24.11049458723757,24.11049458723757,53.77006608468229,True,10.822578740917232,41.1513342985813,1320.905290353798,1838.0481474966527,496.8,496.8,1.0,1.0,-90.0,0.0,18.775510204082064,18.775510204082064,27.18210319481228,17.355603739826368,3266.4135354024284,7485.629117515949,10848.455398304446,70.25896541337217,127.1861923855452,202.03623365740145,46.49105656743335,58.85567432370667,53.69559312167975,0.3010948024833978,0.690017965017021,True,36.545472148112935,223.0,577.0,1104.0,949.0,20.531869874612287,17.649225100549874,17.473368241709544,0.1258424278739881,26.740553255673905,0.1039114799026164,9.267185013964358,0.1631989960409431,56.78457122150078,0.3465592101015343,1104,1543,20.491698827134307,28.628050226980825,19.679216148477625,-15.331483761713107,-3.3314837617137223,15.689269530167262,0.0,1.15,"[{""iter"":1,""scan"":""position"",""reason"":""plateau_lite_2dcg_score_0.98"",""n_rows"":183},{""iter"":1,""scan"":""size"",""reason"":""plateau_lite_2dcg_score_0.95"",""n_rows"":46},{""iter"":2,""scan"":""position"",""reason"":""plateau_lite_2dcg_score_0.98"",""n_rows"":201},{""iter"":2,""scan"":""size"",""reason"":""plateau_lite_2dcg_score_0.95"",""n_rows"":48},{""iter"":3,""scan"":""position"",""reason"":""plateau_lite_2dcg_score_0.98"",""n_rows"":201},{""iter"":3,""scan"":""size"",""reason"":""plateau_lite_2dcg_score_0.95"",""n_rows"":48}]",1.0,1.0,27.37668050310031,True,876,16552.074184173332,12481.626443075394,2.943605511997905,4240.251077191309,1.1393684210526316,74.87278195488723,74.87278195488723,0.2850729898931022,50.0484705464298,82.87563779635701,74.87278195488723,104.1451092731447,0.1348540326749928,0.7540823164633955,2.0757960963987023,3.437326326778283,0.0705814131225584,0.101691041343989,True,valid,108.42857142857144,99.75428571428571,7,10.828232617106794,41.15040199173695,1320.905290353798,1838.0481474966527,-338.5703645063415,95,500.9305461311632,500.9305461311632,1.0,-90.0,True,2.503316693040748,1.1595614493776925,27,RefineV9Candidates2DCG_v11_exclude_source_002_010,accepted,3.6273915731517725,-1.2735909298954695,0.9424921823511055
37,core_confirmed,high,0.9366666666666666,True,19.26320399145732,4,355,0.1040331524322249,False,11.480054723420963,0,142,142,144,-532.3890489678325,2,10.184376122621789,40.90726934060041,1821.0000000000027,1588.999999999995,-532.3890489678325,142,319.0,255.2,0.8,40.0,-50.0,3.49999999999992,24.11049458723757,24.11049458723757,24.11049458723757,53.77006608468229,False,10.184376122621789,40.90726934060041,1821.7624332109417,1585.4767189252198,476.905,238.4525,0.5,2.0,30.0,-60.0,18.023620559335257,9.011810279667628,36.766098367701936,27.175388875009467,1730.4379726106058,3618.5692090832617,4910.443260258544,60.63943883941161,111.0123195545011,177.91611638357244,28.53651032611364,32.596104861197304,27.59976645214104,0.3523995453965382,0.7369129460000597,True,19.764861396698134,103.0,267.0,512.0,436.0,9.522026608515842,8.108600783814273,27.14605691336516,0.236313531592263,35.835191761700884,0.1976759420920456,8.689134848335723,0.3080906738211743,28.20317389217427,0.2424749086349887,512,717,9.487101558404396,13.288093471624114,6.838562012721656,2.6685162382863683,-12.33148376171306,12.616912089706853,10.0,1.495,"[{""iter"":1,""scan"":""position"",""reason"":""plateau_lite_2dcg_score_0.98"",""n_rows"":164},{""iter"":1,""scan"":""pa"",""reason"":""plateau_lite_2dcg_score_0.98"",""n_rows"":37},{""iter"":1,""scan"":""size"",""reason"":""plateau_lite_2dcg_score_0.95"",""n_rows"":30},{""iter"":2,""scan"":""position"",""reason"":""plateau_lite_2dcg_score_0.98"",""n_rows"":197},{""iter"":2,""scan"":""pa"",""reason"":""plateau_lite_2dcg_score_0.98"",""n_rows"":23},{""iter"":2,""scan"":""size"",""reason"":""plateau_lite_2dcg_score_0.95"",""n_rows"":31},{""iter"":3,""scan"":""position"",""reason"":""plateau_lite_2dcg_score_0.98"",""n_rows"":199},{""iter"":3,""scan"":""pa"",""reason"":""plateau_lite_2dcg_score_0.98"",""n_rows"":18},{""iter"":3,""scan"":""size"",""reason"":""plateau_lite_2dcg_score_0.95"",""n_rows"":27}]",0.5,0.5,36.59299045942336,True,405,6866.619086978646,4889.176013547594,2.205196473984734,2217.115831276919,0.9846315789473684,62.11319089390141,31.056595446950706,0.3350534789043126,43.994003470174206,80.34937661637991,62.11319089390141,100.52785569658792,0.1903535821620763,0.7120208579530893,1.8246827459716064,3.332547838272521,0.1003367633088487,0.1355357208854855,True,valid,104.08640873015872,95.75949603174602,7,10.183421295343484,40.90383964159575,1821.7624332109417,1585.4767189252198,-532.3890489678325,142,415.5634908180445,207.78174540902225,0.5,30.0,True,3.003097117575269,1.3027068677681646,28,RefineV9Candidates2DCG_v11_exclude_source_002_010,accepted,3.345788383042457,7.783149268036357,1.6779714431288915
38,core_confirmed,high,0.9366666666666666,True,18.66162189992862,4,588,0.1960203021696616,False,11.523581476281436,-1,131,131,133,-487.0272292002495,2,10.188600333077888,40.51420632549935,1820.0000000000032,1184.7142857142833,-487.0272292002495,132,360.0,360.0,1.0,-90.0,0.0,3.49999999999992,24.11049458723757,24.11049458723757,24.11049458723757,53.77006608468229,True,10.188600333077888,40.51420632549935,1821.619576068085,1186.3338617823651,414.0,414.0,1.0,1.0,-90.0,0.0,15.64625850340172,15.64625850340172,32.23683636976397,21.292761763377538,2593.2749559130507,5766.786083598268,8405.04929770478,86.81382773225684,156.79419712209716,252.4272027958265,29.87168085608423,36.779333607018735,33.29692364615366,0.308537744879285,0.6861097275387833,True,22.83829649911017,155.0,396.0,768.0,660.0,14.283039912773765,12.274487425039954,21.383858299600508,0.2247777329797984,31.049165140598813,0.1850791183197093,9.665306840998303,0.2911688672944594,33.19484988490809,0.3112903937104668,768,1078,14.151380287136348,19.827615793322725,10.333237889832882,5.668516238286413,5.668516238286413,8.016492542716765,0.0,1.15,"[{""iter"":1,""scan"":""position"",""reason"":""plateau_lite_2dcg_score_0.98"",""n_rows"":201},{""iter"":1,""scan"":""size"",""reason"":""plateau_lite_2dcg_score_0.95"",""n_rows"":41},{""iter"":2,""scan"":""position"",""reason"":""plateau_lite_2dcg_score_0.98"",""n_rows"":201},{""iter"":2,""scan"":""size"",""reason"":""plateau_lite_2dcg_score_0.95"",""n_rows"":43},{""iter"":3,""scan"":""position"",""reason"":""plateau_lite_2dcg_score_0.98"",""n_rows"":201},{""iter"":3,""scan"":""size"",""reason"":""plateau_lite_2dcg_score_0.95"",""n_rows"":44}]",1.0,1.0,29.61501081741836,True,615,10257.167317223915,6836.102352291287,3.283865389069423,2081.724292063169,1.015578947368421,55.61503759398496,55.61503759398496,0.3360630036969008,41.17348926305301,76.60776388640666,55.61503759398496,88.16413364057047,0.21087326377703,0.666470784854221,1.707699902798651,3.177361775355596,0.1075466432231894,0.1405408696142483,True,valid,90.35714285714286,83.12857142857143,7,10.1865174609173,40.51577201018665,1821.619576068085,1186.3338617823651,-487.0272292002495,131,372.0880996761411,372.0880996761411,1.0,-90.0,True,3.233358275086202,1.0335780546559474,29,RefineV9Candidates2DCG_v11_exclude_source_002_010,accepted,3.318423210109946,7.138040423647183,1.619428989011719
39,core_confirmed,high,0.9366666666666666,True,18.589815633008428,4,475,0.0768808099089634,False,7.340569851304443,0,96,96,98,-342.6941663033945,2,10.238621381679517,41.25555525091632,1777.0000000000018,1947.0000000000127,-342.6941663033945,96,319.0,287.1,0.9,-40.0,50.0,3.49999999999992,24.11049458723757,24.11049458723757,24.11049458723757,53.77006608468229,False,10.238621381679517,41.25555525091632,1776.905290353798,1946.9052903538088,319.0,287.1,0.9,1.1111111111111112,30.0,-60.0,12.055933484505193,10.85034013605467,26.016011304751725,18.77198263997286,985.1583417437176,2087.6027852677403,2970.051752559334,39.388226216842725,71.65574023586643,114.47499417603872,25.01149293497395,29.13378297950812,25.944982779313467,0.3316973655071139,0.7028843128638498,True,17.83678358397242,83.0,214.0,410.0,346.0,7.625060370100577,6.434807044036097,18.82805528460952,0.1908997012480199,26.159604277354827,0.1566841758667008,7.331548992745308,0.2469668538561612,29.68636834567021,0.280262228549531,410,581,7.621550396425392,10.796016001444393,8.319967750099789,-0.331483761713677,-0.331483761713677,0.4687888315219333,70.0,1.0,"[{""iter"":1,""scan"":""position"",""reason"":""plateau_lite_2dcg_score_0.98"",""n_rows"":201},{""iter"":1,""scan"":""pa"",""reason"":""plateau_lite_2dcg_score_0.98"",""n_rows"":37},{""iter"":1,""scan"":""size"",""reason"":""plateau_lite_2dcg_score_0.95"",""n_rows"":36},{""iter"":2,""scan"":""position"",""reason"":""plateau_lite_2dcg_score_0.98"",""n_rows"":201},{""iter"":2,""scan"":""pa"",""reason"":""plateau_lite_2dcg_score_0.98"",""n_rows"":37},{""iter"":2,""scan"":""size"",""reason"":""plateau_lite_2dcg_score_0.95"",""n_rows"":36},{""iter"":3,""scan"":""position"",""reason"":""plateau_lite_2dcg_score_0.98"",""n_rows"":201},{""iter"":3,""scan"":""pa"",""reason"":""plateau_lite_2dcg_score_0.98"",""n_rows"":37},{""iter"":3,""scan"":""size"",""reason"":""plateau_lite_2dcg_score_0.95"",""n_rows"":35}]",0.9,0.9,26.99030480369571,True,335,4589.748828043528,3726.948973365664,1.656450522295862,2249.960939491307,1.1393684210526316,48.07652464494571,43.26887218045114,0.4867692618621504,30.373462077758944,46.92914217004613,48.07652464494571,65.25780405106201,0.3518072440289464,0.8120158886677792,1.2597610541691897,1.9464197219283568,0.2545219347796918,0.2856730718999272,True,valid,69.62301587301589,64.05317460317463,7,10.238744492682528,41.25546364619359,1776.905290353798,1946.9052903538088,-342.6941663033945,96,321.65226291433385,289.4870366229005,0.9000000000000001,30.0,True,8.122980542664866,1.008314303806689,30,RefineV9Candidates2DCG_v11_exclude_source_002_010,accepted,3.352174978595525,11.249245781703983,2.532475817215329
40,core_confirmed,high,0.9366666666666666,True,15.50373360456283,4,399,0.0710361987538601,False,34.55264043809881,2,143,143,145,-536.5128507648855,2,10.054421061576798,40.50312692271886,1925.0000000000016,1173.9999999999875,-528.2652471707795,141,360.0,324.0,0.9,25.0,-65.0,3.49999999999992,24.11049458723757,24.11049458723757,24.11049458723757,53.77006608468229,False,10.054421061576798,40.50312692271886,1932.619576068084,1164.4767189252125,324.0,324.0,1.0,1.0,25.0,-65.0,12.244897959183954,12.244897959183954,38.09862093927512,29.312535688074338,1533.742643419249,3189.7689900078312,4129.460068064371,62.18545849584986,118.56047637853328,189.8449038094965,24.66400796130832,26.904151260523907,21.75175622416578,0.3714148140771755,0.772442144355931,True,16.283936677037442,91.0,248.0,470.0,396.0,8.740922863286027,7.364692455023972,29.31930280450213,0.2715620500396224,36.7405938523576,0.2319848820184525,7.421291047855469,0.3571595336916512,20.778644688965628,0.2019915921249937,470,659,8.733933477292718,12.239856587354698,4.197111522923713,26.66851623828673,-33.33148376171258,42.68720614082248,0.0,0.9,"[{""iter"":1,""scan"":""position"",""reason"":""plateau_lite_2dcg_score_0.98"",""n_rows"":13},{""iter"":1,""scan"":""pa"",""reason"":""plateau_lite_2dcg_score_0.98"",""n_rows"":13},{""iter"":1,""scan"":""size"",""reason"":""plateau_lite_2dcg_score_0.95"",""n_rows"":28},{""iter"":2,""scan"":""position"",""reason"":""plateau_lite_2dcg_score_0.98"",""n_rows"":115},{""iter"":2,""scan"":""pa"",""reason"":""plateau_lite_2dcg_score_0.98"",""n_rows"":37},{""iter"":2,""scan"":""size"",""reason"":""plateau_lite_2dcg_score_0.95"",""n_rows"":31},{""iter"":3,""scan"":""position"",""reason"":""plateau_lite_2dcg_score_0.98"",""n_rows"":191},{""iter"":3,""scan"":""pa"",""reason"":""plateau_lite_2dcg_score_0.98"",""n_rows"":37},{""iter"":3,""scan"":""size"",""reason"":""plateau_lite_2dcg_score_0.95"",""n_rows"":32}]",0.9666666666666668,1.0,38.03181650511856,True,383,6248.324886248321,4154.393628285254,2.4073979260354954,1725.6779958794398,1.0310526315789472,44.18796992481203,42.71503759398496,0.4169843576257093,31.38159118035265,59.513648120247055,44.18796992481203,68.6761109031809,0.3515424353995564,0.6648811807831067,1.301573929427557,2.468371103085934,0.2048742501896791,0.233733949543826,True,valid,70.71428571428572,65.05714285714286,7,10.04476680883525,40.49381340763935,1932.619576068084,1164.4767189252125,-536.5128507648855,143,295.63618886500666,285.7816492361731,0.9666666666666668,25.0,True,6.089440640617484,0.8212116357361297,31,RefineV9Candidates2DCG_v11_exclude_source_002_010,accepted,3.2369597614492367,-19.04890683353598,0.44869895348049676
41,core_confirmed,high,0.9366666666666666,True,11.637787531865431,4,303,0.2097465876950779,False,20.425917031522285,-1,128,128,130,-474.6558238090905,2,10.125270132634984,40.92060844881801,1866.8571428571456,1603.0000000000018,-478.7796256061435,129,264.0,264.0,1.0,45.0,-45.0,3.49999999999992,24.11049458723757,24.11049458723757,24.11049458723757,53.77006608468229,True,10.125270132634984,40.92060844881801,1865.048147496656,1602.048147496655,264.0,264.0,1.0,1.0,45.0,-45.0,9.977324263038778,9.977324263038778,19.224655609183174,13.542919420104427,638.3233585754766,1311.0690097896668,1755.6564824253328,48.330750181137496,86.93001371872387,138.2794633816747,13.207396040473652,15.081891210000755,12.696436907477896,0.3635810108442579,0.7467685295579604,True,9.131700939091736,65.0,163.0,309.0,270.0,5.746691839905069,5.021381219334526,13.56697618885826,0.3061601046182493,18.889156482503505,0.2563974756819799,5.322180293645246,0.3993415520528121,13.327389214286915,0.2817584945402422,309,434,5.740440682771975,8.039208935516204,3.755105121169344,-6.331483761712971,-3.3314837617137223,7.154472075520125,0.0,1.0,"[{""iter"":1,""scan"":""position"",""reason"":""plateau_lite_2dcg_score_0.98"",""n_rows"":176},{""iter"":1,""scan"":""size"",""reason"":""plateau_lite_2dcg_score_0.95"",""n_rows"":24},{""iter"":2,""scan"":""position"",""reason"":""plateau_lite_2dcg_score_0.98"",""n_rows"":198},{""iter"":2,""scan"":""size"",""reason"":""plateau_lite_2dcg_score_0.95"",""n_rows"":24},{""iter"":3,""scan"":""position"",""reason"":""plateau_lite_2dcg_score_0.98"",""n_rows"":198},{""iter"":3,""scan"":""size"",""reason"":""plateau_lite_2dcg_score_0.95"",""n_rows"":24}]",0.9333333333333332,1.0,17.581787755169398,True,240,1618.042593947651,1250.877056719183,1.6482595507672275,758.907816512835,0.9536842105263156,33.30325814536341,31.08304093567252,0.5723649884798835,21.901959937020145,36.07924643770848,33.30325814536341,54.40507408878065,0.5742882176700393,0.7730804253226309,0.9083994464640108,1.4964125396584085,0.4439709795741296,0.4439709795741296,True,valid,57.61904761904762,53.00952380952381,7,10.127605508460729,40.91969434375204,1865.048147496656,1602.048147496655,-474.6558238090905,128,222.8128681094781,207.9586769021796,0.9333333333333332,45.0,True,9.055188165618084,0.8439881367783262,32,RefineV9Candidates2DCG_v11_exclude_source_002_010,accepted,2.8801890259466205,-8.788129499656854,0.5697559386883547
42,core_confirmed,high,0.8799999999999999,True,29.26522215354424,5,449,0.1128230871951085,True,17.167749169627424,0,68,68,70,-227.2277159859105,2,11.093016540375544,41.39180825260956,1117.0000000000018,2087.0,-227.2277159859105,68,300.0,285.0,0.95,85.0,-5.0,3.49999999999992,24.11049458723757,24.11049458723757,24.11049458723757,53.77006608468229,True,11.093016540375544,41.39180825260956,1116.905290353798,2086.9052903537968,300.0,270.0,0.9,1.1111111111111112,85.0,-5.0,11.337868480725884,10.204081632653295,58.924352198485806,47.41658847944775,1513.6009212486165,3086.916805761427,4211.841521167928,42.80110174028675,79.15055305647974,128.92541870356655,35.36359719039503,39.00057152549124,32.66882173834207,0.3593679661595863,0.7329138074752245,True,22.977846237729548,72.0,188.0,366.0,308.0,6.806761208431247,5.728094131685312,47.372211808530125,0.237510980794822,58.9217647958765,0.2016758917888839,11.549552987346374,0.3115840678323587,37.0672129281025,0.1960150553425827,366,511,6.803296047861689,9.476409706938336,7.2657317934973085,-0.331483761713677,-0.3314837617112895,0.4687888315202451,0.0,1.0,"[{""iter"":1,""scan"":""position"",""reason"":""plateau_lite_2dcg_score_0.98"",""n_rows"":201},{""iter"":1,""scan"":""size"",""reason"":""plateau_lite_2dcg_score_0.95"",""n_rows"":32},{""iter"":2,""scan"":""position"",""reason"":""plateau_lite_2dcg_score_0.98"",""n_rows"":201},{""iter"":2,""scan"":""size"",""reason"":""plateau_lite_2dcg_score_0.95"",""n_rows"":32},{""iter"":3,""scan"":""position"",""reason"":""plateau_lite_2dcg_score_0.98"",""n_rows"":201},{""iter"":3,""scan"":""size"",""reason"":""plateau_lite_2dcg_score_0.95"",""n_rows"":32}]",0.9,0.9,59.01215367160492,True,285,5151.042693050954,4287.05560720615,1.643649914400562,2608.2534788252865,1.015578947368421,40.30075187969925,36.27067669172932,0.5996587210589773,24.599974731641247,38.279368381801085,40.30075187969925,59.61822350693894,0.4828125121682147,0.8322694768167286,1.0203015389266534,1.5876641701934862,0.3978123053809594,0.4018301169028105,True,valid,65.47619047619048,60.23809523809525,7,11.093138700492364,41.39171574179954,1116.905290353798,2086.9052903537968,-227.2277159859105,68,269.6290577363341,242.6661519627007,0.8999999999999999,85.0,True,14.786233773626192,0.8987635257877804,33,RefineV9Candidates2DCG_v11_exclude_source_002_010,accepted,3.4163497953059485,12.097472983916816,1.7046627291898717
43,core_confirmed,high,0.8799999999999999,True,26.155913382153752,5,656,0.0788473854858719,True,20.38603348602092,0,56,56,58,-177.74209442127452,2,11.212871198657384,41.491325973488486,1025.1428571428592,2189.85714285714,-177.74209442127452,56,360.0,360.0,1.0,-90.0,0.0,3.49999999999992,24.11049458723757,24.11049458723757,24.11049458723757,53.77006608468229,True,11.212871198657384,41.491325973488486,1024.1910046395126,2191.4767189252225,360.0,360.0,1.0,1.0,-90.0,0.0,13.605442176871062,13.605442176871062,41.8425693522948,29.934460407559403,2257.9054936887733,4833.8827579031495,6942.427514780735,58.62632187322602,107.71210264138156,173.59592128250122,38.51351102276695,44.877805180325545,39.99188151133447,0.325232851028202,0.6962813436095083,True,27.369447796753768,116.0,302.0,583.0,498.0,10.842463892118626,9.261658693439236,30.02670943259363,0.2025337398996875,42.198929255006746,0.1710550667513248,12.172219822413116,0.2651032848892191,45.915009417931664,0.2884485468542765,583,808,10.827941800033392,15.000814723617426,13.24411774540281,-3.3314837617129265,5.668516238288801,6.575017900987094,0.0,1.0,"[{""iter"":1,""scan"":""position"",""reason"":""plateau_lite_2dcg_score_0.98"",""n_rows"":201},{""iter"":1,""scan"":""size"",""reason"":""plateau_lite_2dcg_score_0.95"",""n_rows"":40},{""iter"":2,""scan"":""position"",""reason"":""plateau_lite_2dcg_score_0.98"",""n_rows"":201},{""iter"":2,""scan"":""size"",""reason"":""plateau_lite_2dcg_score_0.95"",""n_rows"":41},{""iter"":3,""scan"":""position"",""reason"":""plateau_lite_2dcg_score_0.98"",""n_rows"":201},{""iter"":3,""scan"":""size"",""reason"":""plateau_lite_2dcg_score_0.95"",""n_rows"":41}]",1.0,1.0,42.21927940195592,True,464,10549.324312697136,8370.609957760658,2.666506764459652,3139.1669690577,1.2167368421052631,57.93984962406016,57.93984962406016,0.4147438883494497,35.85746448492711,58.52384131587554,57.93984962406016,75.16117595069525,0.275403703671132,0.7934735637699389,1.487213974611187,2.4273181582452485,0.1791907179420692,0.2185255582273733,True,valid,78.57142857142858,72.2857142857143,7,11.21411950952992,41.4928949113503,1024.1910046395126,2191.4767189252225,-177.74209442127452,56,387.64207442466255,387.64207442466255,1.0,-90.0,True,6.399661148410861,1.076783540068507,34,RefineV9Candidates2DCG_v11_exclude_source_002_010,accepted,3.4968144159905514,5.7698798961328315,1.283031022199063
44,core_confirmed,high,0.8799999999999999,True,18.81902524809336,5,352,0.1693172396625403,True,9.695743154937862,0,77,77,79,-264.3419321593875,2,11.078296571630302,41.31505278008097,1128.0000000000005,2007.9999999999905,-264.3419321593875,77,319.0,255.2,0.8,40.0,-50.0,3.49999999999992,24.11049458723757,24.11049458723757,24.11049458723757,53.77006608468229,False,11.078296571630302,41.31505278008097,1127.9052903537963,2008.7624332109287,414.7,248.82,0.6,1.6666666666666667,25.0,-65.0,15.672713529856749,9.403628117914048,35.059834689330685,27.41020944580275,1270.8363575399242,2613.667699820008,3526.4772372663792,48.80275426916892,89.90423074412156,144.50412762990757,26.04025892741004,29.07168748552919,24.403989665251025,0.3603699306804654,0.7411554148712002,True,17.431902109056022,90.0,238.0,461.0,394.0,8.57354348930821,7.327497038584458,27.416435482693025,0.2149968646157902,34.527758400670216,0.1769655933859387,7.111322917977191,0.2784609003739265,25.537958501275654,0.2059595886722595,461,646,8.563949022004817,11.959988212074869,5.259787428451967,-0.331483761713677,2.6685162382863683,2.689025919971371,15.0,1.3,"[{""iter"":1,""scan"":""position"",""reason"":""plateau_lite_2dcg_score_0.98"",""n_rows"":196},{""iter"":1,""scan"":""pa"",""reason"":""plateau_lite_2dcg_score_0.98"",""n_rows"":37},{""iter"":1,""scan"":""size"",""reason"":""plateau_lite_2dcg_score_0.95"",""n_rows"":32},{""iter"":2,""scan"":""position"",""reason"":""plateau_lite_2dcg_score_0.98"",""n_rows"":199},{""iter"":2,""scan"":""pa"",""reason"":""plateau_lite_2dcg_score_0.98"",""n_rows"":28},{""iter"":2,""scan"":""size"",""reason"":""plateau_lite_2dcg_score_0.95"",""n_rows"":36},{""iter"":3,""scan"":""position"",""reason"":""plateau_lite_2dcg_score_0.98"",""n_rows"":199},{""iter"":3,""scan"":""pa"",""reason"":""plateau_lite_2dcg_score_0.98"",""n_rows"":26},{""iter"":3,""scan"":""size"",""reason"":""plateau_lite_2dcg_score_0.95"",""n_rows"":35}]",0.55,0.6,34.37413314642777,True,367,4009.532242003596,3275.845890012316,1.7728985452610335,1847.734546778589,1.0001052631578946,54.86027151211362,30.17314933166249,0.4355645159117535,34.584555179319125,53.29982052204454,54.86027151211362,81.67784049575216,0.2880663725728171,0.8170144775729125,1.4344191511370237,2.210648161081597,0.1965098294616029,0.2353543968939041,True,valid,90.50992063492065,83.269126984127,7,11.07842364182342,41.31579361002517,1127.9052903537963,2008.7624332109287,-264.3419321593875,77,367.0383956886374,201.87111762875057,0.5499999999999999,25.0,True,5.393427499845006,1.150590582096042,35,RefineV9Candidates2DCG_v11_exclude_source_002_010,accepted,3.2666395788158966,9.123282093155499,1.9409574848844031
45,core_confirmed,high,0.8733333333333333,True,23.41984201581465,3,437,0.182365474570124,False,14.379317479511652,-1,112,112,114,-408.67499505624255,2,10.522961875609816,40.80226961620213,1557.999999999999,1479.9999999999989,-408.67499505624255,113,319.0,287.1,0.9,25.0,-65.0,3.49999999999992,24.11049458723757,24.11049458723757,24.11049458723757,53.77006608468229,False,10.522961875609816,40.80226961620213,1556.1910046395096,1481.6195760680807,366.85,330.165,0.9,1.1111111111111112,25.0,-65.0,13.864323507180968,12.47789115646287,33.07460866792604,24.802729118377428,1755.319709678389,3496.110191167615,4458.5430772066975,57.77159731997932,105.57133820393211,167.97621023957646,30.383783573720606,33.116092403926714,26.542705486971577,0.3936980487307766,0.784137358465974,True,19.729222744030213,109.0,283.0,539.0,461.0,10.024164730449296,8.57354348930821,24.91605570248163,0.213233481351414,33.34206291871479,0.1752664481381658,8.42600721623316,0.2760196467866232,30.5268386302475,0.2527140338249338,539,760,9.979611106344684,14.024881329957758,7.714560530172663,-6.331483761712971,5.668516238286413,8.498221164958688,0.0,1.15,"[{""iter"":1,""scan"":""position"",""reason"":""plateau_lite_2dcg_score_0.98"",""n_rows"":201},{""iter"":1,""scan"":""pa"",""reason"":""plateau_lite_2dcg_score_0.98"",""n_rows"":37},{""iter"":1,""scan"":""size"",""reason"":""plateau_lite_2dcg_score_0.95"",""n_rows"":35},{""iter"":2,""scan"":""position"",""reason"":""plateau_lite_2dcg_score_0.98"",""n_rows"":201},{""iter"":2,""scan"":""pa"",""reason"":""plateau_lite_2dcg_score_0.98"",""n_rows"":37},{""iter"":2,""scan"":""size"",""reason"":""plateau_lite_2dcg_score_0.95"",""n_rows"":42},{""iter"":3,""scan"":""position"",""reason"":""plateau_lite_2dcg_score_0.98"",""n_rows"":201},{""iter"":3,""scan"":""pa"",""reason"":""plateau_lite_2dcg_score_0.98"",""n_rows"":37},{""iter"":3,""scan"":""size"",""reason"":""plateau_lite_2dcg_score_0.95"",""n_rows"":42}]",0.7999999999999999,0.9,33.251739722465885,True,435,6394.096784880232,4697.350988107632,2.217181403065859,2118.613741578501,1.092947368421053,53.03541562238932,42.42833249791145,0.3777540744578218,34.20397119774662,59.81246194564799,53.03541562238932,75.12946671929673,0.2982872017184567,0.734638706003825,1.418634158415474,2.4807646201214206,0.1839811037325684,0.2191333238879489,True,valid,80.06646825396825,73.66115079365079,7,10.525281496978488,40.80384750663509,1556.1910046395096,1481.6195760680807,-408.67499505624255,112,354.8293387578952,283.86347100631616,0.8,25.0,True,5.186443721867435,1.1123176763570382,36,RefineV9Candidates2DCG_v11_exclude_source_002_010,accepted,3.326051784841087,9.040524536302996,1.6287172217446602
46,core_confirmed,high,0.8733333333333333,True,22.92801436450896,3,343,0.2456484772149358,False,22.27630921319953,0,96,96,98,-342.6941663033945,2,10.476044552249954,41.30761714685362,1593.2857142857142,1999.8571428571413,-342.6941663033945,96,319.0,223.3,0.7,45.0,-45.0,3.49999999999992,24.11049458723757,24.11049458723757,24.11049458723757,53.77006608468229,False,10.476044552249954,41.30761714685362,1593.1910046395103,2000.6195760680805,319.0,223.3,0.7,1.4285714285714286,45.0,-45.0,12.055933484505193,8.439153439153632,26.039814896724927,20.38329899712677,600.0113793130595,1272.2378756176768,1815.741603771008,30.708157308650293,56.47621706251404,92.7700222667047,19.539152847313314,22.526966956894885,19.572503696840013,0.3304497611702737,0.700671214987551,True,13.417411249014096,65.0,165.0,321.0,272.0,5.969864338542159,5.058576635774042,20.137389491361983,0.1916675695939391,25.25609767211733,0.1683152144760508,5.118708180755348,0.2550812981348622,20.066967740022523,0.202672172368354,321,447,5.946167704246357,8.213643344100479,4.0670159447160446,-0.331483761713677,2.6685162382863683,2.689025919971371,0.0,1.0,"[{""iter"":1,""scan"":""position"",""reason"":""plateau_lite_2dcg_score_0.98"",""n_rows"":177},{""iter"":1,""scan"":""pa"",""reason"":""plateau_lite_2dcg_score_0.98"",""n_rows"":37},{""iter"":1,""scan"":""size"",""reason"":""plateau_lite_2dcg_score_0.95"",""n_rows"":29},{""iter"":2,""scan"":""position"",""reason"":""plateau_lite_2dcg_score_0.98"",""n_rows"":194},{""iter"":2,""scan"":""pa"",""reason"":""plateau_lite_2dcg_score_0.98"",""n_rows"":37},{""iter"":2,""scan"":""size"",""reason"":""plateau_lite_2dcg_score_0.95"",""n_rows"":29},{""iter"":3,""scan"":""position"",""reason"":""plateau_lite_2dcg_score_0.98"",""n_rows"":194},{""iter"":3,""scan"":""pa"",""reason"":""plateau_lite_2dcg_score_0.98"",""n_rows"":37},{""iter"":3,""scan"":""size"",""reason"":""plateau_lite_2dcg_score_0.95"",""n_rows"":29}]",0.7,0.7,26.218706217865435,True,255,2461.9004736866145,1871.6231640850488,1.2066962780279604,1551.030858522033,1.0465263157894735,44.15898078529658,30.9112865497076,0.4839779095246238,29.62045316548847,48.52990792804975,44.15898078529658,66.29505527480083,0.3661874627541631,0.760235104582581,1.2285294711941532,2.0128126261556707,0.2511646999528001,0.2783885640437412,True,valid,69.62301587301589,64.05317460317463,7,10.476164759998207,41.30835862060788,1593.1910046395103,2000.6195760680805,-342.6941663033945,96,295.44223927330995,206.80956749131693,0.6999999999999998,45.0,True,6.979739751951326,0.9261512202925076,37,RefineV9Candidates2DCG_v11_exclude_source_002_010,accepted,3.1906204384019485,0.6517051513094323,1.0292555263563712
47,core_confirmed,high,0.8733333333333333,True,22.52196704926532,3,338,0.0895993016910901,False,13.65599667597996,1,144,144,146,-540.6366525619385,2,10.041545363122705,40.493331778274815,1935.1428571428623,1163.999999999974,-536.5128507648855,143,264.0,264.0,1.0,-45.0,45.0,3.49999999999992,24.11049458723757,24.11049458723757,24.11049458723757,53.77006608468229,True,10.041545363122705,40.493331778274815,1933.3338617823729,1164.762433210913,303.6,303.6,1.0,1.0,-45.0,45.0,11.473922902494593,11.473922902494593,34.21094304562089,22.50426421139124,1592.474443562325,3425.5167819347216,4834.858358536843,59.19995323845893,109.22954412848917,176.40674889669157,26.899927389263247,31.36071663821292,27.4074455131434,0.3293735463316137,0.7085040611140828,True,19.1292278291418,83.0,215.0,413.0,349.0,7.68085349475985,6.490600168695369,22.49077165365387,0.2876531690385713,34.10782855658835,0.2442477101958764,11.617056902934484,0.377360953986845,30.7849998262922,0.3405979622437882,413,584,7.674627770555381,10.847464220986774,10.485308208510498,-6.331483761712971,2.6685162382863683,6.870856244954705,0.0,1.15,"[{""iter"":1,""scan"":""position"",""reason"":""plateau_lite_2dcg_score_0.98"",""n_rows"":201},{""iter"":1,""scan"":""size"",""reason"":""plateau_lite_2dcg_score_0.95"",""n_rows"":26},{""iter"":2,""scan"":""position"",""reason"":""plateau_lite_2dcg_score_0.98"",""n_rows"":201},{""iter"":2,""scan"":""size"",""reason"":""plateau_lite_2dcg_score_0.95"",""n_rows"":33},{""iter"":3,""scan"":""position"",""reason"":""plateau_lite_2dcg_score_0.98"",""n_rows"":201},{""iter"":3,""scan"":""size"",""reason"":""plateau_lite_2dcg_score_0.95"",""n_rows"":33}]",1.0,1.0,34.284828511593545,True,329,6197.5467151571975,5084.977887204364,2.3164183239243274,2195.1898043138085,1.0465263157894735,42.02716791979949,42.02716791979949,0.5557212480411338,26.787940966842445,40.72581613108057,42.02716791979949,61.06827820703688,0.4304194498579518,0.8204823813216527,1.1110490027451416,1.6891323396011126,0.3350383650990508,0.353151575186608,True,valid,66.26190476190476,60.96095238095238,7,10.04385097638931,40.494086082500296,1933.3338617823729,1164.762433210913,-540.6366525619385,144,281.1795104808052,281.1795104808052,1.0,-45.0,True,11.206885348072383,1.0650739033363834,38,RefineV9Candidates2DCG_v11_exclude_source_002_010,accepted,3.3414720769254664,8.86597037328536,1.6492364185237425
48,core_confirmed,high,0.8733333333333333,True,21.66327725953983,3,763,0.4796099220458341,False,26.97794989278668,1,74,74,76,-251.97052676822847,2,11.125401971321656,41.38974507036187,1092.0000000000189,2084.999999999996,-247.84672497117552,73,420.0,420.0,1.0,-90.0,0.0,3.49999999999992,24.11049458723757,24.11049458723757,24.11049458723757,53.77006608468229,True,11.125401971321656,41.38974507036187,1092.762433210958,2087.476718925221,483.0,483.0,1.0,1.0,-90.0,0.0,18.253968253968672,18.253968253968672,19.676549961390847,13.028296072890909,2546.2299437589445,5283.638365633145,6940.777059593936,75.36840565111125,135.84105131845735,216.61970529011143,33.78378409045465,38.89574112060212,32.04130044539756,0.3668508470877048,0.761245941235038,True,23.613021167943646,212.0,544.0,1044.0,889.0,19.41600738142684,16.533362607364424,12.992532019321072,0.141679711823469,19.97748195695797,0.1176934107747658,6.984949937636898,0.1841870779457099,37.92312693996779,0.3496411586147925,1044,1469,19.35087441145996,27.20564977775777,13.25948604158619,2.6685162382863683,8.668516238288051,9.069958802963862,0.0,1.15,"[{""iter"":1,""scan"":""position"",""reason"":""plateau_lite_2dcg_score_0.98"",""n_rows"":201},{""iter"":1,""scan"":""size"",""reason"":""plateau_lite_2dcg_score_0.95"",""n_rows"":46},{""iter"":2,""scan"":""position"",""reason"":""plateau_lite_2dcg_score_0.98"",""n_rows"":201},{""iter"":2,""scan"":""size"",""reason"":""plateau_lite_2dcg_score_0.95"",""n_rows"":47},{""iter"":3,""scan"":""position"",""reason"":""plateau_lite_2dcg_score_0.98"",""n_rows"":201},{""iter"":3,""scan"":""size"",""reason"":""plateau_lite_2dcg_score_0.95"",""n_rows"":48}]",1.0,1.0,18.07982811268817,True,838,7387.063326460408,5797.269053896567,2.678979854526109,2163.983817982856,0.969157894736842,61.91842105263157,61.91842105263157,0.3871389569290933,39.60874656930544,63.95583406757523,61.91842105263157,95.6438128705664,0.2216548198271989,0.7847867004376139,1.6428010809148463,2.652613941044122,0.1357176477769289,0.1739517546882812,True,valid,105.41666666666669,96.98333333333336,7,11.124430214181544,41.392156721801385,1092.762433210958,2087.476718925221,-251.97052676822847,74,414.2603982868231,414.2603982868231,1.0,-90.0,True,3.9918210076354392,0.986334281635293,39,RefineV9Candidates2DCG_v11_exclude_source_002_010,accepted,3.3352540088434837,-5.31467263324685,0.8029993882274992
49,core_confirmed,high,0.8733333333333333,True,21.5123067638504,3,605,0.3438133792294006,False,18.871561443967444,-2,95,95,97,-338.5703645063415,2,10.410812726624233,41.29886983796743,1643.7142857142971,1991.000000000003,-346.8179681004475,97,360.0,360.0,1.0,-90.0,0.0,3.49999999999992,24.11049458723757,24.11049458723757,24.11049458723757,53.77006608468229,True,10.410812726624233,41.29886983796743,1651.3338617823792,1990.9052903537995,468.0,280.8,0.6,1.6666666666666667,-90.0,0.0,17.687074829932378,10.612244897959428,23.197162638617986,20.096498814290168,592.690920432241,1342.0395786541258,1835.592984002069,45.528816685956045,84.20673579638223,135.8684687469817,13.017929381306857,15.937437379110278,13.510073388847598,0.3228879852983644,0.7311204555424543,True,9.79486043351448,117.0,307.0,592.0,507.0,11.009843266096444,9.429038067417055,20.09565102106305,0.1555855806900274,22.546497690079217,0.1322351495410079,2.450846669016162,0.204188657110981,12.002854143284136,0.1087018792322041,592,827,11.001888504602643,15.361990160418763,1.3047328015250337,26.66851623828673,-0.3314837617128812,26.67057629366194,0.0,1.3,"[{""iter"":1,""scan"":""position"",""reason"":""plateau_lite_2dcg_score_0.98"",""n_rows"":44},{""iter"":1,""scan"":""size"",""reason"":""plateau_lite_2dcg_score_0.95"",""n_rows"":36},{""iter"":2,""scan"":""position"",""reason"":""plateau_lite_2dcg_score_0.98"",""n_rows"":193},{""iter"":2,""scan"":""size"",""reason"":""plateau_lite_2dcg_score_0.95"",""n_rows"":32},{""iter"":3,""scan"":""position"",""reason"":""plateau_lite_2dcg_score_0.98"",""n_rows"":196},{""iter"":3,""scan"":""size"",""reason"":""plateau_lite_2dcg_score_0.95"",""n_rows"":32}]",0.5,0.6,22.96829679336917,True,465,2673.820727188515,1940.638655499957,1.85091007283561,1048.4780886879512,1.1857894736842105,73.40601503759399,36.703007518796994,0.2488822076344258,49.297560416246135,84.87931671347309,73.40601503759399,99.32015115650516,0.1390841192072637,0.7257923598866374,2.044651561911171,3.5204303423291163,0.0705960305706695,0.1009461911021943,True,valid,102.14285714285715,93.9714285714286,7,10.400952676820406,41.2987539739396,1651.3338617823792,1990.9052903537995,-338.5703645063415,95,491.1172557238489,245.5586278619245,0.5,-90.0,True,1.120859234991192,1.3642145992329138,40,RefineV9Candidates2DCG_v11_exclude_source_002_010,accepted,3.02055935892025,2.6407453198829565,1.1399325290450255
50,core_confirmed,high,0.8733333333333333,True,21.318388828330946,3,630,0.2474253347083747,False,23.22911801368392,0,51,51,53,-157.1230854360095,2,11.381026744266665,41.67808617868612,897.142857142859,2382.857142857129,-157.1230854360095,51,360.0,360.0,1.0,-90.0,0.0,3.49999999999992,24.11049458723757,24.11049458723757,24.11049458723757,53.77006608468229,True,11.381026744266665,41.67808617868612,894.4767189252268,2381.9052903537827,414.0,414.0,1.0,1.0,-90.0,0.0,15.64625850340172,15.64625850340172,37.673223910570975,29.56574128165809,2165.2904386093355,4501.252381311846,6250.869106891834,66.36402683780938,123.42026638628418,201.33817683876,32.627472168034735,36.47093393254963,31.046616220717,0.346398301033374,0.7201002459560438,True,21.6626850544382,156.0,401.0,771.0,654.0,14.338833037433035,12.162901175721409,29.483813511656408,0.1735955034610581,37.89522401216979,0.1521765518073222,8.411410500513384,0.2308529872924863,36.436221160336494,0.2219649235431915,771,1074,14.301840479052151,19.90610317007961,8.087563044056907,-9.33148376171262,-3.3314837617121307,9.908348664114412,0.0,1.15,"[{""iter"":1,""scan"":""position"",""reason"":""plateau_lite_2dcg_score_0.98"",""n_rows"":201},{""iter"":1,""scan"":""size"",""reason"":""plateau_lite_2dcg_score_0.95"",""n_rows"":40},{""iter"":2,""scan"":""position"",""reason"":""plateau_lite_2dcg_score_0.98"",""n_rows"":201},{""iter"":2,""scan"":""size"",""reason"":""plateau_lite_2dcg_score_0.95"",""n_rows"":45},{""iter"":3,""scan"":""position"",""reason"":""plateau_lite_2dcg_score_0.98"",""n_rows"":201},{""iter"":3,""scan"":""size"",""reason"":""plateau_lite_2dcg_score_0.95"",""n_rows"":44}]",0.9333333333333332,1.0,37.89084089344725,True,619,9957.858904458004,6724.193528080562,2.710196599581841,2481.0722325893425,1.1238947368421053,61.54661654135339,57.44350877192983,0.3000067218730035,43.96984438305464,76.65328740105615,61.54661654135339,87.63144343189826,0.2009358706233505,0.675264993468649,1.823680730561588,3.179249895671202,0.1004748356055868,0.135684959364094,True,valid,90.35714285714286,83.12857142857143,7,11.38448719801815,41.677139944730335,894.4767189252268,2381.9052903537827,-157.1230854360095,51,411.7728690134908,384.3213444125914,0.9333333333333332,-90.0,True,3.0026738558622044,1.1438135250374744,41,RefineV9Candidates2DCG_v11_exclude_source_002_010,accepted,3.3946394082699167,-1.9107291853529738,0.9177442215314678
51,core_confirmed,high,0.8733333333333333,True,19.465103921496468,3,314,0.2562564007960156,False,12.69855123035403,0,55,55,57,-173.6182926242215,2,10.906838736364437,41.79024003242813,1261.7142857142776,2496.2857142857297,-173.6182926242215,55,264.0,237.6,0.9,45.0,-45.0,3.49999999999992,24.11049458723757,24.11049458723757,24.11049458723757,53.77006608468229,False,10.906838736364437,41.79024003242813,1260.7624332109308,2496.1910046395265,264.0,237.6,0.9,1.1111111111111112,25.0,-65.0,9.977324263038778,8.979591836734901,41.441209137451246,33.910029617887325,712.7290252629543,1501.5168739327155,2086.136726919207,35.13566071550577,64.0125853421613,101.9609982570131,20.28506112447798,23.45658851156813,20.46014419808525,0.3416501977391999,0.7197595701937264,True,14.363045350419114,57.0,146.0,277.0,235.0,5.151565176872829,4.3704614316430135,33.89850352413913,0.2504568992797025,41.55382530804814,0.207958737299777,7.6553217839090095,0.3255387762097178,23.515852314248782,0.1842266440492141,277,394,5.150277846404472,7.324125297318848,4.332246553810998,-3.3314837617137223,-0.3314837617112895,3.347934518302364,20.0,1.0,"[{""iter"":1,""scan"":""position"",""reason"":""plateau_lite_2dcg_score_0.98"",""n_rows"":196},{""iter"":1,""scan"":""pa"",""reason"":""plateau_lite_2dcg_score_0.98"",""n_rows"":37},{""iter"":1,""scan"":""size"",""reason"":""plateau_lite_2dcg_score_0.95"",""n_rows"":24},{""iter"":2,""scan"":""position"",""reason"":""plateau_lite_2dcg_score_0.98"",""n_rows"":199},{""iter"":2,""scan"":""pa"",""reason"":""plateau_lite_2dcg_score_0.98"",""n_rows"":37},{""iter"":2,""scan"":""size"",""reason"":""plateau_lite_2dcg_score_0.95"",""n_rows"":24},{""iter"":3,""scan"":""position"",""reason"":""plateau_lite_2dcg_score_0.98"",""n_rows"":199},{""iter"":3,""scan"":""pa"",""reason"":""plateau_lite_2dcg_score_0.98"",""n_rows"":37},{""iter"":3,""scan"":""size"",""reason"":""plateau_lite_2dcg_score_0.95"",""n_rows"":25}]",0.9,0.9,40.86161388414136,True,227,2464.1371609602684,1938.32282124856,1.3245269384602552,1463.407624990877,1.015578947368421,35.464661654135334,31.918195488721807,0.6018749826146684,23.06240870546756,36.40890748970136,35.464661654135334,54.61270454077814,0.5297903829215526,0.7866132015529523,0.956529888759528,1.510085467469992,0.416740109261887,0.416740109261887,True,valid,57.61904761904762,53.00952380952381,7,10.908079598533734,41.79014557782182,1260.7624332109308,2496.1910046395265,-173.6182926242215,55,237.273570807974,213.54621372717665,0.9000000000000001,25.0,True,12.19812330618325,0.8987635257877803,42,RefineV9Candidates2DCG_v11_exclude_source_002_010,accepted,3.165365313566607,6.766552691142438,1.5328602112474046
52,core_confirmed,high,0.8733333333333333,True,17.40019847438127,3,989,0.7844407140656421,False,49.705016178770535,0,53,53,55,-165.3706890301155,2,10.97143092911559,41.77954297326665,1212.1428571428555,2485.4285714285825,-165.3706890301155,53,504.0,504.0,1.0,-90.0,0.0,3.49999999999992,24.11049458723757,24.11049458723757,24.11049458723757,53.77006608468229,True,10.97143092911559,41.77954297326665,1212.0481474966516,2485.3338617823792,504.0,504.0,1.0,1.0,-90.0,0.0,19.047619047619484,19.047619047619484,32.963530102275165,24.2117603912687,3180.316062171886,6766.626285663982,9985.769240258378,71.53169212291198,131.53837751606832,213.26888703752527,44.460238081704965,51.44222099620616,46.82243799819405,0.318484834333063,0.6776269431886951,True,31.093574614444783,230.0,591.0,1141.0,970.0,21.21998507874332,18.03977697316478,24.19369530477413,0.1263257299291573,32.60641748600227,0.1071767559771732,8.412722181228137,0.1656654673247413,50.78138683384944,0.2580081723126947,1141,1595,21.20849001991965,29.570697949474475,13.102012804505431,-0.331483761713677,-0.3314837617112895,0.4687888315202451,0.0,1.0,"[{""iter"":1,""scan"":""position"",""reason"":""plateau_lite_2dcg_score_0.98"",""n_rows"":201},{""iter"":1,""scan"":""size"",""reason"":""plateau_lite_2dcg_score_0.95"",""n_rows"":47},{""iter"":2,""scan"":""position"",""reason"":""plateau_lite_2dcg_score_0.98"",""n_rows"":201},{""iter"":2,""scan"":""size"",""reason"":""plateau_lite_2dcg_score_0.95"",""n_rows"":47},{""iter"":3,""scan"":""position"",""reason"":""plateau_lite_2dcg_score_0.98"",""n_rows"":201},{""iter"":3,""scan"":""size"",""reason"":""plateau_lite_2dcg_score_0.95"",""n_rows"":47}]",0.9,1.0,27.386708815915075,True,912,6976.302904281122,5107.089390859012,2.98461962635451,1711.1357660999302,1.1703157894736842,78.02105263157895,70.21894736842106,0.2778323879465317,50.01102315944536,91.54535631615305,78.02105263157895,106.8699652917648,0.1695952587310186,0.7320624492558891,2.0742429392517616,3.796909100513053,0.0862049148292604,0.1241543204888157,True,valid,110.0,101.2,7,10.971553994941065,41.77945058737424,1212.0481474966516,2485.3338617823792,-165.3706890301155,53,521.9938071489538,469.7944264340584,0.8999999999999999,-90.0,True,1.949121055267645,1.0357019983114162,43,RefineV9Candidates2DCG_v11_exclude_source_002_010,accepted,3.2332844689968847,-32.304817704389265,0.3500692648765911
53,core_confirmed,high,0.8733333333333333,True,12.720363447884468,3,296,0.1778495357328468,False,7.804782492970609,-1,149,149,151,-561.2556615472035,2,9.807067193201023,40.33618974495808,2120.142857142866,1003.9999999999908,-561.2556615472035,150,264.0,264.0,1.0,-45.0,45.0,3.49999999999992,24.11049458723757,24.11049458723757,24.11049458723757,53.77006608468229,True,9.807067193201023,40.33618974495808,2120.9052903538054,1004.76243321093,264.0,264.0,1.0,1.0,-45.0,45.0,9.977324263038778,9.977324263038778,65.06614206737902,56.78587329527014,870.2032132814224,1835.4042312471083,2566.8833193537503,58.08369813227586,104.25712559532532,166.03218442836706,14.981883751611008,17.6045926910669,15.46015507891608,0.3390115969511651,0.7150322016620521,True,10.78786578754947,65.0,163.0,310.0,266.0,5.7652895481248265,4.9469903864554965,56.855121295687546,0.3662267754689269,65.26201087485303,0.3030628083028707,8.406889579165487,0.4753620902499382,17.685233533757962,0.1288175075586715,310,438,5.761903700113651,8.127297399164233,2.2781677044117385,2.66851623828796,2.668516238287562,3.7738518555993856,0.0,1.0,"[{""iter"":1,""scan"":""position"",""reason"":""plateau_lite_2dcg_score_0.98"",""n_rows"":192},{""iter"":1,""scan"":""size"",""reason"":""plateau_lite_2dcg_score_0.95"",""n_rows"":26},{""iter"":2,""scan"":""position"",""reason"":""plateau_lite_2dcg_score_0.98"",""n_rows"":201},{""iter"":2,""scan"":""size"",""reason"":""plateau_lite_2dcg_score_0.95"",""n_rows"":26},{""iter"":3,""scan"":""position"",""reason"":""plateau_lite_2dcg_score_0.98"",""n_rows"":201},{""iter"":3,""scan"":""size"",""reason"":""plateau_lite_2dcg_score_0.95"",""n_rows"":26}]",1.0,1.0,65.26196827747253,True,252,3354.2589802181174,2730.2751747296725,2.1981730045957875,1242.0656467991384,1.0310526315789472,36.00501253132832,36.00501253132832,0.6102996286902606,23.2431859028128,35.31039460964202,36.00501253132832,52.32393044315421,0.5213450238343337,0.8139726809502739,0.9640277522600524,1.4645238604243689,0.424360606750517,0.424360606750517,True,valid,57.61904761904762,53.00952380952381,7,9.806085078140558,40.336923565087325,2120.9052903538054,1004.76243321093,-561.2556615472035,149,240.888746482598,240.888746482598,1.0,-45.0,True,11.213485180507696,0.912457373040144,44,RefineV9Candidates2DCG_v11_exclude_source_002_010,accepted,3.094144550179682,4.915580954913859,1.6298165207475142
54,core_confirmed,high,0.863308395677473,True,27.20204684600252,3,274,0.4308226619323331,False,6.209463360049655,1,125,125,127,-462.28441841793153,2,9.43713053140976,40.41456318797326,2408.999999999988,1088.142857142866,-458.1606166208785,124,264.0,264.0,1.0,45.0,-45.0,3.49999999999992,24.11049458723757,24.11049458723757,24.11049458723757,53.77006608468229,True,9.43713053140976,40.41456318797326,2408.905290353785,1087.1910046395192,303.6,273.23999999999995,0.9,1.1111111111111112,45.0,-45.0,11.473922902494593,10.326530612245133,35.12195792205277,24.83269225802173,1326.41873461471,2779.7549769857187,3786.449764363424,68.22706597829826,122.80163516942994,195.8691448020147,19.441239566664333,22.636139764348243,19.33152752665961,0.350306703418712,0.7341322742870324,True,13.80628880954182,73.0,189.0,368.0,313.0,6.843956624870762,5.821082672784099,24.9351474356435,0.3704017511737638,34.54469524609023,0.2904595706774744,9.609547810446728,0.4707060860778556,20.41517646503787,0.2781772350860249,368,523,6.792969496354725,9.659378846180076,5.679037342837522,-0.3314837617112895,-3.3314837617137223,3.347934518302364,0.0,1.15,"[{""iter"":1,""scan"":""position"",""reason"":""plateau_lite_2dcg_score_0.98"",""n_rows"":201},{""iter"":1,""scan"":""size"",""reason"":""plateau_lite_2dcg_score_0.95"",""n_rows"":26},{""iter"":2,""scan"":""position"",""reason"":""plateau_lite_2dcg_score_0.98"",""n_rows"":201},{""iter"":2,""scan"":""size"",""reason"":""plateau_lite_2dcg_score_0.95"",""n_rows"":33},{""iter"":3,""scan"":""position"",""reason"":""plateau_lite_2dcg_score_0.98"",""n_rows"":201},{""iter"":3,""scan"":""size"",""reason"":""plateau_lite_2dcg_score_0.95"",""n_rows"":33}]",0.9,0.9,35.22592386164172,True,298,5390.445378083214,3771.877447894676,2.518601719248823,1497.607747611498,0.9846315789473684,39.541553884711774,35.5873984962406,0.4797503968980653,28.03032149546213,49.82348240032393,39.541553884711774,63.02869602048488,0.4003453704061189,0.699733914980494,1.1625776233681844,2.066464552191187,0.2598105335887243,0.2801352333785896,True,valid,66.26190476190476,60.96095238095238,7,9.437268633332147,40.41363908932271,2408.905290353785,1087.1910046395192,-462.28441841793153,125,264.54970237753497,238.09473213978148,0.9,45.0,True,7.432744298778492,1.0020822059755112,45,RefineV9Candidates2DCG_v11_exclude_source_002_010,accepted,3.1753980781463125,20.992583485952863,4.3807403746054145
55,core_confirmed,high,0.8451320485367594,True,16.23779264926321,3,356,0.192077870109893,False,22.633859383926644,0,51,51,53,-157.1230854360095,2,10.941582560745134,41.76752874539099,1235.0000000000002,2472.999999999995,-157.1230854360095,51,300.0,270.0,0.9,45.0,-45.0,3.49999999999992,24.11049458723757,24.11049458723757,24.11049458723757,53.77006608468229,False,10.941582560745134,41.76752874539099,1234.9052903537963,2472.905290353792,345.0,276.0,0.8,1.25,45.0,-45.0,13.038548752834766,10.430839002267811,26.227748220364656,18.84247257411284,1182.6169536439925,2379.3457436988488,3138.7421496570223,45.89341841019223,82.79341183529692,132.63787336353147,25.768770220466976,28.73834633644695,23.66399633877132,0.3767805373159499,0.7580570911053798,True,17.094924075756218,89.0,223.0,425.0,364.0,7.90402599339694,6.769565791991732,18.79005037591392,0.211388717583298,25.29244394915182,0.1780876738206745,6.502393573237907,0.2764062399591773,23.524771272161765,0.2570883852232857,425,604,7.89210838258706,11.207228073766789,6.0479454591072095,-0.331483761713677,-0.3314837617112895,0.4687888315202451,0.0,1.15,"[{""iter"":1,""scan"":""position"",""reason"":""plateau_lite_2dcg_score_0.98"",""n_rows"":201},{""iter"":1,""scan"":""pa"",""reason"":""plateau_lite_2dcg_score_0.98"",""n_rows"":37},{""iter"":1,""scan"":""size"",""reason"":""plateau_lite_2dcg_score_0.95"",""n_rows"":31},{""iter"":2,""scan"":""position"",""reason"":""plateau_lite_2dcg_score_0.98"",""n_rows"":201},{""iter"":2,""scan"":""pa"",""reason"":""plateau_lite_2dcg_score_0.98"",""n_rows"":37},{""iter"":2,""scan"":""size"",""reason"":""plateau_lite_2dcg_score_0.95"",""n_rows"":30},{""iter"":3,""scan"":""position"",""reason"":""plateau_lite_2dcg_score_0.98"",""n_rows"":201},{""iter"":3,""scan"":""pa"",""reason"":""plateau_lite_2dcg_score_0.98"",""n_rows"":37},{""iter"":3,""scan"":""size"",""reason"":""plateau_lite_2dcg_score_0.95"",""n_rows"":31}]",0.7333333333333334,0.8,23.580745180891423,True,349,3149.010297320629,2297.303792767339,1.5829841706666818,1451.248746094421,0.9846315789473684,44.93358395989975,32.95129490392648,0.4360514176996203,30.547912523622813,54.28389744144591,44.93358395989975,72.22214112053896,0.357307514954077,0.7295320039829738,1.266996511128924,2.251463454846756,0.2315787949851311,0.2606672674226242,True,valid,75.29761904761905,69.27380952380953,7,10.941705646424198,41.7674363912104,1234.9052903537963,2472.905290353792,-157.1230854360095,51,300.6246617926534,220.45808531461248,0.7333333333333333,45.0,True,5.935410792159463,1.0020822059755112,46,RefineV9Candidates2DCG_v11_exclude_source_002_010,accepted,3.161741857508381,-6.396066734663435,0.717411572362883
56,core_confirmed,high,0.8166666666666667,True,32.073832296938754,4,493,0.1303691814961179,True,24.3612264897903,0,75,75,77,-256.0943285652815,2,11.044529034963618,41.29474589858237,1153.9999999999957,1987.0000000000025,-256.0943285652815,75,360.0,288.0,0.8,-5.0,85.0,3.49999999999992,24.11049458723757,24.11049458723757,24.11049458723757,53.77006608468229,False,11.044529034963618,41.29474589858237,1154.762433210935,1986.048147496656,414.0,248.39999999999995,0.6,1.6666666666666667,-5.0,85.0,15.64625850340172,9.38775510204103,69.3709096605161,58.43821579061067,1836.673970721757,3857.114930280113,5050.904567896312,46.67224707775754,87.52073102405676,141.49463297413686,39.35259358011618,44.07087195398209,35.6967926042788,0.3636326812420309,0.76364834821787,True,26.546184821518803,91.0,241.0,462.0,390.0,8.592141197527967,7.253106205705428,58.386230441705,0.2054703610721796,67.6208834731542,0.175799717870969,9.234653031449191,0.270413775689487,34.15008354475712,0.1365651047004642,462,648,8.581006633433045,11.989747947617117,4.663709734819356,2.6685162382863683,-3.3314837617137223,4.268461428730526,0.0,1.15,"[{""iter"":1,""scan"":""position"",""reason"":""plateau_lite_2dcg_score_0.98"",""n_rows"":195},{""iter"":1,""scan"":""pa"",""reason"":""plateau_lite_2dcg_score_0.98"",""n_rows"":37},{""iter"":1,""scan"":""size"",""reason"":""plateau_lite_2dcg_score_0.95"",""n_rows"":33},{""iter"":2,""scan"":""position"",""reason"":""plateau_lite_2dcg_score_0.98"",""n_rows"":201},{""iter"":2,""scan"":""pa"",""reason"":""plateau_lite_2dcg_score_0.98"",""n_rows"":37},{""iter"":2,""scan"":""size"",""reason"":""plateau_lite_2dcg_score_0.95"",""n_rows"":33},{""iter"":3,""scan"":""position"",""reason"":""plateau_lite_2dcg_score_0.98"",""n_rows"":201},{""iter"":3,""scan"":""pa"",""reason"":""plateau_lite_2dcg_score_0.98"",""n_rows"":37},{""iter"":3,""scan"":""size"",""reason"":""plateau_lite_2dcg_score_0.95"",""n_rows"":32}]",0.55,0.6,68.87503010493857,True,371,7409.555144155358,4971.1286225232325,1.7905611879285344,2776.29642373419,1.0619999999999998,58.15714285714285,31.98642857142857,0.3243951287273227,41.23321040716969,75.37480936020162,58.15714285714285,87.9263798602674,0.2211134059592238,0.6709078380291762,1.7101768799465316,3.1262241049215067,0.1134377031769801,0.1483467171513704,True,valid,90.35714285714286,83.12857142857143,7,11.043537346182177,41.29382355982397,1154.762433210935,1986.048147496656,-256.0943285652815,75,389.09585796357663,214.0027218799672,0.55,-5.0,True,3.779395270009687,1.0808218276766015,47,RefineV9Candidates2DCG_v11_exclude_source_002_010,accepted,3.4434658336557726,7.712605807148453,1.316593493779173
57,core_confirmed,high,0.8166666666666667,True,26.712389350214952,4,408,0.156173900057424,True,20.67271114728748,0,53,53,55,-165.3706890301155,2,11.241804718269677,41.51369125786225,1003.0000000000002,2212.999999999996,-165.3706890301155,53,300.0,285.0,0.95,-85.0,5.0,3.49999999999992,24.11049458723757,24.11049458723757,24.11049458723757,53.77006608468229,True,11.241804718269677,41.51369125786225,1003.7624332109395,2212.9052903537927,345.0,310.5,0.9,1.1111111111111112,-85.0,5.0,13.038548752834766,11.73469387755129,46.243072647183006,34.94578276821322,1995.3492420883333,4041.421249301387,5445.293721663438,55.4957012511995,101.8666836956992,163.89036662167854,35.95502349013394,39.67363128630068,33.22522143252783,0.3664355577643277,0.7421860887362394,True,23.58107830901316,98.0,252.0,482.0,405.0,8.964095361923118,7.53207182900179,34.88237699720485,0.2289813196504194,45.56304819578386,0.1943919722552777,10.680671198579011,0.3003675808507707,35.5586683766828,0.2344152031419034,482,676,8.949012913145083,12.528683340651414,8.335492470975677,2.668516238287562,-0.3314837617112895,2.689025919972261,0.0,1.15,"[{""iter"":1,""scan"":""position"",""reason"":""plateau_lite_2dcg_score_0.98"",""n_rows"":201},{""iter"":1,""scan"":""size"",""reason"":""plateau_lite_2dcg_score_0.95"",""n_rows"":33},{""iter"":2,""scan"":""position"",""reason"":""plateau_lite_2dcg_score_0.98"",""n_rows"":201},{""iter"":2,""scan"":""size"",""reason"":""plateau_lite_2dcg_score_0.95"",""n_rows"":37},{""iter"":3,""scan"":""position"",""reason"":""plateau_lite_2dcg_score_0.98"",""n_rows"":201},{""iter"":3,""scan"":""size"",""reason"":""plateau_lite_2dcg_score_0.95"",""n_rows"":37}]",0.9,0.9,46.36654043288502,True,383,8159.642796451153,5960.872503791505,2.3446639306100248,2542.314242127071,1.1393684210526316,51.99498746867169,46.79548872180451,0.4259419799418615,33.33082056105704,59.958003901926766,51.99498746867169,72.65193871592625,0.315561405327515,0.730531060303773,1.3824196115288343,2.4868010768084523,0.1960661513991779,0.2305274080248582,True,valid,75.29761904761905,69.27380952380953,7,11.24081399469231,41.513603929187845,1003.7624332109395,2212.9052903537927,-165.3706890301155,53,347.8684348133078,313.08159133197694,0.8999999999999998,-85.0,True,6.777178774768672,1.159561449377693,48,RefineV9Candidates2DCG_v11_exclude_source_002_010,accepted,3.4052292303985663,6.0396782029274725,1.2921570450966202
58,core_confirmed,high,0.8166666666666667,True,26.62471763756444,4,580,0.0687544589812402,True,17.970950171738608,0,66,66,68,-218.98011239180448,2,11.16442256219235,41.40903479589392,1061.999999999994,2104.9999999999995,-218.98011239180448,66,360.0,324.0,0.9,-45.0,45.0,3.49999999999992,24.11049458723757,24.11049458723757,24.11049458723757,53.77006608468229,False,11.16442256219235,41.40903479589392,1061.9052903537902,2105.762433210939,360.0,324.0,0.9,1.1111111111111112,-40.0,50.0,13.605442176871062,12.244897959183954,47.20404552149769,37.06508448948259,1928.2985096291104,3956.827569977189,5302.676619743899,55.3257675674193,100.40996856234882,158.84330574555847,34.85353379470623,39.406720534129306,33.383066380134004,0.3636462579010222,0.7461943945901589,True,23.98024549387926,105.0,274.0,523.0,442.0,9.726601398933177,8.220187033132818,37.19016443785371,0.2093737214955995,46.82392031061523,0.1699046049974876,9.63375587276152,0.2696385173751502,35.728411380329604,0.2057443248846785,523,733,9.702413405738302,13.579308401527047,7.350917878647981,-0.331483761713677,2.66851623828796,2.6890259199729507,5.0,1.0,"[{""iter"":1,""scan"":""position"",""reason"":""plateau_lite_2dcg_score_0.98"",""n_rows"":201},{""iter"":1,""scan"":""pa"",""reason"":""plateau_lite_2dcg_score_0.98"",""n_rows"":37},{""iter"":1,""scan"":""size"",""reason"":""plateau_lite_2dcg_score_0.95"",""n_rows"":41},{""iter"":2,""scan"":""position"",""reason"":""plateau_lite_2dcg_score_0.98"",""n_rows"":201},{""iter"":2,""scan"":""pa"",""reason"":""plateau_lite_2dcg_score_0.98"",""n_rows"":37},{""iter"":2,""scan"":""size"",""reason"":""plateau_lite_2dcg_score_0.95"",""n_rows"":40},{""iter"":3,""scan"":""position"",""reason"":""plateau_lite_2dcg_score_0.98"",""n_rows"":201},{""iter"":3,""scan"":""pa"",""reason"":""plateau_lite_2dcg_score_0.98"",""n_rows"":37},{""iter"":3,""scan"":""size"",""reason"":""plateau_lite_2dcg_score_0.95"",""n_rows"":40}]",0.85,0.9,46.89083879784859,True,415,7585.663931394289,5463.508158917784,2.184701316851796,2500.803252497153,1.108421052631579,52.781954887218056,44.86466165413535,0.3895751896292196,34.9385257693743,61.87755983315231,52.781954887218056,75.23538419605342,0.2948089529521034,0.7202412614545607,1.449100334419035,2.566416031378552,0.1763881631969846,0.2123335721623211,True,valid,78.57142857142858,72.2857142857143,7,11.164550807267457,41.40977553280104,1061.9052903537902,2105.762433210939,-218.98011239180448,66,353.13357934870635,300.1635424464004,0.8500000000000001,-40.0,True,5.743435150975453,0.980926609301962,49,RefineV9Candidates2DCG_v11_exclude_source_002_010,accepted,3.3980795255106235,8.653767465825833,1.4815420099174768
59,core_confirmed,high,0.7684900314927521,True,7.793070101637751,3,666,0.4597553118033674,False,8.256651075168122,0,156,156,158,-590.1222741265744,2,10.12404441562337,40.73976002777881,1869.000000000001,1416.999999999993,-590.1222741265744,156,420.0,420.0,1.0,-90.0,0.0,3.49999999999992,24.11049458723757,24.11049458723757,24.11049458723757,53.77006608468229,True,10.12404441562337,40.73976002777881,1869.76243321094,1415.1910046395033,483.0,483.0,1.0,1.0,-90.0,0.0,18.253968253968672,18.253968253968672,6.162882982114766,4.373606949536932,657.4277362948039,1401.869354753797,1873.372006108992,102.77506967157106,169.89150837694197,261.1293552677358,6.396762740182867,8.251556349970354,7.174114929316255,0.3509328281574392,0.7483133890024816,True,5.2666726293109605,211.0,542.0,1047.0,886.0,19.471800506086108,16.47756948270515,4.452098467831773,0.1671615831351091,6.326279504153534,0.1376825283822771,1.8741810363217608,0.216562862693428,8.654212513688924,0.2962532773158794,1047,1463,18.530954324261007,26.31223734088372,2.5638388197684385,2.6685162382863683,-6.331483761713767,6.870856244955438,0.0,1.15,"[{""iter"":1,""scan"":""position"",""reason"":""plateau_lite_2dcg_score_0.98"",""n_rows"":201},{""iter"":1,""scan"":""size"",""reason"":""plateau_lite_2dcg_score_0.95"",""n_rows"":45},{""iter"":2,""scan"":""position"",""reason"":""plateau_lite_2dcg_score_0.98"",""n_rows"":201},{""iter"":2,""scan"":""size"",""reason"":""plateau_lite_2dcg_score_0.95"",""n_rows"":47},{""iter"":3,""scan"":""position"",""reason"":""plateau_lite_2dcg_score_0.98"",""n_rows"":201},{""iter"":3,""scan"":""size"",""reason"":""plateau_lite_2dcg_score_0.95"",""n_rows"":48}]",1.0,1.0,5.396128881316725,True,835,2082.8299011084687,1689.2338309545446,4.220741608448209,400.2220433426641,1.2786315789473683,81.69035087719298,81.69035087719298,0.3369236991040713,46.52543932187383,80.13155643703382,81.69035087719298,100.2653477226879,0.1817332258001129,0.811028221774397,1.9296758576865187,3.3235135906108666,0.106103111680144,0.1473907749579905,True,valid,105.41666666666669,96.98333333333336,7,10.123080941918875,40.73799645385802,1869.76243321094,1415.1910046395033,-590.1222741265744,156,546.5429627446553,546.5429627446553,1.0,-90.0,True,1.2249444607047038,1.3012927684396554,50,RefineV9Candidates2DCG_v11_exclude_source_002_010,accepted,2.6023010049359714,-0.4635809735303713,0.9438536315377803
60,core_confirmed,high,0.7533333333333333,True,35.92570726306302,3,979,0.4029076069916415,True,33.110302182178486,0,86,86,88,-301.4561483328645,2,10.905249025752592,41.16162265707346,1261.2857142857174,1849.714285714283,-301.4561483328645,86,435.0,435.0,1.0,-55.0,35.0,3.49999999999992,24.11049458723757,24.11049458723757,24.11049458723757,53.77006608468229,True,10.905249025752592,41.16162265707346,1261.1910046395135,1847.9052903537936,500.25,500.25,1.0,1.0,-55.0,35.0,18.90589569161041,18.90589569161041,47.99997112495302,37.62321946802958,3721.104485387636,8332.570896333269,11621.961855754247,67.03362905603798,122.5084779689804,198.19872546343137,55.51101048515381,68.01627964427986,58.63792427816877,0.3201786868320556,0.7169676686047338,True,41.89743631778836,229.0,582.0,1120.0,957.0,20.829433206128407,17.79800676630793,37.61853230200584,0.1197180137641997,47.07094122399862,0.101401707529173,9.452408921992776,0.1568907553346502,60.24834861576552,0.2008119803046039,1120,1577,20.81915592838946,29.29595316286038,12.098590195614014,-0.331483761713677,-6.331483761712971,6.340155211752697,0.0,1.15,"[{""iter"":1,""scan"":""position"",""reason"":""plateau_lite_2dcg_score_0.98"",""n_rows"":201},{""iter"":1,""scan"":""size"",""reason"":""plateau_lite_2dcg_score_0.95"",""n_rows"":46},{""iter"":2,""scan"":""position"",""reason"":""plateau_lite_2dcg_score_0.98"",""n_rows"":201},{""iter"":2,""scan"":""size"",""reason"":""plateau_lite_2dcg_score_0.95"",""n_rows"":45},{""iter"":3,""scan"":""position"",""reason"":""plateau_lite_2dcg_score_0.98"",""n_rows"":201},{""iter"":3,""scan"":""size"",""reason"":""plateau_lite_2dcg_score_0.95"",""n_rows"":45}]",0.9,1.0,48.05246009373644,True,887,18363.12488562171,12981.35951756548,2.8076743451840644,4623.527489871499,1.1857894736842105,78.46444235588973,70.61799812030077,0.2282788067752866,54.210519384457605,92.95106371126528,78.46444235588973,106.02915761495304,0.1216279496702439,0.7069254061289895,2.24842004747397,3.855211819688972,0.057341394609542,0.0859818877172734,True,valid,109.18154761904762,100.4470238095238,7,10.905365412685208,41.15986368034415,1261.1910046395135,1847.9052903537936,-301.4561483328645,86,524.9602717432808,472.4642445689528,0.9000000000000001,-55.0,True,1.887929191263893,1.2068052223983468,51,RefineV9Candidates2DCG_v11_exclude_source_002_010,accepted,3.664973444135022,2.8154050808845312,1.0850310898823483
61,core_confirmed,high,0.7533333333333333,True,34.231891019422655,3,943,0.32509609866269,True,19.505166712639696,1,70,70,72,-235.4753195800165,2,10.705598683896874,41.61613914863975,1416.0000000000002,2316.999999999994,-231.3515177829635,69,420.0,420.0,1.0,-90.0,0.0,3.49999999999992,24.11049458723757,24.11049458723757,24.11049458723757,53.77006608468229,True,10.705598683896874,41.61613914863975,1415.9052903537963,2315.191004639505,483.0,483.0,1.0,1.0,-90.0,0.0,18.253968253968672,18.253968253968672,40.94169965317207,27.53448913830444,4433.397832103036,9786.59976660124,14117.79267215562,66.48338602821939,120.1712574745364,194.784071180292,66.68429658834233,81.43877306663755,72.47919497014828,0.3140291074572147,0.6932103335037106,True,50.092247124445485,213.0,541.0,1053.0,891.0,19.583386755404653,16.570558023803937,27.558553603650985,0.1254537909406936,40.96858342500171,0.1060528247925527,13.410029821350726,0.164273720685541,81.63222799963674,0.327324713237877,1053,1468,19.57236293302595,27.279854547997683,26.720245620950088,-0.331483761713677,-6.33148376171138,6.340155211751108,0.0,1.15,"[{""iter"":1,""scan"":""position"",""reason"":""plateau_lite_2dcg_score_0.98"",""n_rows"":201},{""iter"":1,""scan"":""size"",""reason"":""plateau_lite_2dcg_score_0.95"",""n_rows"":46},{""iter"":2,""scan"":""position"",""reason"":""plateau_lite_2dcg_score_0.98"",""n_rows"":201},{""iter"":2,""scan"":""size"",""reason"":""plateau_lite_2dcg_score_0.95"",""n_rows"":47},{""iter"":3,""scan"":""position"",""reason"":""plateau_lite_2dcg_score_0.98"",""n_rows"":201},{""iter"":3,""scan"":""size"",""reason"":""plateau_lite_2dcg_score_0.95"",""n_rows"":47}]",1.0,1.0,40.672448987801765,True,831,20531.335750540587,15230.957513581512,2.78464211661121,5469.6283672233385,1.1393684210526316,72.79298245614035,72.79298245614035,0.2989157594268261,47.986563735012695,81.5356927973039,72.79298245614035,100.64688967637292,0.1519180221028865,0.7418395811475872,1.9902770373036416,3.3817511499935486,0.0798845021276408,0.1126988018855752,True,valid,105.41666666666669,96.98333333333336,7,10.705721277251738,41.6143803489732,1415.9052903537963,2315.191004639505,-235.4753195800165,70,487.0158087386308,487.0158087386308,1.0,-90.0,True,3.35843555942792,1.1595614493776925,52,RefineV9Candidates2DCG_v11_exclude_source_002_010,accepted,3.7379578192864193,14.726724306782959,1.755016582208435
62,core_confirmed,high,0.7533333333333333,True,27.398782860799688,3,210,0.1125072965141078,True,22.782187566117138,1,112,112,114,-408.67499505624255,2,10.548559287185212,40.84605423401776,1537.999999999997,1525.000000000006,-404.5511932591895,111,220.0,198.0,0.9,45.0,-45.0,3.49999999999992,24.11049458723757,24.11049458723757,24.11049458723757,53.77006608468229,False,10.548559287185212,40.84605423401776,1539.619576068079,1524.905290353802,253.0,227.7,0.9,1.1111111111111112,55.0,-35.0,9.561602418745496,8.605442176870946,50.517157830582526,39.7147093803681,970.1620495261471,2089.618785254288,2754.6243548046805,35.36302692048221,68.38444303928193,107.00311713310734,27.434361083050582,30.55693213811733,25.743402889637736,0.3521939562590332,0.7585857511241145,True,19.249768084141746,49.0,138.0,255.0,222.0,4.742415596038164,4.128691224786167,39.72403225745036,0.2861606516193163,50.06225484117206,0.2417255123564634,10.338222583721702,0.3745919671578482,27.598623275777047,0.2065073300537667,255,357,4.739915424552971,6.627300109067875,5.69931800584046,5.668516238286413,-0.331483761713677,5.678200227888816,10.0,1.15,"[{""iter"":1,""scan"":""position"",""reason"":""plateau_lite_2dcg_score_0.98"",""n_rows"":186},{""iter"":1,""scan"":""pa"",""reason"":""plateau_lite_2dcg_score_0.98"",""n_rows"":37},{""iter"":1,""scan"":""size"",""reason"":""plateau_lite_2dcg_score_0.95"",""n_rows"":17},{""iter"":2,""scan"":""position"",""reason"":""plateau_lite_2dcg_score_0.98"",""n_rows"":196},{""iter"":2,""scan"":""pa"",""reason"":""plateau_lite_2dcg_score_0.98"",""n_rows"":37},{""iter"":2,""scan"":""size"",""reason"":""plateau_lite_2dcg_score_0.95"",""n_rows"":22},{""iter"":3,""scan"":""position"",""reason"":""plateau_lite_2dcg_score_0.98"",""n_rows"":196},{""iter"":3,""scan"":""pa"",""reason"":""plateau_lite_2dcg_score_0.98"",""n_rows"":37},{""iter"":3,""scan"":""size"",""reason"":""plateau_lite_2dcg_score_0.95"",""n_rows"":22}]",0.9,0.9,50.469939057794846,True,207,3590.196947180135,2674.7490261214625,1.3059720280173484,2048.0905936263525,0.9536842105263156,31.9156223893066,28.72406015037594,0.6003211653549855,21.8110830357969,37.34502874998012,31.9156223893066,52.95402669424568,0.580551380569518,0.7450145675774983,0.904630262016366,1.5489117659887406,0.4325192357515191,0.4325192357515191,True,valid,55.21825396825397,50.80079365079365,7,10.546477983366785,40.845959664402926,1539.619576068079,1524.905290353802,-408.67499505624255,112,213.52899860491647,192.17609874442488,0.9,55.0,True,15.7724405481073,0.9705863572950753,53,RefineV9Candidates2DCG_v11_exclude_source_002_010,accepted,3.3113491629687566,4.616595294682551,1.2026405621183012
63,core_confirmed,high,0.7533333333333333,True,26.35795433430503,3,609,0.2165108624857412,True,14.50411424884804,0,82,82,84,-284.96094114465245,2,10.510969853399097,41.45364775036021,1566.0000000000057,2149.999999999997,-284.96094114465245,82,360.0,342.0,0.95,-20.0,70.0,3.49999999999992,24.11049458723757,24.11049458723757,24.11049458723757,53.77006608468229,True,10.510969853399097,41.45364775036021,1565.0481474966589,2152.476718925222,414.0,372.6,0.9,1.1111111111111112,-20.0,70.0,15.64625850340172,14.081632653061549,38.00500873487709,30.044697500294507,2073.903600800249,4132.371231741867,5484.654440627397,54.40201893447612,98.0232698182406,155.41667908226316,38.121813149952,42.15704331639116,35.289998943577544,0.3781283986531361,0.7534424048909012,True,25.20987263633148,142.0,362.0,689.0,587.0,12.81382096341292,10.916854724997656,30.21374452275151,0.1549689220578948,38.321573369319566,0.126852558380102,8.107828846568054,0.2002671674822488,40.485062771393686,0.2115734854733083,689,967,12.778085533398384,17.949343088035295,8.56556584014944,-3.3314837617137223,8.668516238288051,9.286654824425522,0.0,1.15,"[{""iter"":1,""scan"":""position"",""reason"":""plateau_lite_2dcg_score_0.98"",""n_rows"":201},{""iter"":1,""scan"":""size"",""reason"":""plateau_lite_2dcg_score_0.95"",""n_rows"":40},{""iter"":2,""scan"":""position"",""reason"":""plateau_lite_2dcg_score_0.98"",""n_rows"":201},{""iter"":2,""scan"":""size"",""reason"":""plateau_lite_2dcg_score_0.95"",""n_rows"":45},{""iter"":3,""scan"":""position"",""reason"":""plateau_lite_2dcg_score_0.98"",""n_rows"":201},{""iter"":3,""scan"":""size"",""reason"":""plateau_lite_2dcg_score_0.95"",""n_rows"":45}]",0.9,0.9,38.08738778887751,True,559,7970.193009119004,5802.572216766981,2.0808431263660205,2788.5678373557066,1.0465263157894735,57.30977443609022,51.5787969924812,0.3915707352664468,38.37305390213197,68.11310517344343,57.30977443609022,86.60777320445715,0.2555980834540485,0.7280340902821343,1.591549844126549,2.825039732262389,0.1475024338873838,0.1860841181653252,True,valid,90.35714285714286,83.12857142857143,7,10.512198167046984,41.45605752466505,1565.0481474966589,2152.476718925222,-284.96094114465245,82,383.4266052010981,345.08394468098834,0.9,-20.0,True,5.285163494949371,1.0650739033363836,54,RefineV9Candidates2DCG_v11_exclude_source_002_010,accepted,3.4453812140170705,11.85384008545699,1.8172743183127131
64,core_confirmed,high,0.7533333333333333,True,19.52655085285177,3,276,0.1254390223628866,True,16.194340458674446,0,47,47,49,-140.6278782477975,2,11.38582936116263,41.74333919314675,894.0000000000117,2449.99999999999,-140.6278782477975,47,264.0,211.2,0.8,45.0,-45.0,3.49999999999992,24.11049458723757,24.11049458723757,24.11049458723757,53.77006608468229,False,11.38582936116263,41.74333919314675,893.9052903538081,2449.9052903537868,264.0,211.2,0.8,1.25,50.0,-40.0,9.977324263038778,7.981859410431023,33.12595233215664,24.3979145384189,706.7936699683759,1543.470226089275,2173.2814106406986,34.1063310125139,62.18468912462494,99.04554422427974,20.72323961522121,24.82074362382019,21.942243113122768,0.3252195810941981,0.7102026541672066,True,15.459939867599914,51.0,131.0,249.0,216.0,4.630829346719619,4.017104975467621,24.48381533755838,0.2719945566394865,33.402855864744524,0.2275760495639693,8.919040527186144,0.3546433379843093,25.14932489040793,0.2670143104919319,249,350,4.628657224993694,6.503546072973165,6.715229644949857,-0.3314837617124833,-0.3314837617112895,0.4687888315194011,5.0,1.0,"[{""iter"":1,""scan"":""position"",""reason"":""plateau_lite_2dcg_score_0.98"",""n_rows"":201},{""iter"":1,""scan"":""pa"",""reason"":""plateau_lite_2dcg_score_0.98"",""n_rows"":37},{""iter"":1,""scan"":""size"",""reason"":""plateau_lite_2dcg_score_0.95"",""n_rows"":25},{""iter"":2,""scan"":""position"",""reason"":""plateau_lite_2dcg_score_0.98"",""n_rows"":201},{""iter"":2,""scan"":""pa"",""reason"":""plateau_lite_2dcg_score_0.98"",""n_rows"":37},{""iter"":2,""scan"":""size"",""reason"":""plateau_lite_2dcg_score_0.95"",""n_rows"":25},{""iter"":3,""scan"":""position"",""reason"":""plateau_lite_2dcg_score_0.98"",""n_rows"":201},{""iter"":3,""scan"":""pa"",""reason"":""plateau_lite_2dcg_score_0.98"",""n_rows"":37},{""iter"":3,""scan"":""size"",""reason"":""plateau_lite_2dcg_score_0.95"",""n_rows"":24}]",0.8,0.8,33.82845311207967,True,196,2998.518223469484,2372.727530966029,1.3378053019317149,1773.597045504264,1.0619999999999998,37.08571428571428,29.66857142857143,0.5801179544085577,24.134417339904967,37.96990959403547,37.08571428571428,53.15002637352625,0.4993664467212129,0.79130002025488,1.0009922132696545,1.5748291457336636,0.3949527892850423,0.3951486794051032,True,valid,57.61904761904762,53.00952380952381,7,11.38595176450687,41.74324637097887,893.9052903538081,2449.9052903537868,-140.6278782477975,47,248.119097831846,198.4952782654768,0.8,50.0,True,12.20009305558056,0.9398450675448712,55,RefineV9Candidates2DCG_v11_exclude_source_002_010,accepted,3.2488549566500358,3.3322103941773236,1.2057638841594462
65,ambiguous_core_and_anti,medium_keep_v9_but_check_2dcg,0.7,True,16.76418790837132,5,762,0.3740059885282107,True,25.6586838583318,2,145,145,147,-544.7604543589915,2,9.972414212242075,40.39860308455243,1990.0000000000032,1066.9999999999875,-536.5128507648855,143,420.0,420.0,1.0,-90.0,0.0,3.49999999999992,24.11049458723757,24.11049458723757,24.11049458723757,53.77006608468229,True,9.972414212242075,40.39860308455243,1989.9052903537995,1057.4767189252125,1228.5,1228.5,1.0,1.0,-90.0,0.0,46.428571428572496,46.428571428572496,35.40847200879338,24.995303892513764,20851.239543884007,47396.69308015802,70549.21398779441,244.99961395634705,450.277967326323,731.0631013362024,85.10723428159845,105.26096438071762,96.50222239208614,0.2955559440746064,0.6718245378092806,True,64.17971397026308,1368.0,3505.0,6775.0,5742.0,125.9994731888571,106.7880405978476,24.862978338080826,0.0725546359554256,34.3312330747795,0.0621795242731798,9.468254736698672,0.0955534846955531,99.0885342053811,0.2757912806707274,6775,9478,125.36369425612097,175.4845136361267,27.32775374828723,-0.3314837617128812,-33.33148376171258,33.333132034682684,0.0,2.925,"[{""iter"":1,""scan"":""position"",""reason"":""plateau_lite_2dcg_score_0.98"",""n_rows"":201},{""iter"":1,""scan"":""size"",""reason"":""plateau_lite_2dcg_score_0.95"",""n_rows"":45},{""iter"":2,""scan"":""position"",""reason"":""plateau_lite_2dcg_score_0.98"",""n_rows"":201},{""iter"":2,""scan"":""size"",""reason"":""plateau_lite_2dcg_score_0.95"",""n_rows"":48},{""iter"":3,""scan"":""position"",""reason"":""plateau_lite_2dcg_score_0.98"",""n_rows"":201},{""iter"":3,""scan"":""size"",""reason"":""plateau_lite_2dcg_score_0.95"",""n_rows"":48}]",0.8,1.0,33.561444650879075,True,5404,98472.90353218673,98472.90353218673,13.608062481329464,7236.364740924251,1.65,,,,145.11146853790066,215.4696951278324,268.12500000000006,253.3988103759691,,1.0,6.018601900216208,8.936759648302159,,,False,beyond_local_window,268.12500000000006,246.67500000000007,7,9.972633063992976,40.38934432007827,1989.9052903537995,1057.4767189252125,-544.7604543589915,145,1228.5,1228.5,1.0,-90.0,False,0.0,2.925,56,RefineV9Candidates2DCG_v11_exclude_source_002_010,ambiguous_core_and_anti,3.859520448870273,-8.89449594996048,0.6533533832417406
66,ambiguous_core_and_anti,medium_keep_v9_but_check_2dcg,0.6366666666666667,True,27.44041459822137,4,405,0.1867187072103734,True,29.429904999779247,-1,61,61,63,-198.36110340653948,2,10.827809417271736,41.686054645874286,1322.14285714286,2388.999999999998,-202.4849052035925,62,319.0,287.1,0.9,-75.0,15.0,3.49999999999992,24.11049458723757,24.11049458723757,24.11049458723757,53.77006608468229,False,10.827809417271736,41.686054645874286,1318.6195760680848,2392.3338617823665,366.85,330.165,0.9,1.1111111111111112,-80.0,10.0,13.864323507180968,12.47789115646287,42.5025492149872,32.17824249774327,1874.202209470125,4020.8604033456686,5626.74716089794,44.54122498492379,82.86919497406579,134.2506725783586,42.07792242140849,48.52056792157824,41.9122455987232,0.3330880446334169,0.7145976686651054,True,29.467601907707795,109.0,284.0,545.0,461.0,10.13575097976784,8.57354348930821,32.09945533712301,0.1649504777840944,42.03159872418938,0.1425307572755767,9.932143387066368,0.2179992589224798,45.56044564627727,0.2363018226416016,545,764,10.13187635617172,14.191054569122066,10.766016346578944,-12.33148376171306,11.668516238288891,16.97703634232443,5.0,1.15,"[{""iter"":1,""scan"":""position"",""reason"":""plateau_lite_2dcg_score_0.98"",""n_rows"":188},{""iter"":1,""scan"":""pa"",""reason"":""plateau_lite_2dcg_score_0.98"",""n_rows"":37},{""iter"":1,""scan"":""size"",""reason"":""plateau_lite_2dcg_score_0.95"",""n_rows"":35},{""iter"":2,""scan"":""position"",""reason"":""plateau_lite_2dcg_score_0.98"",""n_rows"":201},{""iter"":2,""scan"":""pa"",""reason"":""plateau_lite_2dcg_score_0.98"",""n_rows"":37},{""iter"":2,""scan"":""size"",""reason"":""plateau_lite_2dcg_score_0.95"",""n_rows"":40},{""iter"":3,""scan"":""position"",""reason"":""plateau_lite_2dcg_score_0.98"",""n_rows"":201},{""iter"":3,""scan"":""pa"",""reason"":""plateau_lite_2dcg_score_0.98"",""n_rows"":37},{""iter"":3,""scan"":""size"",""reason"":""plateau_lite_2dcg_score_0.95"",""n_rows"":40}]",0.9,0.9,42.47666012656959,True,429,8061.545127862083,5735.090564015377,1.724960787359784,3324.7657604979395,1.0310526315789472,50.03196532999164,45.02876879699248,0.4032005350988151,35.17902153966173,62.8169377192008,50.03196532999164,77.45343801309762,0.2781920273177743,0.7114133175529738,1.4590750684261395,2.605377400779316,0.1638429851262038,0.1979095130709253,True,valid,80.06646825396825,73.66115079365079,7,10.832403641743175,41.68929025185873,1318.6195760680848,2392.3338617823665,-198.36110340653948,61,334.73498729977683,301.2614885697992,0.9,-80.0,True,6.467646963615562,1.0493259789961655,57,RefineV9Candidates2DCG_v11_exclude_source_002_010,accepted,3.5217610533965202,-1.9894904015578767,0.9323990206025877
67,ambiguous_core_and_anti,medium_keep_v9_but_check_2dcg,0.6366666666666667,True,19.71624840597423,4,755,0.147127346967408,True,19.471041711940785,-2,73,73,75,-247.84672497117552,2,10.615452956054517,41.65695450888973,1485.2857142857133,2358.999999999996,-256.0943285652815,75,432.0,410.4,0.95,-90.0,0.0,3.49999999999992,24.11049458723757,24.11049458723757,24.11049458723757,53.77006608468229,True,10.615452956054517,41.65695450888973,1479.1910046395094,2358.9052903537927,496.8,447.12,0.9,1.1111111111111112,-90.0,0.0,18.775510204082064,16.897959183673855,19.870152715164505,15.787380688541187,1586.1685276420883,3055.613504159791,4054.1926224369527,70.69691260542317,128.10224723718835,204.51848896549936,22.43617817506239,23.852926627447484,19.823110580094607,0.3912415307708422,0.7536922363405315,True,13.908136461292983,202.0,518.0,993.0,851.0,18.467524262219204,15.826649695013636,15.893229005673568,0.1412283252658261,20.003428957516977,0.1167014319393577,4.110199951843409,0.1832066158032688,22.43477908165189,0.2054747693794198,993,1390,18.42874647647849,25.728383848533635,4.609781057880654,-21.3314837617132,-0.3314837617112895,21.33405917683065,0.0,1.15,"[{""iter"":1,""scan"":""position"",""reason"":""plateau_lite_2dcg_score_0.98"",""n_rows"":201},{""iter"":1,""scan"":""size"",""reason"":""plateau_lite_2dcg_score_0.95"",""n_rows"":46},{""iter"":2,""scan"":""position"",""reason"":""plateau_lite_2dcg_score_0.98"",""n_rows"":201},{""iter"":2,""scan"":""size"",""reason"":""plateau_lite_2dcg_score_0.95"",""n_rows"":45},{""iter"":3,""scan"":""position"",""reason"":""plateau_lite_2dcg_score_0.98"",""n_rows"":201},{""iter"":3,""scan"":""size"",""reason"":""plateau_lite_2dcg_score_0.95"",""n_rows"":45}]",0.7999999999999999,0.9,19.914205083063607,True,798,7028.572725372186,,,,,,,,57.91045561464331,90.92931621796404,,104.45664074645336,0.1459703401048061,,2.401877547766983,3.771358397023332,0.0941866149410004,0.1459703401048061,False,no_break,108.42857142857144,99.75428571428571,7,10.623383860952355,41.65686688746096,1479.1910046395094,2358.9052903537927,-247.84672497117552,73,496.8,447.12,0.9,-90.0,False,0.0,1.15,58,RefineV9Candidates2DCG_v11_exclude_source_002_010,ambiguous_core_and_anti,,0.24520669403344542,1.0125934039719646
68,ambiguous_core_and_anti,medium_keep_v9_but_check_2dcg,0.6366666666666667,True,18.843285988318883,4,1023,0.1072292496161537,True,23.92217136928136,0,145,145,147,-544.7604543589915,2,9.98197527930268,40.47853448270287,1981.8571428571488,1149.1428571428455,-544.7604543589915,145,504.0,504.0,1.0,-90.0,0.0,3.49999999999992,24.11049458723757,24.11049458723757,24.11049458723757,53.77006608468229,True,9.98197527930268,40.47853448270287,1984.3338617823736,1149.0481474966416,504.0,504.0,1.0,1.0,-90.0,0.0,19.047619047619484,19.047619047619484,36.72622611861495,25.807515140980428,3904.622766741677,8809.064785568393,12458.249225480991,97.23114431942004,181.1206708213912,296.5039046503264,40.15814885315305,48.63644080832327,42.01715063473879,0.3134166523780492,0.7070868968932743,True,29.509251856642155,230.0,591.0,1141.0,970.0,21.21998507874332,18.03977697316478,25.57718065173861,0.1731197027876221,36.30062403406584,0.1509335367169677,10.723443382327227,0.2296766509664552,46.68930575748169,0.295406585084156,1141,1595,21.16304297303961,29.58381930458058,13.79232837376769,8.66851623828646,-0.331483761713677,8.674851886788378,0.0,1.0,"[{""iter"":1,""scan"":""position"",""reason"":""plateau_lite_2dcg_score_0.98"",""n_rows"":201},{""iter"":1,""scan"":""size"",""reason"":""plateau_lite_2dcg_score_0.95"",""n_rows"":48},{""iter"":2,""scan"":""position"",""reason"":""plateau_lite_2dcg_score_0.98"",""n_rows"":201},{""iter"":2,""scan"":""size"",""reason"":""plateau_lite_2dcg_score_0.95"",""n_rows"":48},{""iter"":3,""scan"":""position"",""reason"":""plateau_lite_2dcg_score_0.98"",""n_rows"":201},{""iter"":3,""scan"":""size"",""reason"":""plateau_lite_2dcg_score_0.95"",""n_rows"":48}]",1.0,1.0,36.68428677866841,True,912,19720.086198497767,13045.656694026671,3.909012924452385,3337.3275929637007,1.0619999999999998,70.8,70.8,0.2595307513426499,52.2463177655752,93.00206990617396,70.8,106.68271393970322,0.1301335236287734,0.6615415654227953,2.1669533810903565,3.857327338087989,0.0584819091597844,0.0860887349353631,True,valid,110.0,101.2,7,9.978810600666872,40.478422869757054,1984.3338617823736,1149.0481474966416,-544.7604543589915,145,473.6819140426151,473.6819140426151,1.0,-90.0,True,1.9510905838377,0.9398450675448712,59,RefineV9Candidates2DCG_v11_exclude_source_002_010,accepted,3.5233988392090323,-5.078885380962479,0.787691288446988
69,ambiguous_core_and_anti,medium_keep_v9_but_check_2dcg,0.5733333333333333,True,23.398637136242336,3,640,0.1575371457578599,True,27.99937680906384,-2,108,108,110,-392.1797878680305,2,10.62945281551196,40.93556813389759,1474.999999999999,1616.999999999994,-400.4273914621365,110,462.55,323.785,0.7,45.0,-45.0,3.49999999999992,24.11049458723757,24.11049458723757,24.11049458723757,53.77006608468229,False,10.62945281551196,40.93556813389759,1471.4767189252238,1611.762433210933,462.55,323.785,0.7,1.4285714285714286,45.0,-45.0,17.481103552532527,12.236772486772768,30.92143942659454,25.20524441188023,1392.714460932698,2986.2031098390235,3846.9992449027295,58.48618768975401,106.6410257692953,170.12896270027747,23.81270716977648,28.002385463726743,22.612253574249625,0.3620261851566628,0.7762421876728307,True,17.26502061561735,136.0,352.0,673.0,572.0,12.5162576318968,10.637889101701294,25.38810930099146,0.1726492493432267,29.90178445421781,0.1432363026858695,4.513675153226352,0.2243310092383523,20.12060289191032,0.1509500264152186,673,945,12.48828720481572,17.544941464666856,3.0372055380239864,-12.33148376171306,-18.33148376171315,22.093184213040587,0.0,1.0,"[{""iter"":1,""scan"":""position"",""reason"":""plateau_lite_2dcg_score_0.98"",""n_rows"":53},{""iter"":1,""scan"":""pa"",""reason"":""plateau_lite_2dcg_score_0.98"",""n_rows"":21},{""iter"":1,""scan"":""size"",""reason"":""plateau_lite_2dcg_score_0.95"",""n_rows"":35},{""iter"":2,""scan"":""position"",""reason"":""plateau_lite_2dcg_score_0.98"",""n_rows"":194},{""iter"":2,""scan"":""pa"",""reason"":""plateau_lite_2dcg_score_0.98"",""n_rows"":37},{""iter"":2,""scan"":""size"",""reason"":""plateau_lite_2dcg_score_0.95"",""n_rows"":35},{""iter"":3,""scan"":""position"",""reason"":""plateau_lite_2dcg_score_0.98"",""n_rows"":194},{""iter"":3,""scan"":""pa"",""reason"":""plateau_lite_2dcg_score_0.98"",""n_rows"":37},{""iter"":3,""scan"":""size"",""reason"":""plateau_lite_2dcg_score_0.95"",""n_rows"":35}]",0.6333333333333333,0.7,30.02000769345528,True,535,4789.417579194951,3258.430650161564,1.9313763806829665,1687.1028779016804,0.9382105263157894,57.403343776106944,36.35545105820106,0.3036597784411724,42.16646983751336,84.66050460089005,57.403343776106944,98.33263472939989,0.1968051901635831,0.6803396438673595,1.748884482022752,3.51135495352731,0.1012469067496511,0.13389437298714,True,valid,100.95337301587304,92.8771031746032,7,10.633991017465188,40.93047806121437,1471.4767189252238,1611.762433210933,-392.1797878680305,108,384.0526236202341,243.2333282928149,0.6333333333333333,45.0,True,2.454678402285861,0.8302942895259626,60,RefineV9Candidates2DCG_v11_exclude_source_002_010,accepted,3.227141566254052,-4.600739672821504,0.8356842116810196
70,ambiguous_core_and_anti,medium_keep_v9_but_check_2dcg,0.5733333333333333,True,21.111161218283986,3,1051,0.4553223562165326,True,31.022095541982942,0,54,54,56,-169.4944908271685,2,10.96487154397703,41.77025296297742,1217.1428571428578,2475.857142857133,-169.4944908271685,54,504.0,504.0,1.0,-90.0,0.0,3.49999999999992,24.11049458723757,24.11049458723757,24.11049458723757,53.77006608468229,True,10.96487154397703,41.77025296297742,1217.9052903537968,2478.3338617823583,579.5999999999999,579.5999999999999,1.0,1.0,-90.0,0.0,21.90476190476241,21.90476190476241,32.85769653738386,25.90246832804408,3891.9654301613255,8226.310144626263,10502.394596103077,82.11906402115424,149.34580549225743,242.2331894065752,47.39417669396156,55.082297875803015,43.35654673016496,0.3705788612823063,0.7832794768231849,True,33.17540548111455,306.0,778.0,1510.0,1280.0,28.082539411833835,23.805066521289607,26.01257760959198,0.1085909552165766,32.94716815889783,0.0919527961669744,6.934590549305852,0.1422930507009168,48.734569363345365,0.21047607235504,1510,2113,28.05136382519116,39.17020241798853,10.257460747511198,2.6685162382863683,8.668516238288051,9.069958802963862,0.0,1.15,"[{""iter"":1,""scan"":""position"",""reason"":""plateau_lite_2dcg_score_0.98"",""n_rows"":201},{""iter"":1,""scan"":""size"",""reason"":""plateau_lite_2dcg_score_0.95"",""n_rows"":48},{""iter"":2,""scan"":""position"",""reason"":""plateau_lite_2dcg_score_0.98"",""n_rows"":201},{""iter"":2,""scan"":""size"",""reason"":""plateau_lite_2dcg_score_0.95"",""n_rows"":47},{""iter"":3,""scan"":""position"",""reason"":""plateau_lite_2dcg_score_0.98"",""n_rows"":201},{""iter"":3,""scan"":""size"",""reason"":""plateau_lite_2dcg_score_0.95"",""n_rows"":47}]",0.9666666666666668,1.0,30.578765168970133,True,1207,13417.02347256446,7636.374836338045,2.5747282791828616,2965.895429851569,0.860842105263158,65.99789473684211,63.79796491228071,0.2100631180446064,56.25390905775812,108.4793272612009,65.99789473684211,122.87864842728278,0.1177517903561032,0.569155658999415,2.3331710950274345,4.499257651836903,0.0438758237924457,0.0670190978384889,True,valid,126.5,116.38,7,10.963888143537542,41.77266335006889,1217.9052903537968,2478.3338617823583,-169.4944908271685,54,441.5538008718984,426.8353408428351,0.9666666666666668,-90.0,False,1.3470857563604228,0.8760988112537667,61,RefineV9Candidates2DCG_v11_exclude_source_002_010,ambiguous_core_and_anti,3.472155834811371,-9.910934323698957,0.6805201534407548
71,ambiguous_core_and_anti,medium_keep_v9_but_check_2dcg,0.5733333333333333,True,20.83541399726625,3,153,0.2250145930300901,True,24.25533918117828,-1,112,112,114,-408.67499505624255,2,10.355282770420954,41.2024742113697,1687.0000000000043,1891.999999999994,-412.7987968532954,113,220.0,198.0,0.9,45.0,-45.0,3.49999999999992,24.11049458723757,24.11049458723757,24.11049458723757,53.77006608468229,False,10.355282770420954,41.2024742113697,1686.9052903538004,1893.619576068076,220.0,198.0,0.9,1.1111111111111112,25.0,-65.0,8.314436885865648,7.482993197279083,47.31781544193803,40.92960000014716,507.70455658023457,992.6992406535896,1264.866657474593,29.271971002731824,53.97673835327293,86.38947193843099,17.344392577215,18.391241689271062,14.641444484995258,0.40138978569797,0.7848252104578302,True,10.784987122406436,40.0,104.0,198.0,163.0,3.682346227511986,3.0314264398204736,40.965663094279456,0.2945354497928755,46.42502125023103,0.2454415246867522,5.45935815595157,0.3833962352778769,14.23946730200611,0.1175951676257854,198,279,3.680795033026371,5.182136825940864,1.6744925442812997,-0.331483761713677,5.668516238286413,5.678200227888816,20.0,1.0,"[{""iter"":1,""scan"":""position"",""reason"":""plateau_lite_2dcg_score_0.98"",""n_rows"":123},{""iter"":1,""scan"":""pa"",""reason"":""plateau_lite_2dcg_score_0.98"",""n_rows"":37},{""iter"":1,""scan"":""size"",""reason"":""plateau_lite_2dcg_score_0.95"",""n_rows"":13},{""iter"":2,""scan"":""position"",""reason"":""plateau_lite_2dcg_score_0.98"",""n_rows"":120},{""iter"":2,""scan"":""pa"",""reason"":""plateau_lite_2dcg_score_0.98"",""n_rows"":37},{""iter"":2,""scan"":""size"",""reason"":""plateau_lite_2dcg_score_0.95"",""n_rows"":13},{""iter"":3,""scan"":""position"",""reason"":""plateau_lite_2dcg_score_0.98"",""n_rows"":132},{""iter"":3,""scan"":""pa"",""reason"":""plateau_lite_2dcg_score_0.98"",""n_rows"":36},{""iter"":3,""scan"":""size"",""reason"":""plateau_lite_2dcg_score_0.95"",""n_rows"":13}]",0.75,0.9,46.9810151337317,True,158,1504.9558781351632,1098.5361021631725,0.9605387754344826,1143.666586147206,0.969157894736842,28.203007518797,21.152255639097746,0.5320588139851625,19.2078994862946,33.17026159208646,28.203007518797,45.55977734339299,0.6472772442548679,0.7299457200860946,0.7966613632414626,1.3757603135044978,0.4724772541529625,0.4724772541529625,True,valid,48.01587301587302,44.17460317460318,7,10.355397227466025,41.204049138169495,1686.9052903538004,1893.619576068076,-408.67499505624255,112,188.6900364867517,141.5175273650638,0.75,25.0,True,11.64661441742116,0.8576819840306897,62,RefineV9Candidates2DCG_v11_exclude_source_002_010,accepted,3.0582994327601556,-3.419925183912028,0.8590032009708679
72,ambiguous_core_and_anti,medium_keep_v9_but_check_2dcg,0.5733333333333333,True,20.465134410517905,3,769,0.2302321320671002,True,42.12122075678853,1,86,86,88,-301.4561483328645,2,10.479711145231931,41.43498540335792,1590.1428571428455,2130.8571428571267,-297.3323465358115,85,432.0,432.0,1.0,-90.0,0.0,3.49999999999992,24.11049458723757,24.11049458723757,24.11049458723757,53.77006608468229,True,10.479711145231931,41.43498540335792,1583.1910046394992,2141.048147496638,645.84,645.84,1.0,1.0,-90.0,0.0,24.408163265306683,24.408163265306683,19.783326587583105,13.093915203625416,3986.06049727112,8904.374240916648,12562.714579072535,83.60332654282627,154.32999549731483,251.3229019472085,47.678252314867386,57.69697726111561,49.9863501564668,0.3172929283859761,0.7087938028736165,True,35.346823791018004,377.0,969.0,1878.0,1591.0,34.9264960367046,29.58895377763419,13.11805035146215,0.0905252158790908,20.197487070276924,0.0762056254796405,7.079436718814774,0.1183305204277376,59.82764795780695,0.3505107687001831,1878,2627,34.86756990444134,48.744399871278326,20.970234875214857,-24.33148376171165,35.66851623828925,43.177125340711854,0.0,1.495,"[{""iter"":1,""scan"":""position"",""reason"":""plateau_lite_2dcg_score_0.98"",""n_rows"":201},{""iter"":1,""scan"":""size"",""reason"":""plateau_lite_2dcg_score_0.95"",""n_rows"":46},{""iter"":2,""scan"":""position"",""reason"":""plateau_lite_2dcg_score_0.98"",""n_rows"":201},{""iter"":2,""scan"":""size"",""reason"":""plateau_lite_2dcg_score_0.95"",""n_rows"":48},{""iter"":3,""scan"":""position"",""reason"":""plateau_lite_2dcg_score_0.98"",""n_rows"":201},{""iter"":3,""scan"":""size"",""reason"":""plateau_lite_2dcg_score_0.95"",""n_rows"":48}]",1.0,1.0,20.14902745823361,True,1499,19256.345204787023,15513.878786356998,3.807664222875108,4074.382056368066,1.2012631578947368,102.6221954887218,102.6221954887218,0.231177901815227,63.44201786591181,101.68555818700024,102.6221954887218,134.04654189215782,0.0829405821097733,0.8056502218552009,2.6313030467443674,4.217481222505719,0.0411934509166035,0.0668210983775383,True,valid,140.95714285714288,129.68057142857143,7,10.488696398835671,41.4449089494558,1583.1910046394992,2141.048147496638,-301.4561483328645,86,686.585847208378,686.585847208378,1.0,-90.0,False,1.2238953143043585,1.5893190907601342,63,RefineV9Candidates2DCG_v11_exclude_source_002_010,ambiguous_core_and_anti,3.6100617505337476,-21.656086346270627,0.48586280366101714
73,core_confirmed,rescue_candidate_for_2dcg_refit,1.0,True,30.6365469393763,5,294,0.2017734910716972,False,15.059156503682392,2,75,75,77,-256.0943285652815,2,10.735499597943315,41.60446307086194,1393.0000000000011,2304.999999999979,-243.7229231741225,73,319.0,191.4,0.6,45.0,-45.0,3.49999999999992,24.11049458723757,24.11049458723757,24.11049458723757,53.77006608468229,False,10.735499597943315,41.60446307086194,1387.76243321094,2304.905290353776,319.0,223.3,0.7,1.4285714285714286,55.0,-35.0,12.055933484505193,8.439153439153632,13.863198328331464,10.696720519361048,309.91621914722714,707.0517340762153,1010.1064210615632,36.33378619905747,67.10444784475752,107.61610447558073,8.529697880901457,10.536585230712888,9.386201312376697,0.3068154133913169,0.6999774670604955,True,6.493402416807513,64.0,167.0,319.0,274.0,5.9326689221026445,5.095772052213556,10.697874363335185,0.2291784888355933,13.477496806907125,0.1943821974855849,2.77962244357194,0.3005115945255542,9.2496346038175,0.2062417438041908,319,444,5.932399346821033,8.255397015852886,1.907660770242908,-18.33148376171315,-0.3314837617112895,18.334480586867773,10.0,1.0,"[{""iter"":1,""scan"":""position"",""reason"":""plateau_lite_2dcg_score_0.98"",""n_rows"":151},{""iter"":1,""scan"":""pa"",""reason"":""plateau_lite_2dcg_score_0.98"",""n_rows"":37},{""iter"":1,""scan"":""size"",""reason"":""plateau_lite_2dcg_score_0.95"",""n_rows"":26},{""iter"":2,""scan"":""position"",""reason"":""plateau_lite_2dcg_score_0.98"",""n_rows"":182},{""iter"":2,""scan"":""pa"",""reason"":""plateau_lite_2dcg_score_0.98"",""n_rows"":37},{""iter"":2,""scan"":""size"",""reason"":""plateau_lite_2dcg_score_0.95"",""n_rows"":26},{""iter"":3,""scan"":""position"",""reason"":""plateau_lite_2dcg_score_0.98"",""n_rows"":182},{""iter"":3,""scan"":""pa"",""reason"":""plateau_lite_2dcg_score_0.98"",""n_rows"":37},{""iter"":3,""scan"":""size"",""reason"":""plateau_lite_2dcg_score_0.95"",""n_rows"":26}]",0.6333333333333333,0.7,13.768992246312129,True,256,1519.5421871895755,,,,,,,,34.30840724878892,57.60106375383614,,67.16352371346643,0.2887935806966114,,1.4229657182955264,2.389045299150609,0.2420975067431708,0.2887935806966114,False,no_break,69.62301587301589,64.05317460317463,7,10.742309417154098,41.60436781829706,1387.76243321094,2304.905290353776,-256.0943285652815,75,319.0,223.3,0.7,55.0,False,0.0,1.0,64,RefineV9Candidates2DCG_v11_exclude_source_002_010,failed,,15.577390435693907,2.0344132111174216
74,core_confirmed,rescue_candidate_for_2dcg_refit,1.0,True,29.617682145839336,5,505,0.0772185287693794,False,17.68057100566178,-1,79,79,81,-272.58953575349346,2,10.990242366565637,41.26865190293442,1195.857142857144,1960.000000000005,-276.7133375505465,80,319.0,287.1,0.9,-45.0,45.0,3.49999999999992,24.11049458723757,24.11049458723757,24.11049458723757,53.77006608468229,False,10.990242366565637,41.26865190293442,1199.1910046395117,1959.905290353801,366.85,330.165,0.9,1.1111111111111112,75.0,-15.0,13.864323507180968,12.47789115646287,50.16758563769712,39.9870480652048,1841.5100071888328,3910.688509253506,5548.392977008316,49.671617901509336,90.6087736745432,147.71908711244,37.07368684547875,43.16015271656001,37.56043369524089,0.3318997076846875,0.7048326471212109,True,25.92074190327363,110.0,280.0,545.0,461.0,10.13575097976784,8.57354348930821,39.88224317277831,0.1827041066556885,49.50624811916608,0.1563332120565122,9.624004946387764,0.240459692632174,40.02336042701924,0.1943998043079714,545,755,10.13251775043379,14.007813789613884,7.780533434759949,11.668516238286504,-0.331483761713677,11.673223748709509,60.0,1.15,"[{""iter"":1,""scan"":""position"",""reason"":""plateau_lite_2dcg_score_0.98"",""n_rows"":201},{""iter"":1,""scan"":""pa"",""reason"":""plateau_lite_2dcg_score_0.98"",""n_rows"":37},{""iter"":1,""scan"":""size"",""reason"":""plateau_lite_2dcg_score_0.95"",""n_rows"":35},{""iter"":2,""scan"":""position"",""reason"":""plateau_lite_2dcg_score_0.98"",""n_rows"":201},{""iter"":2,""scan"":""pa"",""reason"":""plateau_lite_2dcg_score_0.98"",""n_rows"":37},{""iter"":2,""scan"":""size"",""reason"":""plateau_lite_2dcg_score_0.95"",""n_rows"":42},{""iter"":3,""scan"":""position"",""reason"":""plateau_lite_2dcg_score_0.98"",""n_rows"":201},{""iter"":3,""scan"":""pa"",""reason"":""plateau_lite_2dcg_score_0.98"",""n_rows"":37},{""iter"":3,""scan"":""size"",""reason"":""plateau_lite_2dcg_score_0.95"",""n_rows"":40}]",0.9,0.9,49.9583687689957,True,435,7402.352169518354,5856.2393432639965,1.995956416290604,2934.051713487591,1.0774736842105264,52.2845530492899,47.056097744360905,0.4452841506927432,33.66348131430435,53.355486597247285,52.2845530492899,76.13505785929043,0.2966331321530566,0.7911322251566211,1.3962169540944822,2.212956951347236,0.1986059607609466,0.2346760298954257,True,valid,80.06646825396825,73.66115079365079,7,10.98592960507224,41.26857114174516,1199.1910046395117,1959.905290353801,-272.58953575349346,79,349.8057508933656,314.825175804029,0.8999999999999999,75.0,True,7.154689267587892,1.09656975201682,65,RefineV9Candidates2DCG_v11_exclude_source_002_010,accepted,3.4674677641372496,11.937111140177556,1.6751541642153402
75,core_confirmed,rescue_candidate_for_2dcg_refit,1.0,True,29.102548998271644,5,465,2.941019937022931e-13,False,29.30713726405973,-2,43,43,45,-124.1326710595855,2,11.08005338387164,41.815754738338704,1128.9999999999964,2522.999999999999,-128.2564728566385,45,319.0,287.1,0.9,-25.0,65.0,3.49999999999992,24.11049458723757,24.11049458723757,24.11049458723757,53.77006608468229,False,11.08005338387164,41.815754738338704,1130.6195760680782,2519.4767189252243,319.0,319.0,1.0,1.0,20.0,-70.0,12.055933484505193,12.055933484505193,23.62797611184616,14.722342393815998,1376.9037970601191,2965.931376268424,4087.6858765758425,32.96214839331347,62.19390417979618,99.995236596503,41.7722710495239,47.68845782207563,40.8788059882324,0.3368418803779313,0.7255771274560152,True,29.23835972634062,90.0,241.0,459.0,387.0,8.536348072868694,7.197313081046155,14.798918965176108,0.1463819254885917,23.622773089743333,0.125621770459718,8.823854124567227,0.1928950422462477,45.74432822022864,0.3735316802580818,459,637,8.527977424955342,11.787696459520806,17.086955782379192,5.668516238286413,-12.33148376171147,13.57194046955226,45.0,1.0,"[{""iter"":1,""scan"":""position"",""reason"":""plateau_lite_2dcg_score_0.98"",""n_rows"":167},{""iter"":1,""scan"":""pa"",""reason"":""plateau_lite_2dcg_score_0.98"",""n_rows"":37},{""iter"":1,""scan"":""size"",""reason"":""plateau_lite_2dcg_score_0.95"",""n_rows"":35},{""iter"":2,""scan"":""position"",""reason"":""plateau_lite_2dcg_score_0.98"",""n_rows"":201},{""iter"":2,""scan"":""pa"",""reason"":""plateau_lite_2dcg_score_0.98"",""n_rows"":37},{""iter"":2,""scan"":""size"",""reason"":""plateau_lite_2dcg_score_0.95"",""n_rows"":34},{""iter"":3,""scan"":""position"",""reason"":""plateau_lite_2dcg_score_0.98"",""n_rows"":201},{""iter"":3,""scan"":""pa"",""reason"":""plateau_lite_2dcg_score_0.98"",""n_rows"":37},{""iter"":3,""scan"":""size"",""reason"":""plateau_lite_2dcg_score_0.95"",""n_rows"":34}]",0.8666666666666667,1.0,25.334414980946978,True,373,6579.702888337,5920.921958983481,1.6584026820601137,3570.255899265881,1.417894736842105,59.82915622389307,51.851935394040666,0.3963331883440188,32.461631709677555,50.510713658268266,59.82915622389307,65.64927735419231,0.319372534950563,0.8998767967895244,1.3463693825202778,2.094967959927505,0.2476843153656332,0.2873959337338631,True,valid,69.62301587301589,64.05317460317463,7,11.077919640892471,41.81233635274241,1130.6195760680782,2519.4767189252243,-124.1326710595855,43,400.2823338374055,346.91135599241807,0.8666666666666666,20.0,True,7.563236470475738,1.2548035543492335,66,RefineV9Candidates2DCG_v11_exclude_source_002_010,accepted,3.552699345427644,-0.20458826578808598,0.9930191658112244
76,core_confirmed,rescue_candidate_for_2dcg_refit,1.0,True,27.136795598492025,5,358,0.2317150737285919,False,13.939993436121108,-1,57,57,59,-181.86589621832752,2,10.871670934220091,41.80377457928627,1288.7142857142833,2510.1428571428737,-185.9896980153805,58,264.0,250.8,0.95,-10.0,80.0,3.49999999999992,24.11049458723757,24.11049458723757,24.11049458723757,53.77006608468229,True,10.871670934220091,41.80377457928627,1286.9052903537938,2510.0481474966705,303.6,303.6,1.0,1.0,-10.0,80.0,11.473922902494593,11.473922902494593,31.705366249532148,22.000341418038364,1345.2922946792198,2890.9918779500567,4046.995354732908,43.4160942115047,78.19494817769132,125.44211817013309,30.98602762665682,36.971594013727405,32.261854421527694,0.3324175534587452,0.7143551263455442,True,22.69290386572992,86.0,217.0,417.0,357.0,7.75524432763888,6.639381834453429,22.13855261509498,0.2052758597847942,32.002944965627286,0.173365664322474,9.864392350532306,0.2686890994743911,36.71303513923342,0.3082338941346536,417,570,7.746464940314636,10.567096060351608,11.316201786468293,-6.331483761712971,-0.3314837617112895,6.340155211752572,0.0,1.15,"[{""iter"":1,""scan"":""position"",""reason"":""plateau_lite_2dcg_score_0.98"",""n_rows"":201},{""iter"":1,""scan"":""size"",""reason"":""plateau_lite_2dcg_score_0.95"",""n_rows"":27},{""iter"":2,""scan"":""position"",""reason"":""plateau_lite_2dcg_score_0.98"",""n_rows"":201},{""iter"":2,""scan"":""size"",""reason"":""plateau_lite_2dcg_score_0.95"",""n_rows"":33},{""iter"":3,""scan"":""position"",""reason"":""plateau_lite_2dcg_score_0.98"",""n_rows"":201},{""iter"":3,""scan"":""size"",""reason"":""plateau_lite_2dcg_score_0.95"",""n_rows"":33}]",1.0,1.0,32.23778350079674,True,317,5304.537761941607,4185.572403627164,1.630330987909089,2567.3145113896107,1.0310526315789472,41.40576441102756,41.40576441102756,0.5266022606300017,27.349025168998008,42.28401149373215,41.40576441102756,62.82422189115751,0.4068282179565847,0.7890550678434852,1.1343203711579888,1.7537596062469152,0.3014050440708692,0.3210098671203771,True,valid,66.26190476190476,60.96095238095238,7,10.874030027528068,41.80367868889626,1286.9052903537938,2510.0481474966705,-181.86589621832752,57,277.0220584549877,277.0220584549877,1.0,-10.0,True,10.855087418496469,1.0493259789961655,67,RefineV9Candidates2DCG_v11_exclude_source_002_010,accepted,3.409479075603302,13.196802162370917,1.9466863971524946
77,core_confirmed,rescue_candidate_for_2dcg_refit,1.0,True,26.541487584215137,5,608,0.0751811105390303,False,23.92135823979975,0,122,122,124,-449.9130130267725,2,10.248109427302486,41.079616712184354,1770.5714285714305,1765.999999999996,-449.9130130267725,122,382.8,344.52000000000004,0.9,-80.0,10.0,3.49999999999992,24.11049458723757,24.11049458723757,24.11049458723757,53.77006608468229,False,10.248109427302486,41.079616712184354,1774.762433210941,1766.762433210935,440.22,440.22,1.0,1.0,-75.0,15.0,16.63718820861716,16.63718820861716,28.87332367106484,16.250380514993356,3294.1336969015565,7278.69175415249,10956.71465947005,65.32475501116494,118.66432882692426,191.37506684428337,50.4270348405982,61.33849848650554,57.25257129961045,0.3006497658542552,0.6643133439512737,True,37.93581612450483,177.0,451.0,868.0,739.0,16.142810734749514,13.743706374400796,16.614151856204103,0.1481789422408025,28.41144561332519,0.1265130321126594,11.797293757121086,0.1948397962890073,60.54868657131046,0.4152303236406972,868,1217,16.113315774090783,22.43795606792909,25.14165072102438,14.668516238286548,2.6685162382863683,14.909270523633078,5.0,1.15,"[{""iter"":1,""scan"":""position"",""reason"":""plateau_lite_2dcg_score_0.98"",""n_rows"":188},{""iter"":1,""scan"":""pa"",""reason"":""plateau_lite_2dcg_score_0.98"",""n_rows"":37},{""iter"":1,""scan"":""size"",""reason"":""plateau_lite_2dcg_score_0.95"",""n_rows"":43},{""iter"":2,""scan"":""position"",""reason"":""plateau_lite_2dcg_score_0.98"",""n_rows"":201},{""iter"":2,""scan"":""pa"",""reason"":""plateau_lite_2dcg_score_0.98"",""n_rows"":37},{""iter"":2,""scan"":""size"",""reason"":""plateau_lite_2dcg_score_0.95"",""n_rows"":46},{""iter"":3,""scan"":""position"",""reason"":""plateau_lite_2dcg_score_0.98"",""n_rows"":201},{""iter"":3,""scan"":""pa"",""reason"":""plateau_lite_2dcg_score_0.98"",""n_rows"":37},{""iter"":3,""scan"":""size"",""reason"":""plateau_lite_2dcg_score_0.95"",""n_rows"":46}]",1.0,1.0,28.875415932125904,True,688,15220.456175470628,11636.160738179406,2.730304638977702,4261.854363085392,1.1393684210526316,66.34560401002507,66.34560401002507,0.3330454049125269,43.64012898558285,71.63700607586372,66.34560401002507,92.5590052182186,0.1803297000905561,0.7645080150049843,1.810005548732414,2.9711960414857432,0.1024729762506703,0.1378635010626752,True,valid,96.07976190476192,88.39338095238097,7,10.24269900457406,41.08033735062198,1774.762433210941,1766.762433210935,-449.9130130267725,122,443.8801228217807,443.8801228217807,1.0,-75.0,True,3.9207577431159937,1.1595614493776925,68,RefineV9Candidates2DCG_v11_exclude_source_002_010,accepted,3.6295986048364077,2.6201293444153855,1.109530960497723
78,core_confirmed,rescue_candidate_for_2dcg_refit,1.0,True,25.655604339432884,5,428,0.2274162510764546,False,13.307183009268446,-1,54,54,56,-169.4944908271685,2,11.271483395038231,41.615909790560416,980.8571428571416,2318.285714285713,-173.6182926242215,55,319.0,287.1,0.9,-45.0,45.0,3.49999999999992,24.11049458723757,24.11049458723757,24.11049458723757,53.77006608468229,False,11.271483395038231,41.615909790560416,982.4767189252238,2317.3338617823665,319.0,319.0,1.0,1.0,-75.0,15.0,12.055933484505193,12.055933484505193,30.415470068024494,19.981370869620484,1507.2246140877653,3373.5303615889343,4789.251532067441,47.67845474538593,89.5910726863908,145.08346982854954,31.612279008132635,37.65476023931328,33.01031838931806,0.314709846412498,0.7043961543887917,True,23.177459961051834,90.0,239.0,459.0,385.0,8.536348072868694,7.16011766460664,19.95733599443577,0.2115980494480885,30.518153135421027,0.1824839749529104,10.560817140985256,0.2794174934481557,37.79583379214857,0.3460503358156296,459,640,8.5276514327576,11.84981653715016,13.079260976204736,5.668516238287607,-3.3314837617121307,6.575017900985661,30.0,1.0,"[{""iter"":1,""scan"":""position"",""reason"":""plateau_lite_2dcg_score_0.98"",""n_rows"":201},{""iter"":1,""scan"":""pa"",""reason"":""plateau_lite_2dcg_score_0.98"",""n_rows"":37},{""iter"":1,""scan"":""size"",""reason"":""plateau_lite_2dcg_score_0.95"",""n_rows"":35},{""iter"":2,""scan"":""position"",""reason"":""plateau_lite_2dcg_score_0.98"",""n_rows"":201},{""iter"":2,""scan"":""pa"",""reason"":""plateau_lite_2dcg_score_0.98"",""n_rows"":37},{""iter"":2,""scan"":""size"",""reason"":""plateau_lite_2dcg_score_0.95"",""n_rows"":35},{""iter"":3,""scan"":""position"",""reason"":""plateau_lite_2dcg_score_0.98"",""n_rows"":201},{""iter"":3,""scan"":""pa"",""reason"":""plateau_lite_2dcg_score_0.98"",""n_rows"":37},{""iter"":3,""scan"":""size"",""reason"":""plateau_lite_2dcg_score_0.95"",""n_rows"":35}]",1.0,1.0,30.604891872716347,True,371,6154.5178534112665,5038.976772017964,1.853054325161024,2719.281730491142,1.0310526315789472,43.50605680868839,43.50605680868839,0.5323739980804462,28.03039779262649,42.03249050115822,43.50605680868839,63.00404309292386,0.3932043536100822,0.818744358540614,1.1625807878476222,1.743327593263363,0.2985761181739934,0.3219338462718635,True,valid,69.62301587301589,64.05317460317463,7,11.269368841891428,41.61499499869296,982.4767189252238,2317.3338617823665,-169.4944908271685,54,291.073901999806,291.073901999806,1.0,-75.0,True,10.915968052060627,0.912457373040144,69,RefineV9Candidates2DCG_v11_exclude_source_002_010,accepted,3.434454204887699,12.348421330164438,1.927951567327493
79,core_confirmed,rescue_candidate_for_2dcg_refit,1.0,True,25.369672638787712,5,532,0.1038116047153935,False,19.981608757123244,0,62,62,64,-202.4849052035925,2,11.255932572256272,41.49612203208148,992.0000000000098,2194.999999999993,-202.4849052035925,62,319.0,303.05,0.95,-45.0,45.0,3.49999999999992,24.11049458723757,24.11049458723757,24.11049458723757,53.77006608468229,True,11.255932572256272,41.49612203208148,990.1910046395204,2194.048147496647,366.85,330.165,0.9,1.1111111111111112,-45.0,45.0,13.864323507180968,12.47789115646287,41.70517568212174,31.0336309383751,2095.311554362513,4320.132917348987,5805.320340598173,54.21255052653284,100.7399121025208,161.49353872622518,38.64993500604663,42.884025081861125,35.94769417022774,0.3609295321240817,0.7441678777202233,True,25.814538517611453,107.0,284.0,544.0,465.0,10.117153271548084,8.64793432218724,31.014368342079173,0.2018718507033773,42.03970012237379,0.1702894398199313,11.025331780294614,0.26410364901037,41.74623039707304,0.262260000623241,544,759,10.111814469913442,14.064356460949163,10.948366409954335,-6.331483761712573,-3.3314837617121307,7.154472075519032,0.0,1.15,"[{""iter"":1,""scan"":""position"",""reason"":""plateau_lite_2dcg_score_0.98"",""n_rows"":201},{""iter"":1,""scan"":""size"",""reason"":""plateau_lite_2dcg_score_0.95"",""n_rows"":35},{""iter"":2,""scan"":""position"",""reason"":""plateau_lite_2dcg_score_0.98"",""n_rows"":201},{""iter"":2,""scan"":""size"",""reason"":""plateau_lite_2dcg_score_0.95"",""n_rows"":42},{""iter"":3,""scan"":""position"",""reason"":""plateau_lite_2dcg_score_0.98"",""n_rows"":201},{""iter"":3,""scan"":""size"",""reason"":""plateau_lite_2dcg_score_0.95"",""n_rows"":42}]",0.9,0.9,41.71380054906988,True,437,8121.745337816558,6314.398717883692,2.231848406836284,2829.223839102296,1.092947368421053,53.03541562238932,47.73187406015038,0.451327389454385,33.18736891801959,55.53077096953999,53.03541562238932,74.16080989642906,0.3153080713387102,0.7774681986743073,1.3764698520778864,2.3031784258351187,0.2089461483993652,0.245141998251177,True,valid,80.06646825396825,73.66115079365079,7,11.258272516047445,41.49518504512736,990.1910046395204,2194.048147496647,-202.4849052035925,62,354.8293387578952,319.3464048821057,0.9,-45.0,True,7.56938216526226,1.1123176763570382,70,RefineV9Candidates2DCG_v11_exclude_source_002_010,accepted,3.4516673088006833,5.388063881664468,1.2696511550774747
80,core_confirmed,rescue_candidate_for_2dcg_refit,1.0,True,25.0958356626394,5,945,0.4494992563224608,False,17.067258126670826,-1,88,88,90,-309.70375192697054,2,10.940695232212532,41.21529977322328,1233.999999999999,1904.999999999985,-309.70375192697054,89,420.0,420.0,1.0,-90.0,0.0,3.49999999999992,24.11049458723757,24.11049458723757,24.11049458723757,53.77006608468229,True,10.940695232212532,41.21529977322328,1233.0481474966523,1904.905290353781,483.0,483.0,1.0,1.0,-90.0,0.0,18.253968253968672,18.253968253968672,27.271542953589005,18.99224399726574,2968.7646708404527,6477.267220298541,8660.14670831414,68.45921948445232,123.64515748595996,197.2115438324808,43.36544724286091,52.38593530065293,43.91298065021187,0.3428076649082979,0.7479396641260206,True,32.57047064166087,216.0,548.0,1046.0,895.0,19.45320279786635,16.64494885668297,18.72559343545056,0.1289382907735025,25.873512927180546,0.1065931309712254,7.147919491729986,0.1672936890556279,42.72677309036557,0.2762639735797523,1046,1476,19.403181951638192,27.41043340133827,11.803868112184825,-3.3314837617137223,-0.331483761713677,3.3479345183026004,0.0,1.15,"[{""iter"":1,""scan"":""position"",""reason"":""plateau_lite_2dcg_score_0.98"",""n_rows"":201},{""iter"":1,""scan"":""size"",""reason"":""plateau_lite_2dcg_score_0.95"",""n_rows"":45},{""iter"":2,""scan"":""position"",""reason"":""plateau_lite_2dcg_score_0.98"",""n_rows"":201},{""iter"":2,""scan"":""size"",""reason"":""plateau_lite_2dcg_score_0.95"",""n_rows"":47},{""iter"":3,""scan"":""position"",""reason"":""plateau_lite_2dcg_score_0.98"",""n_rows"":201},{""iter"":3,""scan"":""size"",""reason"":""plateau_lite_2dcg_score_0.95"",""n_rows"":47}]",0.9666666666666668,1.0,27.13151328050696,True,830,13145.49324310878,8174.383452455948,2.3580426732502304,3466.5969132732907,0.9536842105263156,60.92982456140351,58.89883040935673,0.2577122844402218,48.37134248951159,91.24197980399556,60.92982456140351,102.57214722176204,0.1489695126629686,0.6218392342745434,2.0062360112312265,3.7843263427823968,0.065401017662003,0.0926350876845923,True,valid,105.41666666666669,96.98333333333336,7,10.941925082146398,41.21520496194535,1233.0481474966523,1904.905290353781,-309.70375192697054,88,407.6462700639315,394.0580610618005,0.9666666666666668,-90.0,True,2.260394233447687,0.970586357295075,71,RefineV9Candidates2DCG_v11_exclude_source_002_010,accepted,3.5399033459775953,8.028577535968573,1.470408162598912
81,core_confirmed,rescue_candidate_for_2dcg_refit,1.0,True,24.095037140025315,5,311,0.2068285898440673,False,11.244985145322726,-1,72,72,74,-243.7229231741225,2,10.690176357968644,41.58211254393754,1427.8571428571422,2282.0000000000045,-243.7229231741225,73,264.0,237.6,0.9,15.0,-75.0,3.49999999999992,24.11049458723757,24.11049458723757,24.11049458723757,53.77006608468229,False,10.690176357968644,41.58211254393754,1426.0481474966527,2281.9052903538013,264.0,237.6,0.9,1.1111111111111112,70.0,-20.0,9.977324263038778,8.979591836734901,64.55963572335129,57.30066508385067,734.2184391644382,1564.2048607808429,2017.993837781174,34.16829878155873,63.14494666424986,99.41390456979391,21.488293691716063,24.7716554279146,20.298909357940303,0.3638358182360589,0.7751286607003312,True,15.429216019685844,57.0,149.0,278.0,237.0,5.170162885092586,4.407656848082529,57.4718239325904,0.2433317548516133,64.44044363162244,0.2031075736359505,6.968619699032047,0.3169590342417276,21.985868665025823,0.1081404674813936,278,394,5.16858020951927,7.324661972166868,2.3775621154204165,-6.331483761712971,-0.3314837617112895,6.340155211752572,55.0,1.0,"[{""iter"":1,""scan"":""position"",""reason"":""plateau_lite_2dcg_score_0.98"",""n_rows"":187},{""iter"":1,""scan"":""pa"",""reason"":""plateau_lite_2dcg_score_0.98"",""n_rows"":37},{""iter"":1,""scan"":""size"",""reason"":""plateau_lite_2dcg_score_0.95"",""n_rows"":25},{""iter"":2,""scan"":""position"",""reason"":""plateau_lite_2dcg_score_0.98"",""n_rows"":195},{""iter"":2,""scan"":""pa"",""reason"":""plateau_lite_2dcg_score_0.98"",""n_rows"":37},{""iter"":2,""scan"":""size"",""reason"":""plateau_lite_2dcg_score_0.95"",""n_rows"":24},{""iter"":3,""scan"":""position"",""reason"":""plateau_lite_2dcg_score_0.98"",""n_rows"":183},{""iter"":3,""scan"":""pa"",""reason"":""plateau_lite_2dcg_score_0.98"",""n_rows"":37},{""iter"":3,""scan"":""size"",""reason"":""plateau_lite_2dcg_score_0.95"",""n_rows"":24}]",0.9,0.9,64.25508851513209,True,228,3027.901900254704,2191.1797445264456,1.398642883850422,1566.6470475252363,1.108421052631579,38.70676691729324,34.836090225563915,0.5159679589537723,25.44882643931264,45.59843781335855,38.70676691729324,55.5136914131994,0.4621099153752758,0.7236627264384378,1.0555082703605545,1.8912278073920228,0.3254997587145123,0.3344117212747078,True,valid,57.61904761904762,53.00952380952381,7,10.692527594210956,41.58202033091322,1426.0481474966527,2281.9052903538013,-243.7229231741225,72,258.96462485571794,233.06816237014613,0.9000000000000001,70.0,True,9.437426943310683,0.980926609301962,72,RefineV9Candidates2DCG_v11_exclude_source_002_010,accepted,3.194971164574642,12.85005199470259,2.142736235631888
82,core_confirmed,rescue_candidate_for_2dcg_refit,1.0,True,22.82836290932901,5,376,0.2847510353224959,False,12.253111751160612,1,141,141,143,-528.2652471707795,2,10.19144996784348,40.62339523910754,1817.1428571428576,1296.9999999999957,-524.1414453737265,140,264.0,264.0,1.0,45.0,-45.0,3.49999999999992,24.11049458723757,24.11049458723757,24.11049458723757,53.77006608468229,True,10.19144996784348,40.62339523910754,1819.6195760680823,1299.4767189252204,264.0,264.0,1.0,1.0,45.0,-45.0,9.977324263038778,9.977324263038778,63.35114360080181,52.20675962898741,1170.8633651391938,2486.75712863672,3477.0477992060933,54.38907656352953,99.77506643699448,161.28452557223972,21.527546322128835,24.923632901883824,21.55847119783798,0.3367406583845452,0.7151921032562497,True,15.097136335583771,62.0,161.0,312.0,263.0,5.802484964564342,4.891197261796224,52.38551965101806,0.3514051255640441,63.52287355088322,0.2913039249521868,11.13735389986516,0.4564466441603343,24.400122210018885,0.1753282444148861,312,441,5.796792028983033,8.178309855585832,4.278030590591284,8.66851623828646,8.66851623828646,12.259133229836117,0.0,1.0,"[{""iter"":1,""scan"":""position"",""reason"":""plateau_lite_2dcg_score_0.98"",""n_rows"":164},{""iter"":1,""scan"":""size"",""reason"":""plateau_lite_2dcg_score_0.95"",""n_rows"":26},{""iter"":2,""scan"":""position"",""reason"":""plateau_lite_2dcg_score_0.98"",""n_rows"":201},{""iter"":2,""scan"":""size"",""reason"":""plateau_lite_2dcg_score_0.95"",""n_rows"":26},{""iter"":3,""scan"":""position"",""reason"":""plateau_lite_2dcg_score_0.98"",""n_rows"":201},{""iter"":3,""scan"":""size"",""reason"":""plateau_lite_2dcg_score_0.95"",""n_rows"":26}]",1.0,1.0,64.03519615352772,True,248,4843.677867840159,3739.242269802629,2.119342421958008,1764.3407837550085,1.0465263157894735,36.5453634085213,36.5453634085213,0.5742241747110706,23.941763523639747,38.82091911267865,36.5453634085213,55.04727537722269,0.5038048682504607,0.7719840938699732,0.9930017585086311,1.6101253739202743,0.3889293447036131,0.3889293447036131,True,valid,57.61904761904762,53.00952380952381,7,10.188259580892025,40.62578955325141,1819.6195760680823,1299.4767189252204,-528.2652471707795,141,244.503922157222,244.503922157222,1.0,45.0,True,12.151644863199971,0.9261512202925076,73,RefineV9Candidates2DCG_v11_exclude_source_002_010,accepted,3.2465824732052098,10.575251158168397,1.8630665722253543
83,core_confirmed,rescue_candidate_for_2dcg_refit,1.0,True,22.23589429128725,5,531,0.1670187813984895,False,24.06563302503028,1,138,138,140,-515.8938417796205,2,10.376269563777504,40.86113773848541,1671.999999999995,1540.8571428571438,-511.7700399825675,137,382.8,306.24,0.8,45.0,-45.0,3.49999999999992,24.11049458723757,24.11049458723757,24.11049458723757,53.77006608468229,False,10.376269563777504,40.86113773848541,1671.905290353791,1541.6195760680828,382.8,306.24,0.8,1.25,45.0,-45.0,14.46712018140623,11.573696145124982,29.303877957914622,19.41401382913965,1824.1662123971764,3936.587481875517,5172.39893934931,60.66224364586519,112.72647791886249,180.08713865856674,30.070866205449256,34.921586787347046,28.72164540942502,0.3526731471773631,0.7610757654301779,True,21.566701904714648,104.0,275.0,523.0,446.0,9.726601398933177,8.294577866011847,19.01348247645156,0.2335329496948239,27.81067617249564,0.1965364562111931,8.79719369604408,0.3052281396156315,28.821699424968592,0.3163243367935218,523,732,9.6960328609051,13.53352499757935,9.117004955865418,-0.331483761713677,2.6685162382863683,2.689025919971371,0.0,1.0,"[{""iter"":1,""scan"":""position"",""reason"":""plateau_lite_2dcg_score_0.98"",""n_rows"":200},{""iter"":1,""scan"":""pa"",""reason"":""plateau_lite_2dcg_score_0.98"",""n_rows"":37},{""iter"":1,""scan"":""size"",""reason"":""plateau_lite_2dcg_score_0.95"",""n_rows"":41},{""iter"":2,""scan"":""position"",""reason"":""plateau_lite_2dcg_score_0.98"",""n_rows"":201},{""iter"":2,""scan"":""pa"",""reason"":""plateau_lite_2dcg_score_0.98"",""n_rows"":37},{""iter"":2,""scan"":""size"",""reason"":""plateau_lite_2dcg_score_0.95"",""n_rows"":41},{""iter"":3,""scan"":""position"",""reason"":""plateau_lite_2dcg_score_0.98"",""n_rows"":201},{""iter"":3,""scan"":""pa"",""reason"":""plateau_lite_2dcg_score_0.98"",""n_rows"":37},{""iter"":3,""scan"":""size"",""reason"":""plateau_lite_2dcg_score_0.95"",""n_rows"":40}]",0.8,0.8,29.853990158319675,True,419,8591.50879092083,5477.320455148592,2.3533035501348523,2327.5027375175305,1.0310526315789472,52.20726817042607,41.76581453634086,0.3467288945176912,39.23468040433597,70.23464995263443,52.20726817042607,81.01896606520279,0.2411257691652635,0.6375271897453925,1.6272864192966032,2.913032318707049,0.1205064624511228,0.1537242339911266,True,valid,83.54761904761907,76.86380952380955,7,10.376387861941138,40.861879334099584,1671.905290353791,1541.6195760680828,-515.8938417796205,138,349.28868239976714,279.4309459198138,0.8000000000000002,45.0,True,4.0334693503385735,0.912457373040144,74,RefineV9Candidates2DCG_v11_exclude_source_002_010,accepted,3.366890200453835,-1.8297387337430315,0.9239688093041247
84,core_confirmed,rescue_candidate_for_2dcg_refit,1.0,True,21.645511456984508,5,221,0.1125072965136486,False,12.878928088978748,0,77,77,79,-264.3419321593875,2,10.99935105499478,41.31821113427335,1188.9999999999948,2010.9999999999893,-264.3419321593875,77,220.0,198.0,0.9,-45.0,45.0,3.49999999999992,24.11049458723757,24.11049458723757,24.11049458723757,53.77006608468229,False,10.99935105499478,41.31821113427335,1188.9052903537909,2010.9052903537847,220.0,220.0,1.0,1.0,-40.0,50.0,8.314436885865648,8.314436885865648,59.10884516826652,51.71155725541804,568.57642350383,1152.7503319466389,1605.2114770881217,31.26144286693135,56.88956934523012,92.18639177877895,18.18778569895364,20.262947060668697,17.412672804682185,0.3542065526065365,0.7181298840684502,True,11.963930212882929,45.0,113.0,217.0,178.0,4.035702683687378,3.310392063116836,51.46233371949569,0.2827722494362573,57.60455093138918,0.2433838532146319,6.142217211893488,0.3730895938737,16.463115864798894,0.1066272909445865,217,300,4.02686960555079,5.535544486866667,1.75541744517035,-0.331483761713677,-0.331483761713677,0.4687888315219333,5.0,1.0,"[{""iter"":1,""scan"":""position"",""reason"":""plateau_lite_2dcg_score_0.98"",""n_rows"":164},{""iter"":1,""scan"":""pa"",""reason"":""plateau_lite_2dcg_score_0.98"",""n_rows"":37},{""iter"":1,""scan"":""size"",""reason"":""plateau_lite_2dcg_score_0.95"",""n_rows"":16},{""iter"":2,""scan"":""position"",""reason"":""plateau_lite_2dcg_score_0.98"",""n_rows"":176},{""iter"":2,""scan"":""pa"",""reason"":""plateau_lite_2dcg_score_0.98"",""n_rows"":37},{""iter"":2,""scan"":""size"",""reason"":""plateau_lite_2dcg_score_0.95"",""n_rows"":16},{""iter"":3,""scan"":""position"",""reason"":""plateau_lite_2dcg_score_0.98"",""n_rows"":176},{""iter"":3,""scan"":""pa"",""reason"":""plateau_lite_2dcg_score_0.98"",""n_rows"":37},{""iter"":3,""scan"":""size"",""reason"":""plateau_lite_2dcg_score_0.95"",""n_rows"":15}]",1.0,1.0,58.932628255011466,True,185,2198.283058613522,1621.060277313231,1.1772940398961582,1376.937470486315,1.0310526315789472,30.004177109440267,30.004177109440267,0.6111313522011164,20.43746422225179,35.0043351050648,30.004177109440267,45.76715008398357,0.6061640846703356,0.737421084587555,0.8476584397016048,1.451829823664989,0.4469981767556213,0.4469981767556213,True,valid,48.01587301587302,44.17460317460318,7,10.999473210081272,41.31811872251537,1188.9052903537909,2010.9052903537847,-264.3419321593875,77,200.7406220688317,200.7406220688317,1.0,-40.0,True,13.746175187375778,0.912457373040144,75,RefineV9Candidates2DCG_v11_exclude_source_002_010,accepted,3.1389142185144765,8.76658336800576,1.6806920038250572
85,core_confirmed,rescue_candidate_for_2dcg_refit,1.0,True,20.53762418852741,5,437,0.2082480874561801,False,10.600915662540968,0,49,49,51,-148.87548184190348,2,11.437232845356162,41.6817641429294,854.0000000000125,2386.999999999985,-148.87548184190348,49,360.0,288.0,0.8,-90.0,0.0,3.49999999999992,24.11049458723757,24.11049458723757,24.11049458723757,53.77006608468229,False,11.437232845356162,41.6817641429294,853.9052903538089,2386.9052903537818,360.0,288.0,0.8,1.25,85.0,-5.0,13.605442176871062,10.884353741496849,32.27389115016779,22.79469383843669,1479.43585011696,3107.3475400072884,4379.389158019769,53.4713671601152,98.48982016333484,160.28038306695902,27.66781417215165,31.549936174663383,27.32330104420968,0.3378178546676398,0.7095390311036757,True,18.88077645552775,92.0,238.0,462.0,388.0,8.592141197527967,7.215910789265912,22.77318550428093,0.2333895522049859,32.15837972786531,0.1979902608300623,9.385194223584378,0.3060569006933187,30.66486722672761,0.2918428821042897,462,653,8.588949159908397,12.118876534375866,8.949323230793565,-0.3314837617124833,-0.3314837617112895,0.4687888315194011,5.0,1.0,"[{""iter"":1,""scan"":""position"",""reason"":""plateau_lite_2dcg_score_0.98"",""n_rows"":197},{""iter"":1,""scan"":""pa"",""reason"":""plateau_lite_2dcg_score_0.98"",""n_rows"":37},{""iter"":1,""scan"":""size"",""reason"":""plateau_lite_2dcg_score_0.95"",""n_rows"":38},{""iter"":2,""scan"":""position"",""reason"":""plateau_lite_2dcg_score_0.98"",""n_rows"":201},{""iter"":2,""scan"":""pa"",""reason"":""plateau_lite_2dcg_score_0.98"",""n_rows"":37},{""iter"":2,""scan"":""size"",""reason"":""plateau_lite_2dcg_score_0.95"",""n_rows"":38},{""iter"":3,""scan"":""position"",""reason"":""plateau_lite_2dcg_score_0.98"",""n_rows"":201},{""iter"":3,""scan"":""pa"",""reason"":""plateau_lite_2dcg_score_0.98"",""n_rows"":37},{""iter"":3,""scan"":""size"",""reason"":""plateau_lite_2dcg_score_0.95"",""n_rows"":38}]",0.8,0.8,32.32290398131978,True,379,6228.357959034483,4779.757990701997,2.3507038452239315,2033.330570506924,1.1703157894736842,55.729323308270686,44.58345864661656,0.4180606708213332,34.82466153709232,59.09480935466388,55.729323308270686,74.84222369692061,0.2871202148115762,0.7674186394134214,1.4443777339817028,2.45099946584856,0.1833393642879842,0.2203414045987891,True,valid,78.57142857142858,72.2857142857143,7,11.43735505934218,41.68167126749644,853.9052903538089,2386.9052903537818,-148.87548184190348,49,372.85271939210986,298.28217551368795,0.8000000000000002,85.0,True,5.412614272970589,1.0357019983114162,76,RefineV9Candidates2DCG_v11_exclude_source_002_010,accepted,3.3082079901856556,9.936708525986441,1.9373443617798465
86,core_confirmed,rescue_candidate_for_2dcg_refit,1.0,True,20.407686746485428,5,461,0.2341647880152874,False,15.68489211641178,-1,154,154,156,-581.8746705324686,2,10.107944687643712,40.67259210998291,1881.9999999999984,1348.0000000000016,-581.8746705324686,155,300.0,300.0,1.0,-90.0,0.0,3.49999999999992,24.11049458723757,24.11049458723757,24.11049458723757,53.77006608468229,True,10.107944687643712,40.67259210998291,1881.9052903537945,1347.9052903537977,300.0,300.0,1.0,1.0,-90.0,0.0,11.337868480725884,11.337868480725884,49.01328199776478,38.81488744033784,1306.794343793325,2923.7245674088654,4181.341768545044,51.432188651436014,93.47450621908986,151.84747961039952,25.408102942102552,31.278309837295154,27.53645815704852,0.3125299045449811,0.6992311868413034,True,19.195859314536648,83.0,211.0,410.0,353.0,7.625060370100577,6.564991001574399,38.85098364145313,0.2509903514371735,49.035282293621016,0.2151188801457301,10.184298652167882,0.3305635931401232,30.80889385132876,0.2076932807521076,410,566,7.6201383068954,10.513635478463076,6.398800240325906,-0.331483761713677,-0.331483761713677,0.4687888315219333,0.0,1.0,"[{""iter"":1,""scan"":""position"",""reason"":""plateau_lite_2dcg_score_0.98"",""n_rows"":201},{""iter"":1,""scan"":""size"",""reason"":""plateau_lite_2dcg_score_0.95"",""n_rows"":34},{""iter"":2,""scan"":""position"",""reason"":""plateau_lite_2dcg_score_0.98"",""n_rows"":201},{""iter"":2,""scan"":""size"",""reason"":""plateau_lite_2dcg_score_0.95"",""n_rows"":33},{""iter"":3,""scan"":""position"",""reason"":""plateau_lite_2dcg_score_0.98"",""n_rows"":201},{""iter"":3,""scan"":""size"",""reason"":""plateau_lite_2dcg_score_0.95"",""n_rows"":33}]",1.0,1.0,49.51873437269624,True,318,6257.117138832824,4950.511856560754,2.3367648435771247,2118.53232479418,1.2322105263157894,48.89724310776944,48.89724310776944,0.4657846344917783,29.82080784915019,49.49455243317085,48.89724310776944,62.35626536638007,0.351749658663072,0.7911809459082942,1.2368393249359246,2.0528219466459987,0.2502377703030168,0.2782976276639689,True,valid,65.47619047619048,60.23809523809525,7,10.10806688955388,40.67250063962212,1881.9052903537945,1347.9052903537977,-581.8746705324686,154,327.1432161962612,327.1432161962612,1.0,-90.0,True,7.54112934519377,1.0904773873208706,77,RefineV9Candidates2DCG_v11_exclude_source_002_010,accepted,3.3260350948995008,4.722794630073649,1.3011046932947652
87,core_confirmed,rescue_candidate_for_2dcg_refit,1.0,True,19.405550347173783,5,637,0.06649383356711,False,20.36216004815066,0,138,138,140,-515.8938417796205,2,9.942943407538277,40.35854783875412,2013.4285714285609,1026.0000000000036,-515.8938417796205,138,435.0,304.5,0.7,55.0,-35.0,3.49999999999992,24.11049458723757,24.11049458723757,24.11049458723757,53.77006608468229,False,9.942943407538277,40.35854783875412,2011.6195760680712,1027.6195760680855,500.25,300.15,0.6,1.6666666666666667,55.0,-35.0,18.90589569161041,11.343537414966246,37.10650196515192,24.61896084138605,2901.738336500316,6113.1726662184265,8391.627635170666,81.36116405366046,149.49762062470248,242.0556069120956,35.66490684162926,40.89143787488686,34.66818117631191,0.3457896921377519,0.7284847388362579,True,24.632199623790097,136.0,349.0,672.0,567.0,12.497659923677045,10.544900560602503,24.573587748642066,0.2421339781180656,35.81472223266306,0.2058569114654142,11.241134484020993,0.3178143032611328,35.37013397029111,0.3138690958147113,672,942,12.443424158821344,17.371541291731898,11.101591968100474,-6.331483761713767,5.668516238286413,8.498221164959281,0.0,1.15,"[{""iter"":1,""scan"":""position"",""reason"":""plateau_lite_2dcg_score_0.98"",""n_rows"":197},{""iter"":1,""scan"":""pa"",""reason"":""plateau_lite_2dcg_score_0.98"",""n_rows"":37},{""iter"":1,""scan"":""size"",""reason"":""plateau_lite_2dcg_score_0.95"",""n_rows"":41},{""iter"":2,""scan"":""position"",""reason"":""plateau_lite_2dcg_score_0.98"",""n_rows"":201},{""iter"":2,""scan"":""pa"",""reason"":""plateau_lite_2dcg_score_0.98"",""n_rows"":37},{""iter"":2,""scan"":""size"",""reason"":""plateau_lite_2dcg_score_0.95"",""n_rows"":37},{""iter"":3,""scan"":""position"",""reason"":""plateau_lite_2dcg_score_0.98"",""n_rows"":201},{""iter"":3,""scan"":""pa"",""reason"":""plateau_lite_2dcg_score_0.98"",""n_rows"":37},{""iter"":3,""scan"":""size"",""reason"":""plateau_lite_2dcg_score_0.95"",""n_rows"":38}]",0.55,0.6,37.15725714727501,True,539,12055.8199926156,8886.128000957886,3.3200360379061085,2676.515525585144,1.1393684210526316,75.39273182957393,41.46600250626568,0.2834453232927835,49.78057153617819,85.74870463155865,75.39273182957393,105.30020911392866,0.1533889082803839,0.737082007395664,2.0646847934230506,3.556488827771624,0.0786833581090331,0.1130602044275347,True,valid,109.18154761904762,100.4470238095238,7,9.945234204772124,40.36013756799163,2011.6195760680712,1027.6195760680855,-515.8938417796205,138,504.4092304792962,277.425076763613,0.5500000000000002,55.0,True,2.249303896810046,1.1595614493776925,78,RefineV9Candidates2DCG_v11_exclude_source_002_010,accepted,3.4275697669260263,-0.9566097009768768,0.9530202248329858
88,core_confirmed,rescue_candidate_for_2dcg_refit,1.0,True,18.91823957784077,5,252,0.1093698859195624,False,12.63051637382904,0,106,106,108,-383.93218427392446,2,10.40682158943186,41.23760999520043,1646.9999999999995,1927.9999999999984,-383.93218427392446,106,264.0,184.8,0.7,45.0,-45.0,3.49999999999992,24.11049458723757,24.11049458723757,24.11049458723757,53.77006608468229,False,10.40682158943186,41.23760999520043,1646.9052903537956,1928.7624332109367,264.0,184.8,0.7,1.4285714285714286,45.0,-45.0,9.977324263038778,6.984126984127144,36.27238521476291,29.792582408064376,479.0937698367991,1052.3023287945316,1412.5970118602809,27.957469814669,52.22059522233657,83.08712454324193,17.13652104474145,20.15109793969612,17.001394856613526,0.3391581362655367,0.7449416358376201,True,12.598156605726595,43.0,115.0,218.0,191.0,4.0543003919071365,3.5521622699736835,29.78954941829248,0.260704768191159,35.78885382852703,0.2186175099469398,5.999304410234554,0.3402360824677569,17.632769477949445,0.1676305265035493,218,307,4.047232619760609,5.689050119180672,2.955790431304381,-0.331483761713677,2.6685162382863683,2.689025919971371,0.0,1.0,"[{""iter"":1,""scan"":""position"",""reason"":""plateau_lite_2dcg_score_0.98"",""n_rows"":154},{""iter"":1,""scan"":""pa"",""reason"":""plateau_lite_2dcg_score_0.98"",""n_rows"":37},{""iter"":1,""scan"":""size"",""reason"":""plateau_lite_2dcg_score_0.95"",""n_rows"":20},{""iter"":2,""scan"":""position"",""reason"":""plateau_lite_2dcg_score_0.98"",""n_rows"":181},{""iter"":2,""scan"":""pa"",""reason"":""plateau_lite_2dcg_score_0.98"",""n_rows"":37},{""iter"":2,""scan"":""size"",""reason"":""plateau_lite_2dcg_score_0.95"",""n_rows"":20},{""iter"":3,""scan"":""position"",""reason"":""plateau_lite_2dcg_score_0.98"",""n_rows"":171},{""iter"":3,""scan"":""pa"",""reason"":""plateau_lite_2dcg_score_0.98"",""n_rows"":37},{""iter"":3,""scan"":""size"",""reason"":""plateau_lite_2dcg_score_0.95"",""n_rows"":21}]",0.7,0.7,37.05033245881251,True,174,2052.6218120852222,1461.212511713165,1.0747332918102346,1359.6047715726395,1.015578947368421,35.464661654135334,24.82526315789473,0.5299986261990852,24.749763003773342,43.87035426876844,35.464661654135334,55.1073883229267,0.4764943101529749,0.7118761493763651,1.0265141145994638,1.8195543069444275,0.3347955671046252,0.3392049347114472,True,valid,57.61904761904762,53.00952380952381,7,10.406940886654558,41.23835154062088,1646.9052903537956,1928.7624332109367,-383.93218427392446,106,237.273570807974,166.0914995655818,0.7000000000000001,45.0,True,9.311910710423128,0.8987635257877803,79,RefineV9Candidates2DCG_v11_exclude_source_002_010,accepted,3.13341268008286,6.287723204011728,1.4978199638013339
89,core_confirmed,rescue_candidate_for_2dcg_refit,1.0,True,18.63078866921462,5,434,0.2380434163117893,False,31.03471478098154,-1,102,102,104,-367.4369770857125,2,10.413216623451484,41.29873661964052,1641.857142857138,1990.857142857132,-371.5607788827655,103,319.0,287.1,0.9,45.0,-45.0,3.49999999999992,24.11049458723757,24.11049458723757,24.11049458723757,53.77006608468229,False,10.413216623451484,41.29873661964052,1644.3338617823629,2001.9052903537856,622.0500000000001,622.0500000000001,1.0,1.0,45.0,-45.0,23.50907029478512,23.50907029478512,25.625902988953893,11.975493855247414,6462.357844518918,13823.107125868512,18209.64578436445,81.96138373881236,145.90639882313462,222.8566853880833,78.84637312996833,94.73955383289706,81.71011676250193,0.3548865211902016,0.7591090617335128,True,60.941171517202505,321.0,761.0,1334.0,918.0,24.80934276515651,17.07269614573739,12.075874774339974,0.1061025162234911,25.120518912872253,0.0996822104043033,13.04464413853228,0.1455825780100215,89.60305770676979,0.5192824313771617,1334,1510,24.485541918947348,27.588387439102338,46.52929366479954,8.668516238287255,38.66851623828691,39.628238944521726,0.0,1.95,"[{""iter"":1,""scan"":""position"",""reason"":""plateau_lite_2dcg_score_0.98"",""n_rows"":201},{""iter"":1,""scan"":""pa"",""reason"":""plateau_lite_2dcg_score_0.98"",""n_rows"":37},{""iter"":1,""scan"":""size"",""reason"":""plateau_lite_2dcg_score_0.95"",""n_rows"":35},{""iter"":2,""scan"":""position"",""reason"":""plateau_lite_2dcg_score_0.98"",""n_rows"":201},{""iter"":2,""scan"":""pa"",""reason"":""plateau_lite_2dcg_score_0.98"",""n_rows"":37},{""iter"":2,""scan"":""size"",""reason"":""plateau_lite_2dcg_score_0.95"",""n_rows"":47},{""iter"":3,""scan"":""position"",""reason"":""plateau_lite_2dcg_score_0.98"",""n_rows"":201},{""iter"":3,""scan"":""pa"",""reason"":""plateau_lite_2dcg_score_0.98"",""n_rows"":37},{""iter"":3,""scan"":""size"",""reason"":""plateau_lite_2dcg_score_0.95"",""n_rows"":47}]",0.9333333333333332,1.0,25.62334860986335,True,852,8600.106143210669,4969.230110835391,2.399798750627235,2070.6861813044047,0.9072631578947368,74.65119674185465,69.67445029239768,0.1957114344164569,62.61315419598901,116.786431597213,74.65119674185465,131.86233866811614,0.1049185330551698,0.5778103232782001,2.59692533346587,4.843800743060312,0.029504194547137,0.0475459461968861,True,valid,135.764880952381,124.90369047619052,7,10.409966256017931,41.30947024980942,1644.3338617823629,2001.9052903537856,-367.4369770857125,102,499.4480474329596,466.151510937429,0.9333333333333336,45.0,False,0.9343843425920324,1.5656678602914094,80,RefineV9Candidates2DCG_v11_exclude_source_002_010,failed,3.3161142852503565,-12.403926111766918,0.6003209245097301
90,core_confirmed,rescue_candidate_for_2dcg_refit,1.0,True,18.05933163271904,5,392,0.3815972219915701,False,16.846338386213773,-2,153,153,155,-577.7508687354155,2,10.05454399461143,40.64536400988256,1923.857142857141,1320.28571428571,-581.8746705324686,155,319.0,287.1,0.9,-45.0,45.0,3.49999999999992,24.11049458723757,24.11049458723757,24.11049458723757,53.77006608468229,False,10.05454399461143,40.64536400988256,1924.61957606808,1318.4767189252204,319.0,319.0,1.0,1.0,-5.0,85.0,12.055933484505193,12.055933484505193,31.534011897532483,24.97816576862936,1042.6308299207203,2279.861213758277,3009.1333731665363,54.457798544939976,103.00905960267193,165.90492195390567,19.145666144772907,22.132628164475936,18.13769801237471,0.3464887396544844,0.7576471133146084,True,13.641354960267964,90.0,241.0,459.0,387.0,8.536348072868694,7.197313081046155,25.12715966394049,0.2415890574114478,31.933055094459256,0.2088807971857541,6.80589543051877,0.3193688464673848,21.310454998351933,0.2131301064175244,459,637,8.485980014240912,11.721801806533708,4.541899541604612,2.6685162382863683,-6.331483761712971,6.870856244954705,40.0,1.0,"[{""iter"":1,""scan"":""position"",""reason"":""plateau_lite_2dcg_score_0.98"",""n_rows"":201},{""iter"":1,""scan"":""pa"",""reason"":""plateau_lite_2dcg_score_0.98"",""n_rows"":37},{""iter"":1,""scan"":""size"",""reason"":""plateau_lite_2dcg_score_0.95"",""n_rows"":35},{""iter"":2,""scan"":""position"",""reason"":""plateau_lite_2dcg_score_0.98"",""n_rows"":201},{""iter"":2,""scan"":""pa"",""reason"":""plateau_lite_2dcg_score_0.98"",""n_rows"":37},{""iter"":2,""scan"":""size"",""reason"":""plateau_lite_2dcg_score_0.95"",""n_rows"":36},{""iter"":3,""scan"":""position"",""reason"":""plateau_lite_2dcg_score_0.98"",""n_rows"":201},{""iter"":3,""scan"":""pa"",""reason"":""plateau_lite_2dcg_score_0.98"",""n_rows"":37},{""iter"":3,""scan"":""size"",""reason"":""plateau_lite_2dcg_score_0.95"",""n_rows"":35}]",1.0,1.0,31.611341676077608,True,373,4475.611783082975,3437.5243274754675,2.418596414744427,1421.2889370543082,1.1703157894736842,49.38237259816208,49.38237259816208,0.464244561111637,30.59263012306571,52.36357698853282,49.38237259816208,66.13274623683915,0.35362177807211,0.7680568588340715,1.268851205535175,2.171816791193096,0.2411165533725019,0.2716016320813839,True,valid,69.62301587301589,64.05317460317463,7,10.053583686485297,40.64359982302723,1924.61957606808,1318.4767189252204,-577.7508687354155,153,330.3889374613418,330.3889374613418,1.0,-5.0,True,6.18909310162286,1.0357019983114164,81,RefineV9Candidates2DCG_v11_exclude_source_002_010,accepted,3.1526823756139573,1.2129932465052669,1.0720033765615158
91,core_confirmed,rescue_candidate_for_2dcg_refit,1.0,True,18.057753940856934,5,224,0.1125072965147623,False,9.777587538612591,0,103,103,105,-371.5607788827655,2,10.679637565337757,41.01627684238913,1436.0000000000005,1700.0000000000025,-371.5607788827655,103,220.0,198.0,0.9,-45.0,45.0,3.49999999999992,24.11049458723757,24.11049458723757,24.11049458723757,53.77006608468229,False,10.679637565337757,41.01627684238913,1435.9052903537963,1702.4767189252273,253.0,227.7,0.9,1.1111111111111112,-30.0,60.0,9.561602418745496,8.605442176870946,42.120841561804205,35.14325735555229,573.9425095880961,1266.862597629619,1772.3063883879877,34.14332017257854,65.52345763017857,102.52953880833029,16.809803694751555,19.334489409577976,17.285812547164134,0.3238393278659504,0.7148101512977684,True,12.318481792217275,50.0,138.0,254.0,219.0,4.723817887818407,4.072898100126894,35.296770679582814,0.2736633250485222,42.23563245705705,0.2325919752300063,6.938861777474237,0.3591526728537726,19.3200894826679,0.164289283095957,254,355,4.715501948197889,6.577671560391476,3.1740836504572485,-0.331483761713677,8.66851623828646,8.674851886788378,15.0,1.15,"[{""iter"":1,""scan"":""position"",""reason"":""plateau_lite_2dcg_score_0.98"",""n_rows"":160},{""iter"":1,""scan"":""pa"",""reason"":""plateau_lite_2dcg_score_0.98"",""n_rows"":37},{""iter"":1,""scan"":""size"",""reason"":""plateau_lite_2dcg_score_0.95"",""n_rows"":16},{""iter"":2,""scan"":""position"",""reason"":""plateau_lite_2dcg_score_0.98"",""n_rows"":171},{""iter"":2,""scan"":""pa"",""reason"":""plateau_lite_2dcg_score_0.98"",""n_rows"":37},{""iter"":2,""scan"":""size"",""reason"":""plateau_lite_2dcg_score_0.95"",""n_rows"":20},{""iter"":3,""scan"":""position"",""reason"":""plateau_lite_2dcg_score_0.98"",""n_rows"":189},{""iter"":3,""scan"":""pa"",""reason"":""plateau_lite_2dcg_score_0.98"",""n_rows"":37},{""iter"":3,""scan"":""size"",""reason"":""plateau_lite_2dcg_score_0.95"",""n_rows"":20}]",0.85,0.9,42.865989740885546,True,206,2578.612777487303,2083.3668038112155,1.6071946162211388,1296.2753749820668,1.263157894736842,42.27234753550543,35.93149540517962,0.5148151443747606,24.9499830967818,41.80821841135335,42.27234753550543,52.73928552327034,0.472451721341502,0.8079409293245364,1.03481838609767,1.734025748002852,0.3752364140435964,0.3817130828016301,True,valid,55.21825396825397,50.80079365079365,7,10.679759417162307,41.01868479217299,1435.9052903537963,1702.4767189252273,-371.5607788827655,103,282.8198657018762,240.3968858465948,0.85,-30.0,True,8.757041043624172,1.2855448440994373,82,RefineV9Candidates2DCG_v11_exclude_source_002_010,accepted,3.1126972709259904,8.280166402244342,1.846851676811402
92,core_confirmed,rescue_candidate_for_2dcg_refit,1.0,True,16.960950097190473,5,421,0.1819221293970228,False,14.2876255777128,-1,136,136,138,-507.64623818551456,2,10.040981022388875,40.43790498288239,1936.000000000008,1106.9999999999895,-507.64623818551456,137,300.0,285.0,0.95,0.0,-90.0,3.49999999999992,24.11049458723757,24.11049458723757,24.11049458723757,53.77006608468229,True,10.040981022388875,40.43790498288239,1935.905290353804,1106.9052903537856,300.0,270.0,0.9,1.1111111111111112,0.0,-90.0,11.337868480725884,10.204081632653295,35.49148914197708,26.877731489373435,1061.3649669992349,2239.892064580863,3161.2490585055366,57.82124933753782,105.26099286448606,171.9029500536438,18.35596738499028,21.27941228394568,18.38973128453608,0.3357422801419479,0.708546534337209,True,12.719261222455502,74.0,188.0,367.0,305.0,6.8253589166510045,5.672301007026039,26.909929981735434,0.3145282054318414,35.731383814950505,0.2685052386327909,8.82145383321507,0.413549338272263,21.331079551643256,0.246882513112298,367,508,6.814955783145947,9.406254725149612,5.266270527108038,-0.331483761713677,-0.331483761713677,0.4687888315219333,0.0,1.0,"[{""iter"":1,""scan"":""position"",""reason"":""plateau_lite_2dcg_score_0.98"",""n_rows"":201},{""iter"":1,""scan"":""size"",""reason"":""plateau_lite_2dcg_score_0.95"",""n_rows"":34},{""iter"":2,""scan"":""position"",""reason"":""plateau_lite_2dcg_score_0.98"",""n_rows"":201},{""iter"":2,""scan"":""size"",""reason"":""plateau_lite_2dcg_score_0.95"",""n_rows"":33},{""iter"":3,""scan"":""position"",""reason"":""plateau_lite_2dcg_score_0.98"",""n_rows"":201},{""iter"":3,""scan"":""size"",""reason"":""plateau_lite_2dcg_score_0.95"",""n_rows"":33}]",0.9,0.9,35.4228423874948,True,288,3987.799567039582,3248.4490107507263,2.223962838510359,1460.657954575618,1.0465263157894735,41.52882205513784,37.37593984962405,0.5596214395980896,26.20466879640616,40.03175870215426,41.52882205513784,60.15913221417469,0.4412813145969563,0.8145968612866552,1.0868573724853032,1.6603458115431733,0.3448037598176718,0.3594663738151297,True,valid,65.47619047619048,60.23809523809525,7,10.041102884922584,40.437813579327816,1935.905290353804,1106.9052903537856,-507.64623818551456,136,277.84536608775227,250.060829478977,0.8999999999999999,0.0,True,9.43809070253894,0.9261512202925076,83,RefineV9Candidates2DCG_v11_exclude_source_002_010,accepted,3.1645485281642993,2.6733245194776725,1.1871076831442013
93,core_confirmed,rescue_candidate_for_2dcg_refit,1.0,True,15.56107392929971,5,539,0.1383531874082146,False,19.61387554329952,-1,114,114,116,-416.9225986503485,2,10.495939514685498,40.75555984032921,1579.142857142855,1431.9999999999982,-416.9225986503485,115,360.0,342.0,0.95,85.0,-5.0,3.49999999999992,24.11049458723757,24.11049458723757,24.11049458723757,53.77006608468229,True,10.495939514685498,40.75555984032921,1577.3338617823656,1431.0481474966514,360.0,360.0,1.0,1.0,85.0,-5.0,13.605442176871062,13.605442176871062,19.84167585989823,13.004808896794732,1221.7806227205458,2717.538604973745,3951.709104673821,60.13646067904343,109.30342325227184,174.26898387003,20.31680296652903,24.862337556452164,22.67591752081948,0.3091777735551193,0.6876869053341046,True,15.587552042433549,119.0,304.0,578.0,494.0,10.749475351019838,9.187267860560208,13.00029613514605,0.2052018802368677,19.90682075162041,0.1714912020656816,6.906524616474366,0.2674267077886542,25.825859629295334,0.3469426234679977,578,816,10.739039020277392,15.11866718215074,8.960091493103976,-6.331483761712971,-3.3314837617137223,7.154472075520125,0.0,1.0,"[{""iter"":1,""scan"":""position"",""reason"":""plateau_lite_2dcg_score_0.98"",""n_rows"":201},{""iter"":1,""scan"":""size"",""reason"":""plateau_lite_2dcg_score_0.95"",""n_rows"":40},{""iter"":2,""scan"":""position"",""reason"":""plateau_lite_2dcg_score_0.98"",""n_rows"":201},{""iter"":2,""scan"":""size"",""reason"":""plateau_lite_2dcg_score_0.95"",""n_rows"":40},{""iter"":3,""scan"":""position"",""reason"":""plateau_lite_2dcg_score_0.98"",""n_rows"":201},{""iter"":3,""scan"":""size"",""reason"":""plateau_lite_2dcg_score_0.95"",""n_rows"":40}]",0.9666666666666668,1.0,19.870536512412915,True,467,5990.275476417727,5990.275476417727,3.5776161010352,1674.376262641599,1.65,,,,37.29105773307103,60.31933709265045,78.57142857142858,74.64607153930237,0.2440695553075367,1.0,1.5466732794776563,2.501787629216836,0.1962521026732493,0.2440695553075367,False,beyond_local_window,78.57142857142858,72.2857142857143,7,10.498263884184462,40.75463819337369,1577.3338617823656,1431.0481474966514,-416.9225986503485,114,360.0,360.0,1.0,85.0,False,0.0,1.0,84,RefineV9Candidates2DCG_v11_exclude_source_002_010,failed,3.2238530584524394,-4.0528016139998115,0.7933706877535314
94,core_confirmed,rescue_candidate_for_2dcg_refit,1.0,True,14.583059620989744,5,333,0.1961413023887839,False,8.105417632384071,0,132,132,134,-491.15103099730254,2,10.30300041703985,40.63660045659442,1729.9999999999943,1310.1428571428792,-487.0272292002495,132,264.0,250.8,0.95,-45.0,45.0,3.49999999999992,24.11049458723757,24.11049458723757,24.11049458723757,53.77006608468229,True,10.30300041703985,40.63660045659442,1731.6195760680762,1309.1910046395326,303.6,303.6,1.0,1.0,-45.0,45.0,11.473922902494593,11.473922902494593,40.46590514989102,33.13163565407459,1033.121454632717,2198.051789054448,3036.387571268,56.631180997555866,105.12182379946528,170.0308103820548,18.24297915802436,20.90956672562628,17.85786684451669,0.3402468987848227,0.7239035654913243,True,12.668607734422546,83.0,216.0,414.0,350.0,7.699451202979607,6.509197876915127,32.81365279256933,0.2747027913235604,39.397385738600185,0.2376208684447049,6.583732946030857,0.3632152263897693,18.126258118281083,0.1671109090769021,414,582,7.689150040848757,10.79772655501981,3.029095472308529,5.668516238286413,-3.3314837617129265,6.575017900985036,0.0,1.15,"[{""iter"":1,""scan"":""position"",""reason"":""plateau_lite_2dcg_score_0.98"",""n_rows"":176},{""iter"":1,""scan"":""size"",""reason"":""plateau_lite_2dcg_score_0.95"",""n_rows"":26},{""iter"":2,""scan"":""position"",""reason"":""plateau_lite_2dcg_score_0.98"",""n_rows"":201},{""iter"":2,""scan"":""size"",""reason"":""plateau_lite_2dcg_score_0.95"",""n_rows"":32},{""iter"":3,""scan"":""position"",""reason"":""plateau_lite_2dcg_score_0.98"",""n_rows"":197},{""iter"":3,""scan"":""size"",""reason"":""plateau_lite_2dcg_score_0.95"",""n_rows"":31}]",1.0,1.0,40.36222458191591,True,329,4152.510284630756,3010.8381164813413,2.147283317836622,1402.1615552412272,1.015578947368421,40.78436090225564,40.78436090225564,0.4964357220311966,28.044393048192628,48.957767797283736,40.78436090225564,64.21726793435732,0.4069194083998926,0.7250645778350111,1.1631612510776692,2.0305584201163,0.2735678959254918,0.2950428490643406,True,valid,66.26190476190476,60.96095238095238,7,10.300930780789436,40.635668056959645,1731.6195760680762,1309.1910046395326,-491.15103099730254,132,272.8646064291701,272.8646064291701,1.0,-45.0,True,7.5643298181386305,1.0335780546559474,85,RefineV9Candidates2DCG_v11_exclude_source_002_010,accepted,3.1467980553621757,6.477641988605672,1.7991743648994905
95,core_confirmed,rescue_candidate_for_2dcg_refit,1.0,True,13.899161872166069,5,220,0.2080885202043938,False,11.292742558509593,1,120,120,122,-441.6654094326665,2,10.17708362500391,41.01918531553081,1825.9999999999995,1704.1428571428528,-437.5416076356135,119,264.0,211.2,0.8,40.0,-50.0,3.49999999999992,24.11049458723757,24.11049458723757,24.11049458723757,53.77006608468229,False,10.17708362500391,41.01918531553081,1826.7624332109383,1704.9052903537918,303.6,182.16,0.6,1.6666666666666667,30.0,-60.0,11.473922902494593,6.884353741496756,20.39688766730213,15.090889707143432,408.4977373649061,910.1209353893672,1310.5814961591996,35.91979047735986,67.12822687048765,108.38005199778586,11.372497777301376,13.557946899823362,12.092460485126672,0.3116919768530631,0.6944405502874678,True,8.387745116118138,49.0,129.0,247.0,215.0,4.593633930280104,3.998507267247864,15.040725836452673,0.2958676089017328,20.362628365132483,0.2552380947309854,5.321902528679811,0.3907481631423649,13.619776190069594,0.2613563648685283,247,349,4.590540888285433,6.484095627532047,3.559615195359524,2.6685162382863683,2.6685162382863683,3.773851855597416,10.0,1.15,"[{""iter"":1,""scan"":""position"",""reason"":""plateau_lite_2dcg_score_0.98"",""n_rows"":154},{""iter"":1,""scan"":""pa"",""reason"":""plateau_lite_2dcg_score_0.98"",""n_rows"":37},{""iter"":1,""scan"":""size"",""reason"":""plateau_lite_2dcg_score_0.95"",""n_rows"":22},{""iter"":2,""scan"":""position"",""reason"":""plateau_lite_2dcg_score_0.98"",""n_rows"":185},{""iter"":2,""scan"":""pa"",""reason"":""plateau_lite_2dcg_score_0.98"",""n_rows"":37},{""iter"":2,""scan"":""size"",""reason"":""plateau_lite_2dcg_score_0.95"",""n_rows"":24},{""iter"":3,""scan"":""position"",""reason"":""plateau_lite_2dcg_score_0.98"",""n_rows"":187},{""iter"":3,""scan"":""pa"",""reason"":""plateau_lite_2dcg_score_0.98"",""n_rows"":37},{""iter"":3,""scan"":""size"",""reason"":""plateau_lite_2dcg_score_0.95"",""n_rows"":24}]",0.6,0.6,20.73679792528488,True,197,1720.8199588213283,1396.971618421836,1.4518384691452624,962.2087085516284,1.0619999999999998,42.64857142857142,25.589142857142853,0.5318676716658222,27.67189621006211,41.64527178760344,42.64857142857142,61.57808449258548,0.403832590136962,0.8118057971495685,1.1477116784120096,1.7272674202895677,0.3060110523720757,0.3278336377511114,True,valid,66.26190476190476,60.96095238095238,7,10.176095437021068,41.01992222766817,1826.7624332109383,1704.9052903537918,-441.6654094326665,120,285.33696250662285,171.2021775039737,0.6,30.0,True,6.662536474975756,1.0808218276766015,86,RefineV9Candidates2DCG_v11_exclude_source_002_010,accepted,2.983269283203422,2.6064193136564757,1.230804811156562
96,core_confirmed,rescue_candidate_for_2dcg_refit,1.0,True,13.85004958339895,5,433,0.0662664850168343,False,17.130299447456693,2,41,41,43,-115.8850674654795,2,11.149252638660354,41.8496683207862,1076.1428571428585,2558.142857142853,-103.51366207432052,39,319.0,287.1,0.9,45.0,-45.0,3.49999999999992,24.11049458723757,24.11049458723757,24.11049458723757,53.77006608468229,False,11.149252638660354,41.8496683207862,1084.6195760680837,2546.905290353792,622.05,559.845,0.9,1.1111111111111112,80.0,-10.0,23.50907029478512,21.15816326530661,26.491999128490225,14.226067815748252,5686.755223618781,12570.88097642729,19171.6506418157,78.04061773449935,145.24291724607963,236.9149495072023,72.86917234517023,86.55073317708786,80.92208061033682,0.296623140587346,0.6557015465850744,True,52.93470174966539,315.0,812.0,1563.0,1303.0,29.06821794748098,24.23281381034403,14.608229216776886,0.1000585030860483,28.62358514699092,0.0874475696019047,14.015355930214032,0.1328863479410157,105.46874187884993,0.4896436228460155,1563,2096,28.9294342433103,37.92321592489335,51.64209687057136,29.668516238286774,-39.33148376171268,49.26648425328678,35.0,1.95,"[{""iter"":1,""scan"":""position"",""reason"":""plateau_lite_2dcg_score_0.98"",""n_rows"":115},{""iter"":1,""scan"":""pa"",""reason"":""plateau_lite_2dcg_score_0.98"",""n_rows"":37},{""iter"":1,""scan"":""size"",""reason"":""plateau_lite_2dcg_score_0.95"",""n_rows"":35},{""iter"":2,""scan"":""position"",""reason"":""plateau_lite_2dcg_score_0.98"",""n_rows"":158},{""iter"":2,""scan"":""pa"",""reason"":""plateau_lite_2dcg_score_0.98"",""n_rows"":37},{""iter"":2,""scan"":""size"",""reason"":""plateau_lite_2dcg_score_0.95"",""n_rows"":45},{""iter"":3,""scan"":""position"",""reason"":""plateau_lite_2dcg_score_0.98"",""n_rows"":198},{""iter"":3,""scan"":""pa"",""reason"":""plateau_lite_2dcg_score_0.98"",""n_rows"":37},{""iter"":3,""scan"":""size"",""reason"":""plateau_lite_2dcg_score_0.95"",""n_rows"":45}]",0.9,0.9,25.232063529241245,True,1218,23150.92352537858,16680.24313950178,3.241453296038255,5145.915000499493,1.108421052631579,91.20281954887218,82.08253759398498,0.2356144011938415,63.17969026521294,109.5453551169312,91.20281954887218,131.52321626614346,0.0969850275987093,0.720500118330766,2.620422821963009,4.543471919274394,0.041716327838523,0.0675292238856472,True,valid,135.76488095238096,124.90369047619048,7,11.1381115713293,41.83878605169497,1084.6195760680837,2546.905290353792,-115.8850674654795,41,610.1853973162854,549.166857584657,0.9000000000000002,80.0,False,1.6392222098505718,1.9128068881388256,87,RefineV9Candidates2DCG_v11_exclude_source_002_010,failed,3.7114626083183793,-3.280249864057742,0.8085118199994598
97,core_confirmed,rescue_candidate_for_2dcg_refit,1.0,True,13.657801124090842,5,273,0.08959930169032,False,,0,135,135,137,-503.52243638846153,2,9.831487786241803,40.63766796861724,2098.000000000014,1313.8571428571163,-499.3986345914085,135,264.0,264.0,1.0,45.0,-45.0,3.49999999999992,24.11049458723757,24.11049458723757,24.11049458723757,53.77006608468229,True,9.831487786241803,40.63766796861724,2097.048147496668,1312.9052903537695,237.6,237.6,1.0,1.0,45.0,-45.0,8.979591836734901,8.979591836734901,36.187948570048086,30.18342717301793,494.3156401072265,1114.1845318447831,1501.130349257539,46.89672222133658,90.8694929782277,142.6191542764821,10.540515769401212,12.26137062426156,10.525446998146132,0.3292956140362598,0.742230368199444,True,7.762752052754393,48.0,135.0,250.0,213.0,4.649427054939377,3.961311850808349,30.17770206798384,0.3867248502359633,36.229902800577655,0.3286843329647119,6.052200732593814,0.5075327580821615,11.924748966871729,0.1670498749584643,250,345,4.643994469283493,6.386215858188589,1.9920278238269988,-3.3314837617121307,-3.3314837617137223,4.7114295186401565,0.0,0.9,"[{""iter"":1,""scan"":""position"",""reason"":""plateau_lite_2dcg_score_0.98"",""n_rows"":201},{""iter"":1,""scan"":""size"",""reason"":""plateau_lite_2dcg_score_0.95"",""n_rows"":26},{""iter"":2,""scan"":""position"",""reason"":""plateau_lite_2dcg_score_0.98"",""n_rows"":198},{""iter"":2,""scan"":""size"",""reason"":""plateau_lite_2dcg_score_0.95"",""n_rows"":21},{""iter"":3,""scan"":""position"",""reason"":""plateau_lite_2dcg_score_0.98"",""n_rows"":201},{""iter"":3,""scan"":""size"",""reason"":""plateau_lite_2dcg_score_0.95"",""n_rows"":21}]",1.0,1.0,36.24531443433281,True,204,2025.185559722042,1569.2486227707768,1.8735304597934823,837.5890632403989,1.0310526315789472,32.40451127819549,32.40451127819549,0.6194528188741245,21.21545052874494,34.538464406559086,32.40451127819549,48.76851825660849,0.5784934375052408,0.7748665870332184,0.8799259779587819,1.4325075033857395,0.4482552355408004,0.4482552355408004,True,valid,51.85714285714286,47.70857142857143,7,9.83271912124876,40.636751629083975,2097.048147496668,1312.9052903537695,-503.52243638846153,135,216.79987183433823,216.79987183433823,1.0,45.0,True,10.371036654074809,0.8212116357361298,88,RefineV9Candidates2DCG_v11_exclude_source_002_010,accepted,2.92303099793851,,
98,core_confirmed,rescue_candidate_for_2dcg_refit,1.0,True,13.2780317832247,5,439,0.33265748379333,False,9.041108555228126,0,153,153,155,-577.7508687354155,2,10.052622812905906,40.67424469504065,1925.142857142843,1350.0000000000114,-577.7508687354155,153,300.0,300.0,1.0,-90.0,0.0,3.49999999999992,24.11049458723757,24.11049458723757,24.11049458723757,53.77006608468229,True,10.052622812905906,40.67424469504065,1925.048147496639,1349.9052903538077,300.0,300.0,1.0,1.0,-90.0,0.0,11.337868480725884,11.337868480725884,29.93586108407561,23.354485371498026,880.9582898739657,1893.080517309272,2685.2012907316566,53.02354931865964,96.24398152440072,154.66729855666992,16.61447227117151,19.66959894348635,17.36114431291888,0.3280790505034818,0.7050050675319952,True,12.051729600368684,84.0,213.0,408.0,349.0,7.587864953661063,6.490600168695369,23.503602303896088,0.2570428061843341,30.31760642814418,0.2176511347101844,6.814004124248093,0.3368130351571151,20.230820701667696,0.2247540266873632,408,568,7.572431152036424,10.503765371340696,4.546958415889883,-0.331483761713677,-0.331483761713677,0.4687888315219333,0.0,1.0,"[{""iter"":1,""scan"":""position"",""reason"":""plateau_lite_2dcg_score_0.98"",""n_rows"":201},{""iter"":1,""scan"":""size"",""reason"":""plateau_lite_2dcg_score_0.95"",""n_rows"":33},{""iter"":2,""scan"":""position"",""reason"":""plateau_lite_2dcg_score_0.98"",""n_rows"":201},{""iter"":2,""scan"":""size"",""reason"":""plateau_lite_2dcg_score_0.95"",""n_rows"":33},{""iter"":3,""scan"":""position"",""reason"":""plateau_lite_2dcg_score_0.98"",""n_rows"":201},{""iter"":3,""scan"":""size"",""reason"":""plateau_lite_2dcg_score_0.95"",""n_rows"":33}]",1.0,1.0,30.10492643330132,True,318,3611.91082912441,2785.197431561,2.050201018146624,1358.4996821818042,1.0619999999999998,42.142857142857146,42.142857142857146,0.5048590387577526,27.91040941692072,44.50595282263763,42.142857142857146,61.96825723852683,0.3931683726044656,0.7711146712434702,1.1576041841835365,1.8459162113661487,0.2817847573716134,0.3031779003842227,True,valid,65.47619047619048,60.23809523809525,7,10.052745094453892,40.674153283758514,1925.048147496639,1349.9052903538077,-577.7508687354155,153,281.95352026346137,281.95352026346137,1.0,-90.0,True,7.3160806025962835,0.9398450675448712,89,RefineV9Candidates2DCG_v11_exclude_source_002_010,accepted,3.133059541151624,4.236923227996574,1.4686287308812949
99,core_confirmed,rescue_candidate_for_2dcg_refit,1.0,True,12.43632227500558,5,381,0.1133284795902164,False,8.292249835993841,1,36,36,38,-95.2660584802145,2,11.3935616475719,41.73551407221338,888.0000000000075,2441.99999999998,-91.14225668316148,35,300.0,285.0,0.95,-90.0,0.0,3.49999999999992,24.11049458723757,24.11049458723757,24.11049458723757,53.77006608468229,True,11.3935616475719,41.73551407221338,887.9052903538039,2438.4767189252048,390.0,312.0,0.8,1.25,-90.0,0.0,14.73922902494365,11.79138321995492,43.89682476794013,36.46968871671388,1392.2040297281778,2898.250206736262,4070.070556071987,85.02675446454683,156.95434534257086,257.19472279461195,16.373717172853848,18.465562074184685,15.824860292029491,0.3420589423569575,0.7120884433839778,True,10.92658021713607,108.0,280.0,548.0,462.0,10.191544104427113,8.592141197527967,36.59847016649032,0.3152586052442418,44.93515271270575,0.2706094267247009,8.336682546215428,0.4154725622863873,20.06554295748876,0.185526965926126,548,762,10.185327895436618,14.104698307701202,3.7226993045632346,-0.3314837617124833,-12.33148376171306,12.33593828006901,0.0,1.3,"[{""iter"":1,""scan"":""position"",""reason"":""plateau_lite_2dcg_score_0.98"",""n_rows"":201},{""iter"":1,""scan"":""size"",""reason"":""plateau_lite_2dcg_score_0.95"",""n_rows"":33},{""iter"":2,""scan"":""position"",""reason"":""plateau_lite_2dcg_score_0.98"",""n_rows"":201},{""iter"":2,""scan"":""size"",""reason"":""plateau_lite_2dcg_score_0.95"",""n_rows"":41},{""iter"":3,""scan"":""position"",""reason"":""plateau_lite_2dcg_score_0.98"",""n_rows"":201},{""iter"":3,""scan"":""size"",""reason"":""plateau_lite_2dcg_score_0.95"",""n_rows"":41}]",0.6666666666666667,0.8,43.420482325322,True,429,5576.910059369926,5576.910059369926,4.870383307860339,1145.06594385894,1.65,,,,40.41297883323435,64.58054309550438,85.11904761904763,80.37319159425164,0.2240138711569125,1.0,1.6761571890203435,2.678524194592377,0.1730284586464013,0.2240138711569125,False,beyond_local_window,85.11904761904763,78.30952380952382,7,11.393647235592406,41.73208791107424,887.9052903538039,2438.4767189252048,-95.2660584802145,36,390.0,312.0,0.8,-90.0,False,0.0,1.3,90,RefineV9Candidates2DCG_v11_exclude_source_002_010,failed,3.058830498229952,4.1440724390117385,1.499752482254421
100,core_confirmed,rescue_candidate_for_2dcg_refit,0.9998507462686566,True,18.29147178169379,5,852,0.3250960986628553,False,12.506346942660038,0,52,52,54,-161.2468872330625,2,11.133666690327493,42.01974319682942,1088.9999999999884,2733.000000000009,-161.2468872330625,52,420.0,420.0,1.0,-90.0,0.0,3.49999999999992,24.11049458723757,24.11049458723757,24.11049458723757,53.77006608468229,True,11.133666690327493,42.01974319682942,1087.191004639499,2731.19100463952,483.0,483.0,1.0,1.0,-90.0,0.0,18.253968253968672,18.253968253968672,17.152782127578533,9.25836440979919,2696.748197808307,5828.508681745056,8257.56093279719,74.36879240471315,135.4947758629137,219.90564696821392,36.26182583593222,43.01648269924462,37.55047242597992,0.3265792671413933,0.7058390158037489,True,26.168447559483617,211.0,541.0,1046.0,890.0,19.45320279786635,16.55196031558418,9.18885162598535,0.1416218392433696,17.12720665985882,0.1196595833442189,7.938355033873471,0.1854053970001599,42.81620256106473,0.4634938546329717,1046,1463,19.338620432950226,27.00676656779453,19.845046765774008,-6.331483761712971,-6.331483761712971,8.954070205759505,0.0,1.15,"[{""iter"":1,""scan"":""position"",""reason"":""plateau_lite_2dcg_score_0.98"",""n_rows"":201},{""iter"":1,""scan"":""size"",""reason"":""plateau_lite_2dcg_score_0.95"",""n_rows"":46},{""iter"":2,""scan"":""position"",""reason"":""plateau_lite_2dcg_score_0.98"",""n_rows"":201},{""iter"":2,""scan"":""size"",""reason"":""plateau_lite_2dcg_score_0.95"",""n_rows"":48},{""iter"":3,""scan"":""position"",""reason"":""plateau_lite_2dcg_score_0.98"",""n_rows"":201},{""iter"":3,""scan"":""size"",""reason"":""plateau_lite_2dcg_score_0.95"",""n_rows"":47}]",1.0,1.0,17.662729103432852,True,833,11631.00243029869,8961.285229045538,3.079292807524985,2910.1763908734183,1.108421052631579,70.81578947368422,70.81578947368422,0.3275854051015508,45.70493228488794,75.17944853156779,70.81578947368422,99.08849323628392,0.1697206190475748,0.770465424863247,1.895644741733376,3.118121374887207,0.0949749964827089,0.130763868862543,True,valid,105.41666666666669,96.98333333333336,7,11.136021577838497,42.01797521168434,1087.191004639499,2731.19100463952,-161.2468872330625,52,473.7875522928477,473.7875522928477,1.0,-90.0,True,2.999292407604597,1.1280656006972565,91,RefineV9Candidates2DCG_v11_exclude_source_002_010,accepted,3.4639193131306967,5.785124839033752,1.4625751121057005
101,core_confirmed,rescue_candidate_for_2dcg_refit,0.999757738896366,True,14.362800025695286,5,600,0.3330984506709156,False,9.694249704395546,0,39,39,41,-107.63746387137348,2,11.339530736196313,41.7669436337088,929.7142857142882,2473.9999999999955,-103.51366207432052,39,360.0,360.0,1.0,-90.0,0.0,3.49999999999992,24.11049458723757,24.11049458723757,24.11049458723757,53.77006608468229,True,11.339530736196313,41.7669436337088,930.4767189252276,2473.905290353792,414.0,414.0,1.0,1.0,-90.0,0.0,15.64625850340172,15.64625850340172,18.93938186256974,12.311506917952462,1637.9363500397103,3710.26524639875,5110.091582299921,76.11343091305083,140.29098286039755,227.4986150460793,21.519675704946582,26.4469260300985,22.46207776370368,0.320529744655284,0.7260662918939028,True,16.169690680595725,156.0,401.0,771.0,654.0,14.338833037433035,12.162901175721409,12.335507970499132,0.1970995153354154,19.47776167436899,0.1708574471656713,7.142253703869855,0.2608457133966856,27.38114271024324,0.3666876011358342,771,1074,14.334970453763413,19.843134717511823,10.04032553677703,2.668516238287562,-0.3314837617112895,2.689025919972261,0.0,1.15,"[{""iter"":1,""scan"":""position"",""reason"":""plateau_lite_2dcg_score_0.98"",""n_rows"":201},{""iter"":1,""scan"":""size"",""reason"":""plateau_lite_2dcg_score_0.95"",""n_rows"":40},{""iter"":2,""scan"":""position"",""reason"":""plateau_lite_2dcg_score_0.98"",""n_rows"":201},{""iter"":2,""scan"":""size"",""reason"":""plateau_lite_2dcg_score_0.95"",""n_rows"":45},{""iter"":3,""scan"":""position"",""reason"":""plateau_lite_2dcg_score_0.98"",""n_rows"":201},{""iter"":3,""scan"":""size"",""reason"":""plateau_lite_2dcg_score_0.95"",""n_rows"":44}]",1.0,1.0,19.167355428761965,True,619,7945.688635378279,5538.858013748539,2.9999996622880243,1846.286212420501,1.0619999999999998,58.15714285714285,58.15714285714285,0.3364056506754733,41.14571510329834,72.25770322133408,58.15714285714285,87.04062324305212,0.202655034109894,0.6970897385893909,1.7065479496666167,2.996939899340858,0.1081401178577871,0.1412687447514901,True,valid,90.35714285714286,83.12857142857143,7,11.338535965282407,41.7668571372538,930.4767189252276,2473.905290353792,-107.63746387137348,39,389.09585796357663,389.09585796357663,1.0,-90.0,True,2.929342764752493,1.0808218276766015,92,RefineV9Candidates2DCG_v11_exclude_source_002_010,accepted,3.2662990265056084,4.66855032129974,1.4815793345185793
102,core_confirmed,rescue_candidate_for_2dcg_refit,0.9979365079365078,True,17.662518662167315,5,712,0.1293788641970469,False,26.558380135357968,0,35,35,37,-91.14225668316148,2,11.1792059985458,41.88927022005636,1053.4285714285688,2599.000000000003,-91.14225668316148,35,382.8,344.52000000000004,0.9,45.0,-45.0,3.49999999999992,24.11049458723757,24.11049458723757,24.11049458723757,53.77006608468229,False,11.1792059985458,41.88927022005636,1058.4767189252225,2598.048147496657,506.25299999999993,405.0024,0.8,1.25,45.0,-45.0,19.132766439909734,15.306213151927787,49.47131053147336,34.09235339362206,4713.822809830597,10219.105347119894,14179.3984810989,114.52676829309176,207.8361125470715,337.01427836727004,41.15913580803393,49.16905547300127,42.07358379530297,0.3324416628895866,0.7207009070759902,True,29.98056934692329,187.0,475.0,922.0,780.0,17.14708697861642,14.506212411410855,33.9494712683982,0.2475674457726387,47.73225930261504,0.2086849037062325,13.782788034216836,0.3237885563778744,42.56724878853273,0.2887520564831453,922,1292,17.128594372593508,23.995915774492364,12.291380626518505,17.668516238286593,-3.3314837617121307,17.97985678800442,0.0,1.3224999999999998,"[{""iter"":1,""scan"":""position"",""reason"":""plateau_lite_2dcg_score_0.98"",""n_rows"":201},{""iter"":1,""scan"":""pa"",""reason"":""plateau_lite_2dcg_score_0.98"",""n_rows"":37},{""iter"":1,""scan"":""size"",""reason"":""plateau_lite_2dcg_score_0.95"",""n_rows"":44},{""iter"":2,""scan"":""position"",""reason"":""plateau_lite_2dcg_score_0.98"",""n_rows"":201},{""iter"":2,""scan"":""pa"",""reason"":""plateau_lite_2dcg_score_0.98"",""n_rows"":37},{""iter"":2,""scan"":""size"",""reason"":""plateau_lite_2dcg_score_0.95"",""n_rows"":44},{""iter"":3,""scan"":""position"",""reason"":""plateau_lite_2dcg_score_0.98"",""n_rows"":201},{""iter"":3,""scan"":""pa"",""reason"":""plateau_lite_2dcg_score_0.98"",""n_rows"":37},{""iter"":3,""scan"":""size"",""reason"":""plateau_lite_2dcg_score_0.95"",""n_rows"":42}]",0.7333333333333334,0.8,49.28478764657592,True,738,18671.845507650192,13659.031022298208,4.1252823490863,3311.0536119602866,1.015578947368421,68.00792180451127,49.87247598997493,0.2830281633328163,47.47877358788967,82.57385359115426,68.00792180451127,106.69847226846456,0.1499409562009369,0.7315308503758697,1.9692160779240773,3.424809611116942,0.0781639027418171,0.1096864351958424,True,valid,110.4917261904762,101.6523880952381,7,11.172606101719168,41.888372518829016,1058.4767189252225,2598.048147496657,-91.14225668316148,35,455.0017312206412,333.6679362284702,0.7333333333333334,45.0,True,2.4419290173175434,1.1886147628543395,93,RefineV9Candidates2DCG_v11_exclude_source_002_010,accepted,3.5199662128239546,-8.895861473190653,0.6650450280532235
103,core_confirmed,rescue_candidate_for_2dcg_refit,0.9917659137577,True,24.84430490598565,5,1300,0.454935177273112,False,19.72326190739192,1,91,91,93,-322.0751573181295,2,10.796000898435077,41.14164072878208,1345.8571428571406,1828.999999999984,-317.9513555210765,90,504.0,504.0,1.0,-90.0,0.0,3.49999999999992,24.11049458723757,24.11049458723757,24.11049458723757,53.77006608468229,True,10.796000898435077,41.14164072878208,1346.6195760680796,1828.90529035378,579.5999999999999,579.5999999999999,1.0,1.0,-90.0,0.0,21.90476190476241,21.90476190476241,27.6421716956854,18.162243781388725,4823.14211364997,10267.514479934194,14286.251366845092,79.95655414187505,146.74768108643926,237.9496722665307,60.32203570318674,69.96713272686256,60.03896215012587,0.3376072553814437,0.7186989936186194,True,42.2978262015883,307.0,781.0,1507.0,1282.0,28.02674628717456,23.842261937729123,17.915018792963046,0.1072054045739849,27.214155076427726,0.0895325992455286,9.29913628346468,0.1396749265170103,66.57699069798461,0.3417021861361912,1507,2113,27.96921672255641,39.19223715379357,22.74950326787021,2.6685162382863683,-0.331483761713677,2.689025919971371,0.0,1.15,"[{""iter"":1,""scan"":""position"",""reason"":""plateau_lite_2dcg_score_0.98"",""n_rows"":201},{""iter"":1,""scan"":""size"",""reason"":""plateau_lite_2dcg_score_0.95"",""n_rows"":48},{""iter"":2,""scan"":""position"",""reason"":""plateau_lite_2dcg_score_0.98"",""n_rows"":201},{""iter"":2,""scan"":""size"",""reason"":""plateau_lite_2dcg_score_0.95"",""n_rows"":48},{""iter"":3,""scan"":""position"",""reason"":""plateau_lite_2dcg_score_0.98"",""n_rows"":201},{""iter"":3,""scan"":""size"",""reason"":""plateau_lite_2dcg_score_0.95"",""n_rows"":48}]",1.0,1.0,26.092698433288508,True,1209,17557.353929773664,12266.087822614749,3.056600316173238,4012.9838885744416,1.015578947368421,77.86105263157894,77.86105263157894,0.2672333840016569,54.218799946457786,96.49838079811688,77.86105263157894,120.6154025002987,0.1245184343486038,0.6986296381377824,2.248763489702839,4.002339331902234,0.0580107882191442,0.0869922687304483,True,valid,126.5,116.38,7,10.795016453364513,41.14154959460252,1346.6195760680796,1828.90529035378,-322.0751573181295,91,520.9233395465975,520.9233395465975,1.0,-90.0,True,2.107939153599337,1.0335780546559474,94,RefineV9Candidates2DCG_v11_exclude_source_002_010,accepted,3.6034674161212643,5.12104299859373,1.2596448306897174
104,core_confirmed,rescue_candidate_for_2dcg_refit,0.9906539833531508,True,24.921383911181884,5,661,0.3495518555240396,False,19.03251372360996,0,126,126,128,-466.40822021498445,2,10.36184451290341,40.73095384025727,1683.7142857142892,1406.9999999999814,-462.28441841793153,126,382.8,382.8,1.0,-45.0,45.0,3.49999999999992,24.11049458723757,24.11049458723757,24.11049458723757,53.77006608468229,True,10.36184451290341,40.73095384025727,1688.7624332109426,1407.7624332109203,497.64,497.64,1.0,1.0,-45.0,45.0,18.80725623582809,18.80725623582809,19.999542657933567,11.097821644353887,2880.144360895524,6988.70858756888,9515.939763516675,81.6157185807826,153.1293890353219,250.357748472872,35.289089050227254,45.6392377165223,38.00936788080994,0.3026652577118824,0.7344212722282049,True,26.85730369869896,182.0,533.0,1069.0,949.0,19.880950086920773,17.649225100549874,10.649417929269,0.1594754140888465,19.373572094039897,0.1323086505129385,8.724154164770898,0.2072148322378588,42.10197730805568,0.4503121119029363,1069,1551,19.530792324278405,28.584863195837777,18.959030316880053,17.668516238286593,2.6685162382863683,17.868896020084595,0.0,1.3,"[{""iter"":1,""scan"":""position"",""reason"":""plateau_lite_2dcg_score_0.98"",""n_rows"":188},{""iter"":1,""scan"":""size"",""reason"":""plateau_lite_2dcg_score_0.95"",""n_rows"":43},{""iter"":2,""scan"":""position"",""reason"":""plateau_lite_2dcg_score_0.98"",""n_rows"":201},{""iter"":2,""scan"":""size"",""reason"":""plateau_lite_2dcg_score_0.95"",""n_rows"":47},{""iter"":3,""scan"":""position"",""reason"":""plateau_lite_2dcg_score_0.98"",""n_rows"":201},{""iter"":3,""scan"":""size"",""reason"":""plateau_lite_2dcg_score_0.95"",""n_rows"":47}]",1.0,1.0,19.78858369544855,True,886,15621.558065005622,11264.947444111736,3.8193137090142746,2949.469015211924,1.1857894736842105,78.05506265664161,78.05506265664161,0.251074655064275,51.614328864976734,89.23726001401991,78.05506265664161,104.87581306320008,0.1144994431110578,0.7211154865113437,2.14074118961864,3.701179156285576,0.0564320873056626,0.0825673216243084,True,valid,108.61190476190475,99.9229523809524,7,10.355364135833872,40.73167669159186,1688.7624332109426,1407.7624332109203,-466.40822021498445,126,522.2213485863593,522.2213485863593,1.0,-45.0,False,1.561270551633134,1.3642145992329135,95,RefineV9Candidates2DCG_v11_exclude_source_002_010,failed,3.469743838174885,5.888870187571925,1.3094110569465527
105,core_confirmed,rescue_candidate_for_2dcg_refit,0.9366666666666666,True,39.73397254498174,4,947,0.5603159510480276,False,47.84293360904793,0,41,41,43,-115.8850674654795,2,11.124552819945936,41.83698550206266,1094.9999999999975,2544.9999999999973,-115.8850674654795,41,420.0,420.0,1.0,-90.0,0.0,3.49999999999992,24.11049458723757,24.11049458723757,24.11049458723757,53.77006608468229,True,11.124552819945936,41.83698550206266,1092.3338617823651,2545.7624332109367,483.0,483.0,1.0,1.0,-90.0,0.0,18.253968253968672,18.253968253968672,26.972102109451573,16.522358806644913,3763.0387601166,7833.747276960667,10919.98175143296,62.635174893198034,115.55502136194004,188.0127193550995,60.078682090903726,67.79235713542813,58.08107977422738,0.3446011949262461,0.7173773230832272,True,40.4009623260116,211.0,542.0,1045.0,886.0,19.434605089646592,16.47756948270515,16.939079017020532,0.1199223768964346,29.53478434928536,0.1040991413842216,12.59570533226482,0.1588017875133107,79.31715082998704,0.426470198099469,1045,1446,19.370675445390447,26.284668805965666,33.826401027150034,-9.331483761713017,2.66851623828796,9.70554316404395,0.0,1.15,"[{""iter"":1,""scan"":""position"",""reason"":""plateau_lite_2dcg_score_0.98"",""n_rows"":197},{""iter"":1,""scan"":""size"",""reason"":""plateau_lite_2dcg_score_0.95"",""n_rows"":46},{""iter"":2,""scan"":""position"",""reason"":""plateau_lite_2dcg_score_0.98"",""n_rows"":201},{""iter"":2,""scan"":""size"",""reason"":""plateau_lite_2dcg_score_0.95"",""n_rows"":48},{""iter"":3,""scan"":""position"",""reason"":""plateau_lite_2dcg_score_0.98"",""n_rows"":201},{""iter"":3,""scan"":""size"",""reason"":""plateau_lite_2dcg_score_0.95"",""n_rows"":48}]",1.0,1.0,24.05721546461524,True,837,11811.48716018019,8688.469509905994,2.521290946170542,3446.040022910668,1.0774736842105264,68.83859649122807,68.83859649122807,0.345017351458534,43.817094013091335,78.56164517154956,68.83859649122807,100.89077557275874,0.1985251148168679,0.7355948825137991,1.8173452997635755,3.2584003985191847,0.1083266789925026,0.1460340585097524,True,valid,105.41666666666669,96.98333333333336,7,11.128037053684787,41.837713608018014,1092.3338617823651,2545.7624332109367,-115.8850674654795,41,460.5592958470644,460.5592958470644,1.0,-90.0,True,4.020837775085446,1.09656975201682,96,RefineV9Candidates2DCG_v11_exclude_source_002_010,accepted,3.537320317113262,-8.108961064066193,0.8305086989370433
106,core_confirmed,rescue_candidate_for_2dcg_refit,0.9366666666666666,True,34.064153030073534,4,801,0.2787676047805157,False,22.09921472396724,0,31,31,33,-74.6470494949495,2,11.382755849951636,41.82016880217996,897.0000000000018,2529.0000000000045,-74.6470494949495,31,420.0,420.0,1.0,-90.0,0.0,3.49999999999992,24.11049458723757,24.11049458723757,24.11049458723757,53.77006608468229,True,11.382755849951636,41.82016880217996,896.9052903537983,2529.762433210944,420.0,420.0,1.0,1.0,-90.0,0.0,15.873015873016238,15.873015873016238,75.51244019275367,62.78502525171945,3109.560104948019,7000.759966131009,10054.65780341703,60.18762030711768,111.07076349393732,180.68738878255385,51.6644467596651,63.02972758905306,55.64670490377827,0.309265632480426,0.6962703358986351,True,38.519445840771866,161.0,411.0,790.0,669.0,14.69218949360843,12.441866799017772,62.461437342131305,0.1525952976709844,74.15731038436665,0.1323593934746443,11.695873042235348,0.202000826513834,57.90012468802625,0.1577170609561507,790,1106,14.655557717391126,20.506038997916026,9.131837494790163,-0.3314837617124833,2.66851623828796,2.689025919972804,0.0,1.0,"[{""iter"":1,""scan"":""position"",""reason"":""plateau_lite_2dcg_score_0.98"",""n_rows"":201},{""iter"":1,""scan"":""size"",""reason"":""plateau_lite_2dcg_score_0.95"",""n_rows"":43},{""iter"":2,""scan"":""position"",""reason"":""plateau_lite_2dcg_score_0.98"",""n_rows"":201},{""iter"":2,""scan"":""size"",""reason"":""plateau_lite_2dcg_score_0.95"",""n_rows"":43},{""iter"":3,""scan"":""position"",""reason"":""plateau_lite_2dcg_score_0.98"",""n_rows"":201},{""iter"":3,""scan"":""size"",""reason"":""plateau_lite_2dcg_score_0.95"",""n_rows"":43}]",1.0,1.0,74.82990055737613,True,632,12138.99001668988,9605.947602267504,2.2827541660812667,4208.051723220699,1.015578947368421,56.42105263157895,56.42105263157895,0.3953105145889146,37.585486583419566,57.343165127705845,56.42105263157895,88.34403023070467,0.2264955204042665,0.7913300520933209,1.5588849265379532,2.3783487692558305,0.1435523304438531,0.179232711960412,True,valid,91.66666666666669,84.33333333333334,7,11.382887488147986,41.82090932685709,896.9052903537983,2529.762433210944,-74.6470494949495,31,377.48068083086775,377.48068083086775,1.0,-90.0,True,5.808159279188343,0.8987635257877804,97,RefineV9Candidates2DCG_v11_exclude_source_002_010,accepted,3.6240810693042573,11.964938306106294,1.5414191615202495
107,core_confirmed,rescue_candidate_for_2dcg_refit,0.9366666666666666,True,32.81548575971552,4,665,0.2920914114734245,False,24.506167135157423,-2,90,90,92,-317.9513555210765,2,10.851972398659058,41.10462855087221,1302.4285714285668,1790.9999999999775,-322.0751573181295,92,382.8,344.52000000000004,0.9,35.0,-55.0,3.49999999999992,24.11049458723757,24.11049458723757,24.11049458723757,53.77006608468229,False,10.851972398659058,41.10462855087221,1298.0481474966489,1791.7624332109165,440.22,396.198,0.9,1.1111111111111112,35.0,-55.0,16.63718820861716,14.973469387755449,48.52835905079573,35.99879938198642,3476.972152606894,7446.011714955828,9823.174780346497,56.21497103767842,103.83431748273536,166.76409186701707,61.851355402752624,71.71050858203873,58.90461591803472,0.3539560509055962,0.7580046045656517,True,43.89281140880168,156.0,409.0,784.0,664.0,14.580603244289884,12.348878257918985,36.04532534087125,0.144132934416456,47.73974515629962,0.1217911035442413,11.694419815428368,0.1886991671577342,61.973881451490286,0.2449619238045974,784,1094,14.575760281733272,20.30797737000137,15.18124122599512,-15.331483761713107,2.6685162382863683,15.561984874998137,0.0,1.15,"[{""iter"":1,""scan"":""position"",""reason"":""plateau_lite_2dcg_score_0.98"",""n_rows"":186},{""iter"":1,""scan"":""pa"",""reason"":""plateau_lite_2dcg_score_0.98"",""n_rows"":37},{""iter"":1,""scan"":""size"",""reason"":""plateau_lite_2dcg_score_0.95"",""n_rows"":43},{""iter"":2,""scan"":""position"",""reason"":""plateau_lite_2dcg_score_0.98"",""n_rows"":201},{""iter"":2,""scan"":""pa"",""reason"":""plateau_lite_2dcg_score_0.98"",""n_rows"":37},{""iter"":2,""scan"":""size"",""reason"":""plateau_lite_2dcg_score_0.95"",""n_rows"":43},{""iter"":3,""scan"":""position"",""reason"":""plateau_lite_2dcg_score_0.98"",""n_rows"":201},{""iter"":3,""scan"":""pa"",""reason"":""plateau_lite_2dcg_score_0.98"",""n_rows"":37},{""iter"":3,""scan"":""size"",""reason"":""plateau_lite_2dcg_score_0.95"",""n_rows"":42}]",0.9,0.9,48.70253489869822,True,625,14388.282895222444,9590.46602831598,2.000854630284093,4793.184813708466,0.9536842105263156,55.533182957393485,49.97986466165413,0.3326273863252077,41.1630469848,76.26327817837168,55.533182957393485,92.46290793578484,0.2097736494706004,0.6665469464393452,1.7072668018427486,3.163073984336272,0.1070116299879156,0.1398239854980663,True,valid,96.07976190476192,88.39338095238097,7,10.857626226950243,41.10536147196803,1298.0481474966489,1791.7624332109165,-317.9513555210765,90,371.5404575725548,334.38641181529925,0.8999999999999999,35.0,True,4.830821876843646,0.9705863572950753,98,RefineV9Candidates2DCG_v11_exclude_source_002_010,accepted,3.6806241746680577,8.309318624558099,1.3390705114647348
108,core_confirmed,rescue_candidate_for_2dcg_refit,0.9366666666666666,True,31.417850704876923,4,660,0.1396932007782416,False,38.78043066353423,2,33,33,35,-82.89465308905551,2,11.25738372253984,41.97267019365557,994.142857142862,2685.142857142855,-74.6470494949495,31,360.0,360.0,1.0,-90.0,0.0,3.49999999999992,24.11049458723757,24.11049458723757,24.11049458723757,53.77006608468229,True,11.25738372253984,41.97267019365557,1001.7624332109442,2672.1910046395083,931.5,931.5,1.0,1.0,-90.0,0.0,35.20408163265387,35.20408163265387,35.277074025325,20.704663238211023,20655.168314229813,43156.70182361845,56526.3814432151,298.8267029250184,515.0263830289143,809.2935768817765,69.12089218282681,83.79512826082848,69.84657120474417,0.3654075811482722,0.7634789406601682,True,51.80079334318133,788.0,2022.0,3879.0,3295.0,72.14051018443936,61.27944858410098,21.625207111562965,0.1413843240145264,35.322521572702954,0.1165824809606528,13.697314461139989,0.1832511990246873,74.74611098885474,0.3877785008340174,3879,5448,70.4458647710639,100.09740096290612,28.984934862431164,26.66851623828713,-45.33148376171276,52.59423141743029,0.0,2.5874999999999995,"[{""iter"":1,""scan"":""position"",""reason"":""plateau_lite_2dcg_score_0.98"",""n_rows"":201},{""iter"":1,""scan"":""size"",""reason"":""plateau_lite_2dcg_score_0.95"",""n_rows"":40},{""iter"":2,""scan"":""position"",""reason"":""plateau_lite_2dcg_score_0.98"",""n_rows"":201},{""iter"":2,""scan"":""size"",""reason"":""plateau_lite_2dcg_score_0.95"",""n_rows"":48},{""iter"":3,""scan"":""position"",""reason"":""plateau_lite_2dcg_score_0.98"",""n_rows"":201},{""iter"":3,""scan"":""size"",""reason"":""plateau_lite_2dcg_score_0.95"",""n_rows"":48}]",1.0,1.0,35.32939749408261,True,3100,92979.8279847788,71452.22798355922,12.572845244472612,5683.059529820563,1.2167368421052631,149.91936090225565,149.91936090225565,0.1581049643325585,93.69650691984188,160.12099470971796,149.91936090225565,196.8566770793909,0.0419932774544759,0.7684702104983057,3.8861296096944566,6.641132728752687,0.0031992034496925,0.0063066757078102,True,valid,203.30357142857144,187.0392857142857,7,11.247308395538813,41.96012586027174,1001.7624332109442,2672.1910046395083,-82.89465308905551,33,1003.0238675738142,1003.0238675738142,1.0,-90.0,False,0.50051417383942,2.786177409927262,99,RefineV9Candidates2DCG_v11_exclude_source_002_010,failed,3.75458220528583,-7.36257995865731,0.8101470295021648
109,no_dassa_core,low,0.9366666666666666,False,30.36425542826649,4,382,0.9903638891699528,False,22.56433444121579,1,46,46,48,-136.5040764507445,2,11.27237204079034,41.6318781964783,980.2857142857148,2334.7142857142844,-132.3802746536915,45,319.0,255.2,0.8,40.0,-50.0,3.49999999999992,24.11049458723757,24.11049458723757,24.11049458723757,53.77006608468229,False,11.27237204079034,41.6318781964783,981.905290353797,2334.619576068081,319.0,255.2,0.8,1.25,25.0,-65.0,12.055933484505193,9.644746787604154,23.49748968980772,17.976690299379033,717.5702830986341,1492.061514485839,2015.09177750647,35.83140525028142,65.5409460480943,105.58466370740072,20.026294756971563,22.76533380203204,19.08508022614677,0.3560980651643447,0.7404434533161349,True,13.69440278668506,74.0,190.0,365.0,304.0,6.78816350021149,5.653703298806282,18.01194235090693,0.1952782389270305,22.95980545737948,0.1642931861597558,4.94786310647255,0.2551976520600584,19.388356697373204,0.2155010901837699,365,512,6.7840054683557,9.5120569730775,4.178212005155723,5.668516238287607,-0.3314837617112895,5.678200227889867,15.0,1.0,"[{""iter"":1,""scan"":""position"",""reason"":""plateau_lite_2dcg_score_0.98"",""n_rows"":201},{""iter"":1,""scan"":""pa"",""reason"":""plateau_lite_2dcg_score_0.98"",""n_rows"":37},{""iter"":1,""scan"":""size"",""reason"":""plateau_lite_2dcg_score_0.95"",""n_rows"":31},{""iter"":2,""scan"":""position"",""reason"":""plateau_lite_2dcg_score_0.98"",""n_rows"":201},{""iter"":2,""scan"":""pa"",""reason"":""plateau_lite_2dcg_score_0.98"",""n_rows"":37},{""iter"":2,""scan"":""size"",""reason"":""plateau_lite_2dcg_score_0.95"",""n_rows"":31},{""iter"":3,""scan"":""position"",""reason"":""plateau_lite_2dcg_score_0.98"",""n_rows"":201},{""iter"":3,""scan"":""pa"",""reason"":""plateau_lite_2dcg_score_0.98"",""n_rows"":37},{""iter"":3,""scan"":""size"",""reason"":""plateau_lite_2dcg_score_0.95"",""n_rows"":31}]",0.8,0.8,24.20574282988521,True,291,3503.74484070912,2361.9694332072413,1.4068830802178012,1678.8668983364148,1.0619999999999998,44.81190476190476,35.84952380952382,0.4155074359966066,32.11877885688436,58.44987848172077,44.81190476190476,67.56140850651182,0.3245951279246507,0.6741271241456055,1.3321493153394628,2.4242504968214167,0.1895864723501692,0.2188183800995197,True,valid,69.62301587301589,64.05317460317463,7,11.270264517325622,41.63179675013998,981.905290353797,2334.619576068081,-136.5040764507445,46,299.81057654681393,239.8484612374512,0.8,25.0,True,5.5262296733408345,0.9398450675448712,100,RefineV9Candidates2DCG_v11_exclude_source_002_010,accepted,3.2250162663528266,7.799920987050697,1.3456747641890752
110,core_confirmed,rescue_candidate_for_2dcg_refit,0.9366666666666666,True,29.730341917596835,4,373,0.076027528576052,False,11.684098394596004,-1,42,42,44,-120.0088692625325,2,11.24384954348406,42.04829921842972,1005.0000000000024,2762.8571428571386,-120.0088692625325,43,264.0,264.0,1.0,-45.0,45.0,3.49999999999992,24.11049458723757,24.11049458723757,24.11049458723757,53.77006608468229,True,11.24384954348406,42.04829921842972,1004.9052903537988,2761.905290353792,264.0,264.0,1.0,1.0,-45.0,45.0,9.977324263038778,9.977324263038778,32.82224587914053,24.34069812839153,929.235634087591,1913.174534888698,2646.2428982336896,31.48333279329295,56.89510320237396,90.83767138756308,29.51516093256654,33.62634791404808,29.131558061890125,0.35115281167418,0.7229776738052659,True,20.309497296884786,65.0,164.0,312.0,272.0,5.802484964564342,5.058576635774042,24.306347798213142,0.1986052854682202,33.097755744488346,0.1673338226419281,8.791407946275203,0.2597011120805482,33.85202271890342,0.2656194581331759,312,440,5.799935954095218,8.17764817529956,8.991755931307086,-0.3314837617124833,-3.3314837617121307,3.347934518300898,0.0,1.0,"[{""iter"":1,""scan"":""position"",""reason"":""plateau_lite_2dcg_score_0.98"",""n_rows"":200},{""iter"":1,""scan"":""size"",""reason"":""plateau_lite_2dcg_score_0.95"",""n_rows"":26},{""iter"":2,""scan"":""position"",""reason"":""plateau_lite_2dcg_score_0.98"",""n_rows"":201},{""iter"":2,""scan"":""size"",""reason"":""plateau_lite_2dcg_score_0.95"",""n_rows"":26},{""iter"":3,""scan"":""position"",""reason"":""plateau_lite_2dcg_score_0.98"",""n_rows"":201},{""iter"":3,""scan"":""size"",""reason"":""plateau_lite_2dcg_score_0.95"",""n_rows"":26}]",1.0,1.0,33.017174969926025,True,248,3709.6288125783776,2818.9503763276043,1.212145363628368,2325.58772315023,1.0465263157894735,36.5453634085213,36.5453634085213,0.5565158685767393,24.668986683843293,39.831003024196086,36.5453634085213,54.60849302854066,0.4844983194003428,0.7599009277610966,1.023163858982028,1.6520193262762788,0.3639792737019168,0.3681707224110126,True,valid,57.61904761904762,53.00952380952381,7,11.243965396058336,42.04737314751467,1004.9052903537988,2761.905290353792,-120.0088692625325,42,244.503922157222,244.503922157222,1.0,-45.0,True,13.002779275258431,0.9261512202925076,101,RefineV9Candidates2DCG_v11_exclude_source_002_010,accepted,3.366532726114374,18.046243523000832,2.544513142010801
111,core_confirmed,rescue_candidate_for_2dcg_refit,0.9366666666666666,True,29.37942752739793,4,391,0.1013700381020481,False,27.208607854371778,0,82,82,84,-284.96094114465245,2,10.638256233431068,41.48488006136434,1467.8571428571413,2182.0,-280.83713934759953,82,264.0,264.0,1.0,-45.0,45.0,3.49999999999992,24.11049458723757,24.11049458723757,24.11049458723757,53.77006608468229,True,10.638256233431068,41.48488006136434,1466.0481474966518,2177.6195760680816,394.68,394.68,1.0,1.0,-45.0,45.0,14.916099773242973,14.916099773242973,31.71190365892613,18.85136494710125,2807.177757348021,6144.25718093441,8976.656020853767,52.43609497206004,96.36105401730588,157.6205423903447,53.535217655773046,63.76286813789872,56.95105399791878,0.3127197645567164,0.6844706053858608,True,38.71319729312555,143.0,362.0,698.0,591.0,12.98120033739074,10.991245557876686,18.63961130129716,0.1479632163222046,32.088425162638565,0.1299180471215553,13.448813861341408,0.1969055924860698,68.30082219372642,0.4191172920820131,698,979,12.93747126368864,17.766285112641338,28.62605564480968,-6.331483761712971,-15.331483761713905,16.58740730073667,0.0,1.495,"[{""iter"":1,""scan"":""position"",""reason"":""plateau_lite_2dcg_score_0.98"",""n_rows"":189},{""iter"":1,""scan"":""size"",""reason"":""plateau_lite_2dcg_score_0.95"",""n_rows"":26},{""iter"":2,""scan"":""position"",""reason"":""plateau_lite_2dcg_score_0.98"",""n_rows"":189},{""iter"":2,""scan"":""size"",""reason"":""plateau_lite_2dcg_score_0.95"",""n_rows"":39},{""iter"":3,""scan"":""position"",""reason"":""plateau_lite_2dcg_score_0.98"",""n_rows"":187},{""iter"":3,""scan"":""size"",""reason"":""plateau_lite_2dcg_score_0.95"",""n_rows"":42}]",1.0,1.0,31.039672001447947,True,556,13914.972917437948,10232.95086563326,2.3475733503176994,4358.948300485872,1.2012631578947368,62.71356390977444,62.71356390977444,0.3416127150971616,41.331207171919424,71.62767435738198,62.71356390977444,83.69226329321766,0.2076025722464361,0.7353913605400945,1.7142413658240463,2.970809001790312,0.1166044885225747,0.1526691380559299,True,valid,86.14047619047619,79.2492380952381,7,10.64060685312337,41.48062220524346,1466.0481474966518,2177.6195760680816,-284.96094114465245,82,419.5802399606754,419.5802399606754,1.0,-45.0,True,4.682282538489673,1.5893190907601342,102,RefineV9Candidates2DCG_v11_exclude_source_002_010,accepted,3.639381718077823,2.170819673026152,1.0797842978459242
112,core_confirmed,rescue_candidate_for_2dcg_refit,0.9366666666666666,True,29.218582110370072,4,346,0.3470865707605986,False,14.488851545428812,0,84,84,86,-293.2085447387585,2,10.927450229081105,41.17866152662334,1244.1428571428592,1867.285714285709,-293.2085447387585,84,264.0,237.6,0.9,45.0,-45.0,3.49999999999992,24.11049458723757,24.11049458723757,24.11049458723757,53.77006608468229,False,10.927450229081105,41.17866152662334,1244.0481474966552,1868.048147496648,264.0,237.6,0.9,1.1111111111111112,-5.0,85.0,9.977324263038778,8.979591836734901,44.37057348587468,35.50614448737302,843.9383833538113,1816.236817205452,2473.175690581962,33.28668152870561,62.34703489692154,99.53628472851166,25.35363528581303,29.13108570773637,24.846976128631145,0.3412367291849066,0.7343743609165405,True,17.979423347729906,55.0,147.0,279.0,242.0,5.188760593312344,4.500645389181316,35.416837725620866,0.2424719991187161,43.908620468694565,0.2063197305942659,8.4917827430737,0.3183716406797521,26.672547608018665,0.1933967100863045,279,390,5.187341237194429,7.244223957545183,5.158382957011141,-0.331483761713677,2.6685162382863683,2.689025919971371,50.0,1.0,"[{""iter"":1,""scan"":""position"",""reason"":""plateau_lite_2dcg_score_0.98"",""n_rows"":201},{""iter"":1,""scan"":""pa"",""reason"":""plateau_lite_2dcg_score_0.98"",""n_rows"":37},{""iter"":1,""scan"":""size"",""reason"":""plateau_lite_2dcg_score_0.95"",""n_rows"":26},{""iter"":2,""scan"":""position"",""reason"":""plateau_lite_2dcg_score_0.98"",""n_rows"":201},{""iter"":2,""scan"":""pa"",""reason"":""plateau_lite_2dcg_score_0.98"",""n_rows"":37},{""iter"":2,""scan"":""size"",""reason"":""plateau_lite_2dcg_score_0.95"",""n_rows"":26},{""iter"":3,""scan"":""position"",""reason"":""plateau_lite_2dcg_score_0.98"",""n_rows"":201},{""iter"":3,""scan"":""pa"",""reason"":""plateau_lite_2dcg_score_0.98"",""n_rows"":37},{""iter"":3,""scan"":""size"",""reason"":""plateau_lite_2dcg_score_0.95"",""n_rows"":26}]",0.9,0.9,44.36211627642592,True,230,3379.7464100997845,2565.0480170593,1.3092723588341562,1959.1401282948884,1.0310526315789472,36.00501253132832,32.40451127819549,0.5721119356111549,23.897006980469524,39.316259002542736,36.00501253132832,54.173061819079145,0.5090022956801472,0.7589468870783027,0.9911454488834478,1.6306699499791282,0.3863057078221575,0.3863057078221575,True,valid,57.61904761904762,53.00952380952381,7,10.927575314746884,41.17940252186968,1244.0481474966552,1868.048147496648,-293.2085447387585,84,240.888746482598,216.79987183433823,0.9000000000000002,-5.0,True,12.88942368318854,0.912457373040144,103,RefineV9Candidates2DCG_v11_exclude_source_002_010,accepted,3.29206550019523,14.72973056494126,2.0166251285519206
113,no_dassa_core,low,0.9366666666666666,False,28.639792263501413,4,375,0.9541201820570342,False,24.42986277220504,2,47,47,49,-140.6278782477975,2,11.080311674411492,41.85756190829904,1128.999999999999,2566.0000000000023,-132.3802746536915,45,319.0,223.3,0.7,-70.0,20.0,3.49999999999992,24.11049458723757,24.11049458723757,24.11049458723757,53.77006608468229,False,11.080311674411492,41.85756190829904,1122.0797173787205,2562.5082888072952,255.2,178.64,0.7,1.4285714285714286,85.0,-5.0,9.644746787604154,6.751322751322908,37.003925005639935,31.22710938641422,475.7807696050445,931.9093183353176,1207.3544644181748,26.95030406808731,49.86710208998237,80.57394420678779,17.654003769420594,18.68785791189028,14.984427984803352,0.3940688369710247,0.7718605809640215,True,10.86564336151006,42.0,109.0,209.0,172.0,3.886921017929319,3.198805813798291,31.26368858960484,0.2580307873610787,36.609485919265815,0.2233115057896321,5.345797329660982,0.341244656872765,15.665585444328856,0.1460221905724097,209,283,3.8819165967452713,5.244841739788321,2.287523103180156,-24.22098917447456,-12.220989174474374,27.12948383203472,25.0,0.8,"[{""iter"":1,""scan"":""size"",""reason"":""plateau_lite_2dcg_score_0.95"",""n_rows"":8},{""iter"":2,""scan"":""position"",""reason"":""plateau_lite_2dcg_score_0.98"",""n_rows"":67},{""iter"":2,""scan"":""pa"",""reason"":""plateau_lite_2dcg_score_0.98"",""n_rows"":37},{""iter"":2,""scan"":""size"",""reason"":""plateau_lite_2dcg_score_0.95"",""n_rows"":15},{""iter"":3,""scan"":""position"",""reason"":""plateau_lite_2dcg_score_0.98"",""n_rows"":156},{""iter"":3,""scan"":""pa"",""reason"":""plateau_lite_2dcg_score_0.98"",""n_rows"":37},{""iter"":3,""scan"":""size"",""reason"":""plateau_lite_2dcg_score_0.95"",""n_rows"":16}]",0.7,0.7,36.71350105921626,True,167,1942.102414685657,1244.0238205672133,1.0249476180331003,1213.7438037609431,1.0310526315789472,34.804845446950715,24.363391812865498,0.4853678800987088,25.62497056763773,47.33209854899019,34.804845446950715,54.18594921288769,0.469313357904226,0.6405552102506226,1.06281397401121,1.963132625825292,0.2916022399287732,0.3006211166457672,True,valid,55.69841269841271,51.24253968253969,7,11.089323520101088,41.85413606199655,1122.0797173787205,2562.5082888072952,-140.6278782477975,47,232.8591215998448,163.00138511989132,0.6999999999999998,85.0,True,7.935923293125976,0.7299658984321153,104,RefineV9Candidates2DCG_v11_exclude_source_002_010,accepted,3.0841270258208606,4.209929491296371,1.172327185402212
114,core_confirmed,rescue_candidate_for_2dcg_refit,0.9366666666666666,True,28.163337482676347,4,419,0.671453890864564,False,16.628714244419278,2,42,42,44,-120.0088692625325,2,11.296160066695794,41.63203328080812,962.0000000000084,2334.9999999999905,-111.76126566842647,40,300.0,300.0,1.0,-90.0,0.0,3.49999999999992,24.11049458723757,24.11049458723757,24.11049458723757,53.77006608468229,True,11.296160066695794,41.63203328080812,970.4767189252336,2328.9052903537868,300.0,270.0,0.9,1.1111111111111112,-90.0,0.0,11.337868480725884,10.204081632653295,40.66569872208297,32.61728609437859,1123.8567003624985,2206.6310043385656,2913.525371228985,33.69489370766915,61.4866813516421,98.87158876924016,33.35391736542864,35.88795094857781,29.467771353699632,0.3857377428254323,0.7573749060602013,True,20.994486705105007,76.0,191.0,362.0,301.0,6.732370375552217,5.597910174147009,32.529976762895345,0.1818438978439242,39.84010693928835,0.1577403946351756,7.310130176393002,0.2407264739963855,30.36695571963872,0.1834867107041852,362,506,6.729260777952894,9.385397598919049,5.571932819096151,29.66851623828717,-21.3314837617124,36.54111458696504,0.0,1.0,"[{""iter"":1,""scan"":""position"",""reason"":""plateau_lite_2dcg_score_0.98"",""n_rows"":100},{""iter"":1,""scan"":""size"",""reason"":""plateau_lite_2dcg_score_0.95"",""n_rows"":32},{""iter"":2,""scan"":""position"",""reason"":""plateau_lite_2dcg_score_0.98"",""n_rows"":174},{""iter"":2,""scan"":""size"",""reason"":""plateau_lite_2dcg_score_0.95"",""n_rows"":32},{""iter"":3,""scan"":""position"",""reason"":""plateau_lite_2dcg_score_0.98"",""n_rows"":198},{""iter"":3,""scan"":""size"",""reason"":""plateau_lite_2dcg_score_0.95"",""n_rows"":32}]",0.9,0.9,39.70730870926669,True,290,3672.586673465684,2477.853337896182,1.1260750674620208,2200.433531914384,0.9227368421052632,36.61654135338346,32.95488721804511,0.4847395641452616,26.603849711161992,50.82834294624497,36.61654135338346,62.75910374283588,0.4446829142934054,0.6746888659697508,1.1034136863058888,2.10814186172481,0.2856174932838305,0.3000226111607415,True,valid,65.47619047619048,60.23809523809525,7,11.285078637525457,41.626165376141046,970.4767189252336,2328.9052903537868,-120.0088692625325,42,244.98013268207973,220.4821194138717,0.8999999999999998,-90.0,True,10.111440682085105,0.8166004422735991,105,RefineV9Candidates2DCG_v11_exclude_source_002_010,accepted,3.3425082544446183,11.534623238257069,1.6936569519876243
115,core_confirmed,rescue_candidate_for_2dcg_refit,0.9366666666666666,True,28.05904237688179,4,1305,0.3482540044002147,False,43.3566613660785,-2,66,66,68,-218.98011239180448,2,11.108246877803978,41.42772631419802,1105.4285714285738,2124.000000000011,-227.2277159859105,68,504.0,504.0,1.0,-90.0,0.0,3.49999999999992,24.11049458723757,24.11049458723757,24.11049458723757,53.77006608468229,True,11.108246877803978,41.42772631419802,1110.4767189252273,2133.3338617823792,579.5999999999999,521.64,0.9,1.1111111111111112,-90.0,0.0,21.90476190476241,19.71428571428617,32.12419079468577,21.86665165836932,4556.251048051361,9667.998448252583,13960.51076452669,86.2059520433447,155.93778381642036,251.9685811248895,52.85309123157134,61.999075603346725,55.4057601237477,0.3263670738773169,0.6925246942123869,True,37.553676969053626,278.0,704.0,1361.0,1147.0,25.311480887089964,21.33157132806186,21.80493184541749,0.1253512845503162,31.69155065711816,0.105499055103164,9.886618811700671,0.1638383202003572,60.34375108100695,0.3119638707069722,1361,1905,25.29566072337112,35.280209722462274,18.82507016020897,17.668516238286593,32.66851623828841,37.14038797958242,0.0,1.15,"[{""iter"":1,""scan"":""position"",""reason"":""plateau_lite_2dcg_score_0.98"",""n_rows"":181},{""iter"":1,""scan"":""size"",""reason"":""plateau_lite_2dcg_score_0.95"",""n_rows"":48},{""iter"":2,""scan"":""position"",""reason"":""plateau_lite_2dcg_score_0.98"",""n_rows"":201},{""iter"":2,""scan"":""size"",""reason"":""plateau_lite_2dcg_score_0.95"",""n_rows"":48},{""iter"":3,""scan"":""position"",""reason"":""plateau_lite_2dcg_score_0.98"",""n_rows"":201},{""iter"":3,""scan"":""size"",""reason"":""plateau_lite_2dcg_score_0.95"",""n_rows"":48}]",0.7999999999999999,0.9,29.325299654673145,True,1077,14637.53169584014,11339.97845053169,3.4462319916150097,3290.5441299723493,1.154842105263158,88.5378947368421,70.83031578947367,0.2441183754715952,55.76341202710396,92.90387426190216,88.5378947368421,118.73752863581292,0.119272148107465,0.7747193096602765,2.312827380016553,3.8532546035401127,0.0607591670944824,0.0924024362435135,True,valid,126.5,116.38,7,11.101759419666324,41.43682457478536,1110.4767189252273,2133.3338617823792,-218.98011239180448,66,592.3559243538269,473.8847394830614,0.7999999999999998,-90.0,False,1.670218816206181,1.1753093737179106,106,RefineV9Candidates2DCG_v11_exclude_source_002_010,failed,3.517267719562382,-15.297618989196707,0.6471679666468669
116,core_confirmed,rescue_candidate_for_2dcg_refit,0.9366666666666666,True,27.84376977576765,4,372,0.1724711667252107,False,4.247957789735417,1,30,30,32,-70.5232476978965,2,11.478060219066816,41.930403342102345,825.0000000000126,2642.99999999998,-66.3994459008435,29,319.0,223.3,0.7,45.0,-45.0,3.49999999999992,24.11049458723757,24.11049458723757,24.11049458723757,53.77006608468229,False,11.478060219066816,41.930403342102345,824.905290353809,2645.476718925205,366.85,256.795,0.7,1.4285714285714286,45.0,-45.0,13.864323507180968,9.705026455026678,40.74141719549665,30.188843426439945,1484.7050102215785,3220.360449489588,4463.738704310985,44.41195335571256,82.11794820970469,130.81552285377768,33.43030193538213,39.216279993574,34.12239317577349,0.33261467764403,0.7214491400178581,True,24.34586945081612,85.0,223.0,423.0,361.0,7.866830576957425,6.713772667332459,30.28105236944017,0.2103594249480561,40.51110424113988,0.1772397326834141,10.230051871699704,0.2750727367555079,37.19035187697445,0.2525246364751241,423,590,7.864010436149301,10.968108141653078,9.391480088114925,-0.3314837617124833,8.668516238288051,8.674851886789922,0.0,1.15,"[{""iter"":1,""scan"":""position"",""reason"":""plateau_lite_2dcg_score_0.98"",""n_rows"":198},{""iter"":1,""scan"":""pa"",""reason"":""plateau_lite_2dcg_score_0.98"",""n_rows"":37},{""iter"":1,""scan"":""size"",""reason"":""plateau_lite_2dcg_score_0.95"",""n_rows"":33},{""iter"":2,""scan"":""position"",""reason"":""plateau_lite_2dcg_score_0.98"",""n_rows"":201},{""iter"":2,""scan"":""pa"",""reason"":""plateau_lite_2dcg_score_0.98"",""n_rows"":37},{""iter"":2,""scan"":""size"",""reason"":""plateau_lite_2dcg_score_0.95"",""n_rows"":38},{""iter"":3,""scan"":""position"",""reason"":""plateau_lite_2dcg_score_0.98"",""n_rows"":200},{""iter"":3,""scan"":""pa"",""reason"":""plateau_lite_2dcg_score_0.98"",""n_rows"":37},{""iter"":3,""scan"":""size"",""reason"":""plateau_lite_2dcg_score_0.95"",""n_rows"":38}]",0.7,0.7,40.90999532341953,True,336,5870.548837784872,4532.561867426453,1.6821184814780898,2694.555655463495,1.015578947368421,49.281102756892224,34.49677192982456,0.450879503456953,32.8707657226379,52.00587157808979,49.281102756892224,75.6144972801253,0.3057474096582705,0.7720848582765082,1.363338508204531,2.156980703565413,0.2021743105730546,0.2360629454544152,True,valid,80.06646825396825,73.66115079365079,7,11.47821394307281,41.93281048148284,824.905290353809,2645.476718925205,-70.5232476978965,30,329.71139943524724,230.7979796046731,0.7000000000000001,45.0,True,7.155942769756898,1.0335780546559474,107,RefineV9Candidates2DCG_v11_exclude_source_002_010,accepted,3.430487158283152,23.595811986032235,6.554624870107736
117,core_confirmed,rescue_candidate_for_2dcg_refit,0.9366666666666666,True,27.824514512811994,4,338,0.3550213336548368,False,11.928242157784902,1,32,32,34,-78.7708512920025,2,11.228707413846491,41.96183396498236,1015.9999999999878,2673.857142857154,-74.6470494949495,31,264.0,264.0,1.0,-90.0,0.0,3.49999999999992,24.11049458723757,24.11049458723757,24.11049458723757,53.77006608468229,True,11.228707413846491,41.96183396498236,1016.7624332109272,2672.905290353808,343.2,343.2,1.0,1.0,-90.0,0.0,12.97052154195041,12.97052154195041,32.057557439298584,23.90296811146268,1617.5949454174156,3376.3231302336644,4313.777754425195,78.68530505947957,146.57224500655408,236.50486961360136,20.557776883430112,23.03521468257984,18.239699510090382,0.3749833759418971,0.7826836064445223,True,13.860490901422338,106.0,277.0,529.0,446.0,9.83818764825172,8.294577866011847,24.026054594291008,0.2991125190090706,32.76812327729689,0.2561591060479523,8.74206868300588,0.3938093277707344,22.198734429407125,0.2667857603264922,529,748,9.816012905695022,13.80421431468468,5.922306243035261,2.668516238287562,-3.3314837617121307,4.2684614287300295,0.0,1.3,"[{""iter"":1,""scan"":""position"",""reason"":""plateau_lite_2dcg_score_0.98"",""n_rows"":201},{""iter"":1,""scan"":""size"",""reason"":""plateau_lite_2dcg_score_0.95"",""n_rows"":26},{""iter"":2,""scan"":""position"",""reason"":""plateau_lite_2dcg_score_0.98"",""n_rows"":201},{""iter"":2,""scan"":""size"",""reason"":""plateau_lite_2dcg_score_0.95"",""n_rows"":39},{""iter"":3,""scan"":""position"",""reason"":""plateau_lite_2dcg_score_0.98"",""n_rows"":201},{""iter"":3,""scan"":""size"",""reason"":""plateau_lite_2dcg_score_0.95"",""n_rows"":39}]",1.0,1.0,31.88777641892672,True,421,6884.009614425242,4429.068766438421,2.8878097631686868,1533.712096595507,0.9846315789473684,44.699147869674185,44.699147869674185,0.3994456696191327,33.179327683106216,61.2081235040263,44.699147869674185,72.09642051096384,0.3133791607442486,0.6433850349594858,1.3761363361110417,2.5386506810368643,0.1718740604267392,0.2016234622910127,True,valid,74.9047619047619,68.91238095238094,7,11.22770266437142,41.96091314117906,1016.7624332109272,2672.905290353808,-78.7708512920025,32,299.05618529634387,299.05618529634387,1.0,-90.0,True,4.902298501418521,1.1327885806679692,108,RefineV9Candidates2DCG_v11_exclude_source_002_010,accepted,3.1857438429280043,15.896272355027092,2.3326584206418444
118,core_confirmed,rescue_candidate_for_2dcg_refit,0.9366666666666666,True,26.471640763003062,4,440,1.0408907998782601e-12,False,12.137305537285467,0,65,65,67,-214.8563105947515,2,11.215351156541862,41.45450817525288,1023.0000000000048,2152.000000000012,-214.8563105947515,65,360.0,252.0,0.7,-70.0,20.0,3.49999999999992,24.11049458723757,24.11049458723757,24.11049458723757,53.77006608468229,False,11.215351156541862,41.45450817525288,1023.762433210944,2151.9052903538086,414.0,289.79999999999995,0.7,1.4285714285714286,-70.0,20.0,15.64625850340172,10.952380952381205,47.11729971140464,37.29616049766816,2100.850012713054,4177.348711529112,5273.951757776489,55.40591000717061,100.5525084517332,162.20583162689164,37.91743538624604,41.54395326233264,32.51394666196536,0.3983445638491729,0.7920718473333727,True,24.390649703054528,111.0,280.0,537.0,456.0,9.98696931400978,8.480554948209422,37.27991701303653,0.2035603937795094,47.08054226408542,0.174036047438725,9.800625251048892,0.267815943744511,36.59462955797141,0.2081672126050495,537,750,9.974734369440824,13.909164992853126,7.617802031397264,2.668516238287562,-0.3314837617112895,2.689025919972261,0.0,1.15,"[{""iter"":1,""scan"":""position"",""reason"":""plateau_lite_2dcg_score_0.98"",""n_rows"":201},{""iter"":1,""scan"":""pa"",""reason"":""plateau_lite_2dcg_score_0.98"",""n_rows"":37},{""iter"":1,""scan"":""size"",""reason"":""plateau_lite_2dcg_score_0.95"",""n_rows"":38},{""iter"":2,""scan"":""position"",""reason"":""plateau_lite_2dcg_score_0.98"",""n_rows"":201},{""iter"":2,""scan"":""pa"",""reason"":""plateau_lite_2dcg_score_0.98"",""n_rows"":37},{""iter"":2,""scan"":""size"",""reason"":""plateau_lite_2dcg_score_0.95"",""n_rows"":41},{""iter"":3,""scan"":""position"",""reason"":""plateau_lite_2dcg_score_0.98"",""n_rows"":201},{""iter"":3,""scan"":""pa"",""reason"":""plateau_lite_2dcg_score_0.98"",""n_rows"":37},{""iter"":3,""scan"":""size"",""reason"":""plateau_lite_2dcg_score_0.95"",""n_rows"":41}]",0.7,0.7,46.75224904262494,True,435,8273.279879412406,5602.735494297491,2.1336317480565183,2625.9149449762867,1.0465263157894735,57.30977443609022,40.11684210526315,0.3604037643419334,39.50816081335114,74.3147196541699,57.30977443609022,87.21652480803039,0.2407058626023464,0.6772085044819509,1.6386292147762087,3.082256126488047,0.1273411374105542,0.1630080572329729,True,valid,90.35714285714286,83.12857142857143,7,11.21436137641596,41.45442062099557,1023.762433210944,2151.9052903538086,-214.8563105947515,65,383.4266052010981,268.3986236407687,0.7,-70.0,True,4.445455978122332,1.0650739033363836,109,RefineV9Candidates2DCG_v11_exclude_source_002_010,accepted,3.4192806549119954,14.334335225717595,2.181014614955759
119,core_confirmed,rescue_candidate_for_2dcg_refit,0.9366666666666666,True,26.25035191421124,4,613,0.7017480486751024,False,29.19320282214124,0,73,73,75,-247.84672497117552,2,11.05637663404981,41.297625121458886,1144.857142857133,1990.000000000004,-243.7229231741225,73,435.0,304.5,0.7,30.0,-60.0,3.49999999999992,24.11049458723757,24.11049458723757,24.11049458723757,53.77006608468229,False,11.05637663404981,41.297625121458886,1155.9052903537868,1989.9052903538,500.25,350.17499999999995,0.7,1.4285714285714286,-65.0,25.0,18.90589569161041,13.234126984127286,48.78783124063139,36.28235638633778,3048.961959799608,6871.65684830781,9816.797760620488,62.91824561539349,116.45938718424205,188.17731159127283,48.45910641624205,59.00474847456182,52.16780746630543,0.3105862048040086,0.69998965200985,True,36.286910300856825,159.0,410.0,785.0,656.0,14.599200952509642,12.200096592160923,36.14574824821555,0.1612223551617455,47.80102124786465,0.1364008426909421,11.6552729996491,0.2111820013417316,55.19065510127781,0.2438289537625675,785,1093,14.57021009716647,20.191228744737423,13.457079690815284,38.66851623828691,-0.331483761713677,38.66993702548452,85.0,1.15,"[{""iter"":1,""scan"":""position"",""reason"":""plateau_lite_2dcg_score_0.98"",""n_rows"":149},{""iter"":1,""scan"":""pa"",""reason"":""plateau_lite_2dcg_score_0.98"",""n_rows"":37},{""iter"":1,""scan"":""size"",""reason"":""plateau_lite_2dcg_score_0.95"",""n_rows"":41},{""iter"":2,""scan"":""position"",""reason"":""plateau_lite_2dcg_score_0.98"",""n_rows"":201},{""iter"":2,""scan"":""pa"",""reason"":""plateau_lite_2dcg_score_0.98"",""n_rows"":37},{""iter"":2,""scan"":""size"",""reason"":""plateau_lite_2dcg_score_0.95"",""n_rows"":41},{""iter"":3,""scan"":""position"",""reason"":""plateau_lite_2dcg_score_0.98"",""n_rows"":201},{""iter"":3,""scan"":""pa"",""reason"":""plateau_lite_2dcg_score_0.98"",""n_rows"":37},{""iter"":3,""scan"":""size"",""reason"":""plateau_lite_2dcg_score_0.95"",""n_rows"":41}]",0.7,0.7,49.11756184121552,True,629,15612.587720787964,12252.729072427774,2.9875412802819645,4101.27523703082,1.263157894736842,83.58395989974937,58.50877192982456,0.283621462811488,52.0435919448999,86.26544564573052,83.58395989974937,105.3200017873462,0.1342144855423619,0.7847980931510424,2.1585451827457813,3.577921030761164,0.0716930007345985,0.1053312723268938,True,valid,109.18154761904762,100.4470238095238,7,11.042079033905894,41.29757810786014,1155.9052903537868,1989.9052903538,-247.84672497117552,73,559.2120071832552,391.4484050282786,0.7,-65.0,True,2.437799263806672,1.2855448440994373,110,RefineV9Candidates2DCG_v11_exclude_source_002_010,accepted,3.6129189158158055,-2.9428509079300014,0.8991939690256243
120,core_confirmed,rescue_candidate_for_2dcg_refit,0.9366666666666666,True,25.930178055623816,4,694,0.1290921111826251,False,27.574602016277552,-1,112,112,114,-408.67499505624255,2,10.505260951788056,40.83432768223626,1571.714285714286,1512.9999999999957,-408.67499505624255,113,360.0,360.0,1.0,-90.0,0.0,3.49999999999992,24.11049458723757,24.11049458723757,24.11049458723757,53.77006608468229,True,10.505260951788056,40.83432768223626,1574.1910046395108,1512.9052903537918,414.0,414.0,1.0,1.0,-90.0,0.0,15.64625850340172,15.64625850340172,27.75324680533373,16.65296286323422,2669.602610043441,5985.360095399395,8513.91778359033,64.49126242639181,119.38992769012192,192.16548321869416,41.39479535061725,50.13287310914932,44.30513555809112,0.3135574805747849,0.7030089140554703,True,31.023004561795087,155.0,402.0,767.0,650.0,14.264442204554006,12.088510342842378,16.713941342430896,0.1686189983820979,27.631991392680654,0.1440822314532643,10.918050050249756,0.2217928223273557,49.22634526979973,0.3951235325421317,767,1076,14.251743271194336,19.983103007732414,19.450487437141927,8.66851623828646,-0.331483761713677,8.674851886788378,0.0,1.15,"[{""iter"":1,""scan"":""position"",""reason"":""plateau_lite_2dcg_score_0.98"",""n_rows"":201},{""iter"":1,""scan"":""size"",""reason"":""plateau_lite_2dcg_score_0.95"",""n_rows"":41},{""iter"":2,""scan"":""position"",""reason"":""plateau_lite_2dcg_score_0.98"",""n_rows"":201},{""iter"":2,""scan"":""size"",""reason"":""plateau_lite_2dcg_score_0.95"",""n_rows"":44},{""iter"":3,""scan"":""position"",""reason"":""plateau_lite_2dcg_score_0.98"",""n_rows"":201},{""iter"":3,""scan"":""size"",""reason"":""plateau_lite_2dcg_score_0.95"",""n_rows"":44}]",1.0,1.0,27.93443104042936,True,613,12749.909020285277,8665.156623582878,2.48311103842139,3489.6371887950904,1.0310526315789472,56.4624060150376,56.4624060150376,0.3311975135269692,41.6961762829844,74.78438505098772,56.4624060150376,87.76017077648422,0.2006528592348599,0.6796249769152468,1.7293787206279654,3.1017358345926835,0.103697820483496,0.1363686948254699,True,valid,90.35714285714286,83.12857142857143,7,10.502078662860953,40.83423058006268,1574.1910046395108,1512.9052903537918,-408.67499505624255,112,377.7573524386197,377.7573524386197,1.0,-90.0,True,3.925749269638233,1.0493259789961658,111,RefineV9Candidates2DCG_v11_exclude_source_002_010,accepted,3.5427802765021736,-1.6444239606537359,0.9403645441670194
121,core_confirmed,rescue_candidate_for_2dcg_refit,0.9366666666666666,True,25.8193068241578,4,466,0.1433588827015157,False,21.01205146182716,0,76,76,78,-260.21813036233453,2,10.984829053216265,41.29699958708119,1200.1428571428637,1989.1428571428537,-260.21813036233453,76,319.0,287.1,0.9,45.0,-45.0,3.49999999999992,24.11049458723757,24.11049458723757,24.11049458723757,53.77006608468229,False,10.984829053216265,41.29699958708119,1201.7624332109456,1988.191004639507,366.85,330.165,0.9,1.1111111111111112,45.0,-45.0,13.864323507180968,12.47789115646287,41.53405885599523,32.610557860898986,1848.225316202026,3695.631787479813,4818.690537351969,52.87220846755168,95.4448619744837,151.87225186222983,34.95646143353941,38.72007053106542,31.728577658302065,0.3835534367429387,0.7669369424812005,True,23.114431587069515,111.0,283.0,540.0,464.0,10.042762438669053,8.629336613967483,32.65957912974841,0.1930368109082384,40.56003542016602,0.1591410888929537,7.900456290417615,0.2501781296189937,31.57932430964104,0.1947842552052997,540,755,10.023635050431182,13.954312185988496,6.151155165540047,5.668516238286413,-3.3314837617137223,6.575017900985439,0.0,1.15,"[{""iter"":1,""scan"":""position"",""reason"":""plateau_lite_2dcg_score_0.98"",""n_rows"":200},{""iter"":1,""scan"":""pa"",""reason"":""plateau_lite_2dcg_score_0.98"",""n_rows"":37},{""iter"":1,""scan"":""size"",""reason"":""plateau_lite_2dcg_score_0.95"",""n_rows"":35},{""iter"":2,""scan"":""position"",""reason"":""plateau_lite_2dcg_score_0.98"",""n_rows"":201},{""iter"":2,""scan"":""pa"",""reason"":""plateau_lite_2dcg_score_0.98"",""n_rows"":37},{""iter"":2,""scan"":""size"",""reason"":""plateau_lite_2dcg_score_0.95"",""n_rows"":41},{""iter"":3,""scan"":""position"",""reason"":""plateau_lite_2dcg_score_0.98"",""n_rows"":201},{""iter"":3,""scan"":""pa"",""reason"":""plateau_lite_2dcg_score_0.98"",""n_rows"":37},{""iter"":3,""scan"":""size"",""reason"":""plateau_lite_2dcg_score_0.95"",""n_rows"":41}]",0.9,0.9,41.104580053467735,True,436,6800.863728821641,4672.98970396368,1.91566526023894,2439.35608216898,0.9846315789473682,47.7793776106934,43.001439849624056,0.4186903729964837,33.59118373869751,63.0839830649403,47.7793776106934,77.2645643683049,0.3131215105519211,0.6871170913423595,1.3932183604594472,2.616453297409029,0.182277918331295,0.2151511415671619,True,valid,80.06646825396825,73.66115079365079,7,10.982729000998091,41.296079600017904,1201.7624332109456,1988.191004639507,-260.21813036233453,76,319.66422370618807,287.6978013355693,0.9000000000000001,45.0,True,6.475055256538216,1.0020822059755112,112,RefineV9Candidates2DCG_v11_exclude_source_002_010,accepted,3.3872752005734745,4.80725536233064,1.2287856267182686
122,core_confirmed,rescue_candidate_for_2dcg_refit,0.9366666666666666,True,25.24362671902768,4,399,0.1685695293999174,False,20.194032059141303,0,109,109,111,-396.3035896650835,2,10.539334390002232,40.86646014392572,1545.142857142862,1545.9999999999952,-396.3035896650835,109,300.0,270.0,0.9,-75.0,15.0,3.49999999999992,24.11049458723757,24.11049458723757,24.11049458723757,53.77006608468229,False,10.539334390002232,40.86646014392572,1546.762433210944,1545.905290353791,345.0,310.5,0.9,1.1111111111111112,-80.0,10.0,13.038548752834766,11.73469387755129,39.48301216692561,29.93565315675805,1667.2514184283782,3459.332992975349,4601.8270429007625,51.26177333373005,93.48284004314192,150.35697891044202,32.52426340333672,37.00500531839728,30.60600895447477,0.3623020602220256,0.7517303368261224,True,22.27220475998345,98.0,251.0,482.0,405.0,8.964095361923118,7.53207182900179,30.35131685992832,0.210877294523878,39.54355950496255,0.1770404666159073,9.19224264503423,0.2753408073012219,33.3849629306053,0.232458654711664,482,680,8.936967392292008,12.58051943808061,7.760623570447281,5.668516238286413,-0.331483761713677,5.678200227888816,5.0,1.15,"[{""iter"":1,""scan"":""position"",""reason"":""plateau_lite_2dcg_score_0.98"",""n_rows"":178},{""iter"":1,""scan"":""pa"",""reason"":""plateau_lite_2dcg_score_0.98"",""n_rows"":37},{""iter"":1,""scan"":""size"",""reason"":""plateau_lite_2dcg_score_0.95"",""n_rows"":32},{""iter"":2,""scan"":""position"",""reason"":""plateau_lite_2dcg_score_0.98"",""n_rows"":191},{""iter"":2,""scan"":""pa"",""reason"":""plateau_lite_2dcg_score_0.98"",""n_rows"":37},{""iter"":2,""scan"":""size"",""reason"":""plateau_lite_2dcg_score_0.95"",""n_rows"":35},{""iter"":3,""scan"":""position"",""reason"":""plateau_lite_2dcg_score_0.98"",""n_rows"":195},{""iter"":3,""scan"":""pa"",""reason"":""plateau_lite_2dcg_score_0.98"",""n_rows"":37},{""iter"":3,""scan"":""size"",""reason"":""plateau_lite_2dcg_score_0.95"",""n_rows"":35}]",0.85,0.9,39.112877827698,True,384,6800.090657797885,4784.793540427391,2.0921411010659523,2287.031949226333,1.1393684210526316,51.99498746867169,44.19573934837093,0.3780972912394329,34.69612874612844,62.20010433197422,51.99498746867169,73.34733113391289,0.2922422748206613,0.7036367279810473,1.4390467445862418,2.579793795059627,0.1714170786764014,0.2056323980325481,True,valid,75.29761904761905,69.27380952380953,7,10.537252457775784,40.86636540734102,1546.762433210944,1545.905290353791,-396.3035896650835,109,347.8684348133078,295.6881695913116,0.8499999999999999,-80.0,True,5.284242279999414,1.159561449377693,113,RefineV9Candidates2DCG_v11_exclude_source_002_010,accepted,3.359272231627203,5.0495946598863775,1.2500538102097625
123,core_confirmed,rescue_candidate_for_2dcg_refit,0.9366666666666666,True,25.20913174513336,4,468,0.1551824779507479,False,19.591481836418133,0,68,68,70,-227.2277159859105,2,11.121775752127938,41.428648312413166,1095.0000000000086,2125.000000000007,-227.2277159859105,68,319.0,287.1,0.9,-45.0,45.0,3.49999999999992,24.11049458723757,24.11049458723757,24.11049458723757,53.77006608468229,False,11.121775752127938,41.428648312413166,1097.4767189252334,2124.905290353804,366.85,330.165,0.9,1.1111111111111112,-50.0,40.0,13.864323507180968,12.47789115646287,44.08301936404386,34.07111683073419,1947.0614614942128,3988.257932102672,5406.427367987224,53.97865165009649,99.99063833579903,159.6393564964648,36.07095401559058,39.88631334374409,33.86650689804646,0.3601382815245496,0.7376882478285235,True,24.028614398352367,109.0,285.0,540.0,455.0,10.042762438669053,8.461957239989665,33.96408896234956,0.1996347577587075,43.86339632027719,0.1678439837885145,9.899307357927633,0.2608172528790551,37.95495600330585,0.2256849261203099,540,765,10.029805953120734,14.176976572731077,8.565861441505696,8.66851623828646,-0.3314837617112895,8.674851886788286,5.0,1.15,"[{""iter"":1,""scan"":""position"",""reason"":""plateau_lite_2dcg_score_0.98"",""n_rows"":198},{""iter"":1,""scan"":""pa"",""reason"":""plateau_lite_2dcg_score_0.98"",""n_rows"":37},{""iter"":1,""scan"":""size"",""reason"":""plateau_lite_2dcg_score_0.95"",""n_rows"":35},{""iter"":2,""scan"":""position"",""reason"":""plateau_lite_2dcg_score_0.98"",""n_rows"":201},{""iter"":2,""scan"":""pa"",""reason"":""plateau_lite_2dcg_score_0.98"",""n_rows"":37},{""iter"":2,""scan"":""size"",""reason"":""plateau_lite_2dcg_score_0.95"",""n_rows"":41},{""iter"":3,""scan"":""position"",""reason"":""plateau_lite_2dcg_score_0.98"",""n_rows"":201},{""iter"":3,""scan"":""pa"",""reason"":""plateau_lite_2dcg_score_0.98"",""n_rows"":37},{""iter"":3,""scan"":""size"",""reason"":""plateau_lite_2dcg_score_0.95"",""n_rows"":41}]",0.9,0.9,44.610916002278856,True,431,8261.548292358835,6145.661846217943,2.265267069022168,2712.996595527607,1.1238947368421053,54.53714076858815,49.08342669172933,0.4145476664586348,35.059411740638275,61.312786505049054,54.53714076858815,76.70973332706149,0.28867606551679,0.7438874202190537,1.4541141665006034,2.5429916538296062,0.1780814729741955,0.2147424936562714,True,valid,80.06646825396825,73.66115079365079,7,11.11856362257545,41.428568303319146,1097.4767189252334,2124.905290353804,-227.2277159859105,68,364.8765144869544,328.3888630382589,0.8999999999999999,-50.0,True,6.233182987633171,1.1438135250374746,114,RefineV9Candidates2DCG_v11_exclude_source_002_010,accepted,3.433449248776524,5.617649908715226,1.286739408260212
124,core_confirmed,rescue_candidate_for_2dcg_refit,0.9366666666666666,True,24.7852801127838,4,432,0.1566737125835683,False,10.738191680304675,0,30,30,32,-70.5232476978965,2,11.30525286409238,42.03451581756034,958.000000000004,2748.9999999999945,-70.5232476978965,30,300.0,285.0,0.95,-15.0,75.0,3.49999999999992,24.11049458723757,24.11049458723757,24.11049458723757,53.77006608468229,True,11.30525286409238,42.03451581756034,956.1910046395146,2748.048147496648,345.0,310.5,0.9,1.1111111111111112,-15.0,75.0,13.038548752834766,11.73469387755129,31.95142789668513,22.671937722147945,1416.808751554758,3131.4623022792493,4417.0373230797,46.13880602114954,85.15494779204747,134.25859191427855,30.70752959895208,36.77369763559051,32.89947600448462,0.3207599682601083,0.7089508358729226,True,23.26712609011009,97.0,254.0,476.0,404.0,8.852509112604572,7.513474120782032,22.645963886445266,0.1926464701757202,31.454737097601026,0.1583027710834997,8.80877321115576,0.2493439989329592,35.327793124566675,0.2800459970090668,476,678,8.849621958127235,12.603044833739805,9.893407047699332,-6.331483761712573,-3.3314837617121307,7.154472075519032,0.0,1.15,"[{""iter"":1,""scan"":""position"",""reason"":""plateau_lite_2dcg_score_0.98"",""n_rows"":201},{""iter"":1,""scan"":""size"",""reason"":""plateau_lite_2dcg_score_0.95"",""n_rows"":33},{""iter"":2,""scan"":""position"",""reason"":""plateau_lite_2dcg_score_0.98"",""n_rows"":201},{""iter"":2,""scan"":""size"",""reason"":""plateau_lite_2dcg_score_0.95"",""n_rows"":38},{""iter"":3,""scan"":""position"",""reason"":""plateau_lite_2dcg_score_0.98"",""n_rows"":201},{""iter"":3,""scan"":""size"",""reason"":""plateau_lite_2dcg_score_0.95"",""n_rows"":38}]",0.9,0.9,32.04466811264086,True,390,6063.656763892113,4577.7451578467535,1.7952323075856622,2549.945841829899,1.0465263157894735,47.75814536340852,42.98233082706766,0.4427651516127988,32.34855988514244,53.6098152431574,47.75814536340852,72.24528280818842,0.3096819802905762,0.7549479358901592,1.3416796477607524,2.223505413760144,0.2018405967613842,0.2337937718027474,True,valid,75.29761904761905,69.27380952380953,7,11.307611721017658,42.03357775939754,956.1910046395146,2748.048147496648,-70.5232476978965,30,319.5221710009151,287.5699539008236,0.9,-15.0,True,6.923964708435674,1.0650739033363836,115,RefineV9Candidates2DCG_v11_exclude_source_002_010,accepted,3.406530956573485,14.047088432479123,2.308142828018559
125,core_confirmed,rescue_candidate_for_2dcg_refit,0.9366666666666666,True,24.07259062328519,4,417,0.0775912389756935,False,30.87855036824449,0,110,110,112,-400.4273914621365,2,10.542164618047051,40.83146270504231,1543.000000000005,1509.999999999999,-400.4273914621365,110,319.0,287.1,0.9,45.0,-45.0,3.49999999999992,24.11049458723757,24.11049458723757,24.11049458723757,53.77006608468229,False,10.542164618047051,40.83146270504231,1543.762433210944,1508.1910046395096,366.85,256.795,0.7,1.4285714285714286,45.0,-45.0,13.864323507180968,9.705026455026678,32.72807504351047,24.921649345841548,1168.3370939962797,2424.271324284523,3302.1180701139547,47.16820948192591,85.3048809695435,138.8349755827227,24.769587542727635,28.41890518726664,23.784482665511312,0.3538144515698558,0.7341564634606971,True,16.903927244312726,87.0,218.0,423.0,355.0,7.866830576957425,6.602186418013915,24.924799291085783,0.2205308010694161,32.54193721452077,0.1882435355703063,7.6171379234349885,0.2899473450548006,26.270762789689748,0.234071434445399,423,593,7.858092399984373,11.007972703194875,6.149235130157491,2.6685162382863683,-6.331483761712971,6.870856244954705,0.0,1.15,"[{""iter"":1,""scan"":""position"",""reason"":""plateau_lite_2dcg_score_0.98"",""n_rows"":201},{""iter"":1,""scan"":""pa"",""reason"":""plateau_lite_2dcg_score_0.98"",""n_rows"":37},{""iter"":1,""scan"":""size"",""reason"":""plateau_lite_2dcg_score_0.95"",""n_rows"":35},{""iter"":2,""scan"":""position"",""reason"":""plateau_lite_2dcg_score_0.98"",""n_rows"":201},{""iter"":2,""scan"":""pa"",""reason"":""plateau_lite_2dcg_score_0.98"",""n_rows"":37},{""iter"":2,""scan"":""size"",""reason"":""plateau_lite_2dcg_score_0.95"",""n_rows"":41},{""iter"":3,""scan"":""position"",""reason"":""plateau_lite_2dcg_score_0.98"",""n_rows"":201},{""iter"":3,""scan"":""pa"",""reason"":""plateau_lite_2dcg_score_0.98"",""n_rows"":37},{""iter"":3,""scan"":""size"",""reason"":""plateau_lite_2dcg_score_0.95"",""n_rows"":41}]",0.7666666666666666,0.7,31.60544098817692,True,340,5415.5541136592565,,,,,,,,36.268716823141126,64.02483879122947,,77.14561357580719,0.2771976610886195,,1.5042709593497627,2.6554759612903083,0.2260094122270401,0.2771976610886195,False,no_break,80.06646825396825,73.66115079365079,7,10.541188755761754,40.82970268912168,1543.762433210944,1508.1910046395096,-400.4273914621365,110,366.85,256.795,0.7,45.0,False,0.0,1.15,116,RefineV9Candidates2DCG_v11_exclude_source_002_010,failed,,-6.805959744959299,0.7795894022292397
126,core_confirmed,rescue_candidate_for_2dcg_refit,0.9366666666666666,True,23.79637755830315,4,319,0.116860310685758,False,17.39828100485728,0,140,140,142,-524.1414453737265,2,9.904172564358197,40.33800769883037,2043.9999999999984,1005.1428571428528,-524.1414453737265,140,264.0,250.8,0.95,45.0,-45.0,3.49999999999992,24.11049458723757,24.11049458723757,24.11049458723757,53.77006608468229,True,9.904172564358197,40.33800769883037,2043.9052903537945,1005.0481474966492,264.0,237.6,0.9,1.1111111111111112,45.0,-45.0,9.977324263038778,8.979591836734901,56.07243181818379,42.27214518848373,1422.3282649327664,2818.2137783740063,3919.281402834815,54.800639307519546,96.57377685195893,157.73856643167022,25.954592554134667,29.18197745019477,24.84669089808537,0.3629053693118327,0.719063901952943,True,16.88922229975749,60.0,145.0,284.0,240.0,5.281749134411132,4.4634499727418016,42.38242952925399,0.375586493983878,56.442478362911615,0.3193245520092498,14.060048833657625,0.4929841619961129,28.520285067025103,0.2491040301819292,284,394,5.280121127712522,7.322432481618568,7.104517952133448,-0.331483761713677,-0.3314837617124833,0.4687888315210892,0.0,1.0,"[{""iter"":1,""scan"":""position"",""reason"":""plateau_lite_2dcg_score_0.98"",""n_rows"":201},{""iter"":1,""scan"":""size"",""reason"":""plateau_lite_2dcg_score_0.95"",""n_rows"":26},{""iter"":2,""scan"":""position"",""reason"":""plateau_lite_2dcg_score_0.98"",""n_rows"":201},{""iter"":2,""scan"":""size"",""reason"":""plateau_lite_2dcg_score_0.95"",""n_rows"":26},{""iter"":3,""scan"":""position"",""reason"":""plateau_lite_2dcg_score_0.98"",""n_rows"":201},{""iter"":3,""scan"":""size"",""reason"":""plateau_lite_2dcg_score_0.95"",""n_rows"":26}]",0.9,0.9,56.37642519532258,True,219,5601.128258389661,4640.136376668855,2.4569008897369766,1888.6135765800484,1.2476842105263155,43.56992481203008,39.21293233082707,0.559203307796973,25.12639221004468,41.21462947168388,43.56992481203008,53.33111584591445,0.4767651907221258,0.8284288740788281,1.0421350801880624,1.709406222363437,0.3868991353955572,0.3949660501499084,True,valid,57.61904761904762,53.00952380952381,7,9.904294431775243,40.33791643903413,2043.9052903537945,1005.0481474966492,-524.1414453737265,140,291.50120592733384,262.35108533460044,0.8999999999999999,45.0,True,11.58632815835687,1.1041712345732342,117,RefineV9Candidates2DCG_v11_exclude_source_002_010,accepted,3.2761431073519454,6.398096553445868,1.3677430288463346
127,core_confirmed,rescue_candidate_for_2dcg_refit,0.9366666666666666,True,22.95045266983654,4,793,0.1006660795041172,False,12.864733535295777,0,140,140,142,-524.1414453737265,2,9.899656057132908,40.38159502114567,2047.1428571428544,1050.000000000005,-524.1414453737265,140,432.0,410.4,0.95,-90.0,0.0,3.49999999999992,24.11049458723757,24.11049458723757,24.11049458723757,53.77006608468229,True,9.899656057132908,40.38159502114567,2045.333861782365,1050.762433210944,432.0,388.8,0.9,1.1111111111111112,-90.0,0.0,16.326530612245275,14.693877551020746,45.52893669185929,32.618326474388546,3313.3296735064646,6971.238746992318,9695.868273320528,86.3231871875118,159.29963984614244,256.5206370241182,38.38284685097676,43.76179854345811,37.79761498256734,0.3417259372864555,0.7189906618445517,True,26.48896630095897,152.0,393.0,751.0,636.0,13.966878873037889,11.828142427765776,32.88715555060849,0.2300604673446268,45.99594975250076,0.195364788563095,13.108794201892266,0.3018198456780649,43.43251243947263,0.2849988808238393,751,1056,13.936983000768723,19.537188941895444,12.37821743661718,-6.331483761712971,2.6685162382863683,6.870856244954705,0.0,1.0,"[{""iter"":1,""scan"":""position"",""reason"":""plateau_lite_2dcg_score_0.98"",""n_rows"":201},{""iter"":1,""scan"":""size"",""reason"":""plateau_lite_2dcg_score_0.95"",""n_rows"":46},{""iter"":2,""scan"":""position"",""reason"":""plateau_lite_2dcg_score_0.98"",""n_rows"":201},{""iter"":2,""scan"":""size"",""reason"":""plateau_lite_2dcg_score_0.95"",""n_rows"":46},{""iter"":3,""scan"":""position"",""reason"":""plateau_lite_2dcg_score_0.98"",""n_rows"":201},{""iter"":3,""scan"":""size"",""reason"":""plateau_lite_2dcg_score_0.95"",""n_rows"":46}]",0.9,0.9,45.29280393111628,True,597,14036.566852126563,10450.427126602057,3.5240404747623773,2965.467395009621,1.092947368421053,62.454135338345885,56.2087218045113,0.3600578487698233,41.36689871602627,72.22818769661782,62.454135338345885,90.6718695411988,0.2140701389572981,0.7445144697201223,1.7157216981323578,2.9957157218521107,0.1216762486975069,0.1593783159887056,True,valid,94.2857142857143,86.74285714285716,7,9.901956306831176,40.38235221036939,2045.333861782365,1050.762433210944,-524.1414453737265,140,417.8445532054266,376.060097884884,0.9,-90.0,True,4.197347731389758,0.9672327620495986,118,RefineV9Candidates2DCG_v11_exclude_source_002_010,accepted,3.472093153375171,10.085719134540764,1.783981969534737
128,core_confirmed,rescue_candidate_for_2dcg_refit,0.9366666666666666,True,22.85615692735886,4,1318,0.4845246464038302,False,36.27655158831421,2,67,67,69,-223.10391418885752,2,11.107032422734102,41.44036983798296,1106.4285714285727,2136.9999999999977,-214.8563105947515,65,504.0,504.0,1.0,-90.0,0.0,3.49999999999992,24.11049458723757,24.11049458723757,24.11049458723757,53.77006608468229,True,11.107032422734102,41.44036983798296,1110.6195760680832,2129.1910046395083,579.5999999999999,579.5999999999999,1.0,1.0,-90.0,0.0,21.90476190476241,21.90476190476241,36.38314694309855,26.216531917255097,5440.1742081267685,11448.447611722222,15341.422073997775,90.37859440572646,163.6148661867447,263.6359349879408,60.19317122486776,69.9719278482637,58.19169558466877,0.3546069055323976,0.7462442240687864,True,42.33138714333816,306.0,781.0,1509.0,1281.0,28.06394170361408,23.823664229509365,26.27789355599602,0.1185194912706328,35.50710292540449,0.1000434736578051,9.22920936940847,0.1550985700532715,59.50544461008587,0.2599257221519244,1509,2111,28.039009200840724,39.10833483689479,15.466995662247903,14.668516238286548,-27.33148376171249,31.018951839957936,0.0,1.15,"[{""iter"":1,""scan"":""position"",""reason"":""plateau_lite_2dcg_score_0.98"",""n_rows"":201},{""iter"":1,""scan"":""size"",""reason"":""plateau_lite_2dcg_score_0.95"",""n_rows"":48},{""iter"":2,""scan"":""position"",""reason"":""plateau_lite_2dcg_score_0.98"",""n_rows"":201},{""iter"":2,""scan"":""size"",""reason"":""plateau_lite_2dcg_score_0.95"",""n_rows"":48},{""iter"":3,""scan"":""position"",""reason"":""plateau_lite_2dcg_score_0.98"",""n_rows"":201},{""iter"":3,""scan"":""size"",""reason"":""plateau_lite_2dcg_score_0.95"",""n_rows"":48}]",1.0,1.0,32.50381373194222,True,1205,15393.101256580678,11453.757417787238,3.479580662473757,3291.7062510757705,1.0465263157894735,80.2336842105263,80.2336842105263,0.2989633614741486,51.31138967853479,89.68097610024765,80.2336842105263,118.69678189936973,0.1442650440114576,0.7440838091603316,2.128176570284688,3.719582598181895,0.0735832792646918,0.1073452834767282,True,valid,126.5,116.38,7,11.101548294632186,41.43279749321545,1110.6195760680832,2129.1910046395083,-223.10391418885752,67,536.7972472815374,536.7972472815374,1.0,-90.0,True,2.474512298690361,1.0650739033363836,119,RefineV9Candidates2DCG_v11_exclude_source_002_010,accepted,3.517421072217947,-13.420394660955353,0.6300531866077791
129,core_confirmed,rescue_candidate_for_2dcg_refit,0.9366666666666666,True,22.04012766552062,4,617,0.2879499444701382,False,12.299137679399452,0,145,145,147,-544.7604543589915,2,9.89317104361802,40.40585956543133,2052.000000000012,1074.9999999999927,-544.7604543589915,145,360.0,342.0,0.95,-70.0,20.0,3.49999999999992,24.11049458723757,24.11049458723757,24.11049458723757,53.77006608468229,True,9.89317104361802,40.40585956543133,2051.905290353808,1074.9052903537888,360.0,324.0,0.9,1.1111111111111112,-70.0,20.0,13.605442176871062,12.244897959183954,58.79828504914055,47.18688784961559,1984.4705499762604,4300.418119610744,6107.594926950129,72.61145279982823,131.51854853610948,212.22785993222664,27.329993733178064,32.698187194713675,28.77847860738238,0.3249184947121599,0.7041099108644044,True,20.030997461016128,104.0,269.0,526.0,449.0,9.782394523592448,8.35037099067112,47.302212169090325,0.2775900696046787,57.89513352775879,0.2281444624663088,10.592921358668464,0.3593134321134841,29.48100575133199,0.1829673879858919,526,733,9.775635670540552,13.61399453119278,5.394062617518271,-0.3314837617128812,-0.331483761713677,0.4687888315213706,0.0,1.0,"[{""iter"":1,""scan"":""position"",""reason"":""plateau_lite_2dcg_score_0.98"",""n_rows"":201},{""iter"":1,""scan"":""size"",""reason"":""plateau_lite_2dcg_score_0.95"",""n_rows"":37},{""iter"":2,""scan"":""position"",""reason"":""plateau_lite_2dcg_score_0.98"",""n_rows"":201},{""iter"":2,""scan"":""size"",""reason"":""plateau_lite_2dcg_score_0.95"",""n_rows"":37},{""iter"":3,""scan"":""position"",""reason"":""plateau_lite_2dcg_score_0.98"",""n_rows"":201},{""iter"":3,""scan"":""size"",""reason"":""plateau_lite_2dcg_score_0.95"",""n_rows"":37}]",0.9,0.9,58.825078910541706,True,422,8926.250950927797,6286.558394271237,2.8267249139722503,2223.97247188693,1.0465263157894735,49.83458646616541,44.85112781954887,0.3964479925716874,35.16312063487268,62.856960209999166,49.83458646616541,76.04804835343512,0.2750958666506961,0.7042775773201638,1.4584155670321917,2.607037362197924,0.1604306270903382,0.193743850495543,True,valid,78.57142857142858,72.2857142857143,7,9.893293050353302,40.40576831910008,2051.905290353808,1074.9052903537888,-544.7604543589915,145,333.4144393053027,300.07299537477246,0.9,-70.0,True,5.14321870111699,0.9261512202925076,120,RefineV9Candidates2DCG_v11_exclude_source_002_010,accepted,3.3471294072887994,9.74098998612117,1.7920059308252907
130,core_confirmed,rescue_candidate_for_2dcg_refit,0.9366666666666666,True,21.504918781722928,4,464,0.0110844627108639,False,16.694378544763868,0,65,65,67,-214.8563105947515,2,11.157032695081336,41.46239951504418,1068.000000000004,2159.8571428571418,-214.8563105947515,65,319.0,287.1,0.9,45.0,-45.0,3.49999999999992,24.11049458723757,24.11049458723757,24.11049458723757,53.77006608468229,False,11.157032695081336,41.46239951504418,1068.762433210943,2160.619576068081,366.85,330.165,0.9,1.1111111111111112,40.0,-50.0,13.864323507180968,12.47789115646287,54.953001374265455,46.36857003327432,1744.850225428463,3546.670298095176,4661.346218158185,54.58742643595834,99.58658078034584,161.20900498733286,31.964324741990016,35.61393784487818,28.91492456345385,0.3743232413484826,0.7608682410843437,True,21.07712101489944,110.0,281.0,543.0,458.0,10.098555563328324,8.517750364648938,46.5256590935989,0.2003494201340283,53.307572086050136,0.1689004986586112,6.7819129924512325,0.2620444019535027,25.880777997518976,0.1272223199642957,543,768,10.083098340686092,14.217467089934374,3.2926126193252654,2.6685162382863683,2.66851623828796,3.773851855598541,5.0,1.15,"[{""iter"":1,""scan"":""position"",""reason"":""plateau_lite_2dcg_score_0.98"",""n_rows"":197},{""iter"":1,""scan"":""pa"",""reason"":""plateau_lite_2dcg_score_0.98"",""n_rows"":37},{""iter"":1,""scan"":""size"",""reason"":""plateau_lite_2dcg_score_0.95"",""n_rows"":33},{""iter"":2,""scan"":""position"",""reason"":""plateau_lite_2dcg_score_0.98"",""n_rows"":201},{""iter"":2,""scan"":""pa"",""reason"":""plateau_lite_2dcg_score_0.98"",""n_rows"":37},{""iter"":2,""scan"":""size"",""reason"":""plateau_lite_2dcg_score_0.95"",""n_rows"":36},{""iter"":3,""scan"":""position"",""reason"":""plateau_lite_2dcg_score_0.98"",""n_rows"":201},{""iter"":3,""scan"":""pa"",""reason"":""plateau_lite_2dcg_score_0.98"",""n_rows"":37},{""iter"":3,""scan"":""size"",""reason"":""plateau_lite_2dcg_score_0.95"",""n_rows"":36}]",0.85,0.9,54.19013752335592,True,437,6191.799320690629,4275.969581577987,1.9110685664596785,2237.475753943968,0.969157894736842,47.02851503759398,39.97423778195488,0.3889702981671175,33.72909697158624,64.76112418500989,47.02851503759398,77.43648307190395,0.2998220495732137,0.6905859444264172,1.3989384103899754,2.686013924380048,0.1750580176303837,0.2070528932643818,True,valid,80.06646825396825,73.66115079365079,7,11.156048934480037,41.46314478850128,1068.762433210943,2160.619576068081,-214.8563105947515,65,314.64063584165854,267.4445404654097,0.8499999999999999,40.0,True,5.51644353725554,0.9863342816352932,121,RefineV9Candidates2DCG_v11_exclude_source_002_010,accepted,3.3497583378492255,4.81054023695906,1.2881532980733728
131,core_confirmed,rescue_candidate_for_2dcg_refit,0.9366666666666666,True,20.957993535141348,4,455,0.0775912389768198,False,11.38907312380052,0,147,147,149,-553.0080579530975,2,10.165720590080303,40.825516463474194,1836.0000000000032,1504.999999999985,-553.0080579530975,147,319.0,287.1,0.9,45.0,-45.0,3.49999999999992,24.11049458723757,24.11049458723757,24.11049458723757,53.77006608468229,False,10.165720590080303,40.825516463474194,1836.7624332109424,1505.762433210924,319.0,287.1,0.9,1.1111111111111112,35.0,-55.0,12.055933484505193,10.85034013605467,36.12614743354244,28.52000265144017,1205.352451287718,2361.698048788164,3110.9132158798293,51.02088599670957,92.96126631742284,149.2655873289592,23.624686787396307,25.40518371085843,20.84146300261317,0.387459362458242,0.7591655198649532,True,14.866854170241742,84.0,214.0,409.0,349.0,7.60646266188082,6.490600168695369,28.491249801536345,0.2466421073750289,35.86776539704991,0.2099986529643364,7.376515595513563,0.3239317264135007,22.77182194280469,0.2056586328659402,409,569,7.586883427340328,10.498773276472791,4.683221768623833,2.6685162382863683,2.6685162382863683,3.773851855597416,10.0,1.0,"[{""iter"":1,""scan"":""position"",""reason"":""plateau_lite_2dcg_score_0.98"",""n_rows"":201},{""iter"":1,""scan"":""pa"",""reason"":""plateau_lite_2dcg_score_0.98"",""n_rows"":37},{""iter"":1,""scan"":""size"",""reason"":""plateau_lite_2dcg_score_0.95"",""n_rows"":34},{""iter"":2,""scan"":""position"",""reason"":""plateau_lite_2dcg_score_0.98"",""n_rows"":201},{""iter"":2,""scan"":""pa"",""reason"":""plateau_lite_2dcg_score_0.98"",""n_rows"":37},{""iter"":2,""scan"":""size"",""reason"":""plateau_lite_2dcg_score_0.95"",""n_rows"":34},{""iter"":3,""scan"":""position"",""reason"":""plateau_lite_2dcg_score_0.98"",""n_rows"":201},{""iter"":3,""scan"":""pa"",""reason"":""plateau_lite_2dcg_score_0.98"",""n_rows"":37},{""iter"":3,""scan"":""size"",""reason"":""plateau_lite_2dcg_score_0.95"",""n_rows"":35}]",0.9,0.9,36.30326546920732,True,331,4092.256510547,3111.761342280938,1.8318138692448944,1698.732275437821,0.969157894736842,40.89436090225564,36.80492481203008,0.5260676405632556,26.81487798692478,45.20408906024752,40.89436090225564,64.78312617796497,0.4290955999223907,0.7604023194198543,1.112166234910781,1.8748719109302483,0.3093945370511474,0.3262852894338397,True,valid,69.62301587301589,64.05317460317463,7,10.16473518828909,40.826253293189374,1836.7624332109424,1505.762433210924,-553.0080579530975,147,273.60055290579004,246.24049761521107,0.9000000000000001,35.0,True,9.303751856541096,0.8576819840306897,122,RefineV9Candidates2DCG_v11_exclude_source_002_010,accepted,3.2301249383382213,9.568920411340828,1.840184298346808
132,core_confirmed,rescue_candidate_for_2dcg_refit,0.9366666666666666,True,20.899927350499272,4,313,0.1678714572132208,False,21.269034319029508,0,49,49,51,-148.87548184190348,2,11.055971688128569,41.93709187939498,1148.000000000002,2647.714285714283,-148.87548184190348,49,264.0,237.6,0.9,-75.0,15.0,3.49999999999992,24.11049458723757,24.11049458723757,24.11049458723757,53.77006608468229,False,11.055971688128569,41.93709187939498,1148.762433210941,2647.61957606808,303.6,273.23999999999995,0.9,1.1111111111111112,-85.0,5.0,11.473922902494593,10.326530612245133,34.98288861601967,27.9702755070433,973.7107091600808,1996.0246562496432,2587.6542372122803,40.30768795673285,74.30867241823015,119.14203986030982,24.15694768217128,26.861261159605355,21.719069442207143,0.376290887382649,0.7713645152220922,True,16.119625319942944,74.0,193.0,369.0,322.0,6.86255433309052,5.988462046761917,27.877898415548465,0.219843952521798,34.61730178811241,0.185705179504368,6.739403372563942,0.2877807796833488,23.418531911614973,0.1946830926862779,369,523,6.858071268671662,9.713280277546644,4.559192218725495,2.6685162382863683,-0.3314837617112895,2.6890259199710767,10.0,1.15,"[{""iter"":1,""scan"":""position"",""reason"":""plateau_lite_2dcg_score_0.98"",""n_rows"":186},{""iter"":1,""scan"":""pa"",""reason"":""plateau_lite_2dcg_score_0.98"",""n_rows"":37},{""iter"":1,""scan"":""size"",""reason"":""plateau_lite_2dcg_score_0.95"",""n_rows"":26},{""iter"":2,""scan"":""position"",""reason"":""plateau_lite_2dcg_score_0.98"",""n_rows"":196},{""iter"":2,""scan"":""pa"",""reason"":""plateau_lite_2dcg_score_0.98"",""n_rows"":37},{""iter"":2,""scan"":""size"",""reason"":""plateau_lite_2dcg_score_0.95"",""n_rows"":31},{""iter"":3,""scan"":""position"",""reason"":""plateau_lite_2dcg_score_0.98"",""n_rows"":196},{""iter"":3,""scan"":""pa"",""reason"":""plateau_lite_2dcg_score_0.98"",""n_rows"":37},{""iter"":3,""scan"":""size"",""reason"":""plateau_lite_2dcg_score_0.95"",""n_rows"":31}]",0.9,0.9,35.64867309084468,True,299,4016.2714364264007,2702.2001798074043,1.561754147919327,1730.2340342156,1.0310526315789472,41.40576441102756,37.26518796992481,0.4568396540035933,29.22734858915927,53.878269993255415,41.40576441102756,64.41599128921371,0.3873821858949396,0.6728131359098998,1.212225177853888,2.2346397664432334,0.2367240909005049,0.260635823287606,True,valid,66.26190476190476,60.96095238095238,7,11.054974679300354,41.93700295857096,1148.762433210941,2647.61957606808,-148.87548184190348,49,277.0220584549877,249.3198526094889,0.9,-85.0,True,7.361322838861604,1.0493259789961655,123,RefineV9Candidates2DCG_v11_exclude_source_002_010,accepted,3.238104850466439,-0.36910696853023595,0.9826458050236915
133,no_dassa_core,low,0.9366666666666666,False,20.48893127979735,4,888,0.947809856252856,False,21.03503956284284,0,113,113,115,-412.7987968532954,2,10.662887382720172,41.01433041036727,1449.0000000000002,1698.0000000000005,-412.7987968532954,113,420.0,420.0,1.0,-90.0,0.0,3.49999999999992,24.11049458723757,24.11049458723757,24.11049458723757,53.77006608468229,True,10.662887382720172,41.01433041036727,1448.0481474966534,1697.9052903537963,483.0,483.0,1.0,1.0,-90.0,0.0,18.253968253968672,18.253968253968672,19.618927639919068,12.359609367271116,2617.0913214557413,5592.075790446903,7593.246913189756,75.08348228563169,133.9803589219081,211.9173201603432,34.85575311357874,41.73802664393744,35.831176552461464,0.3446603740634003,0.7364538325144223,True,25.91302386486056,216.0,548.0,1046.0,895.0,19.45320279786635,16.64494885668297,12.339849466491676,0.1396791872702772,18.537716224521564,0.1140285247012405,6.197866758029889,0.1803130050829019,34.372821611953704,0.3343382044996132,1046,1476,19.40183891602273,27.40514950886084,11.492147461326104,-3.3314837617137223,-0.331483761713677,3.3479345183026004,0.0,1.15,"[{""iter"":1,""scan"":""position"",""reason"":""plateau_lite_2dcg_score_0.98"",""n_rows"":201},{""iter"":1,""scan"":""size"",""reason"":""plateau_lite_2dcg_score_0.95"",""n_rows"":45},{""iter"":2,""scan"":""position"",""reason"":""plateau_lite_2dcg_score_0.98"",""n_rows"":201},{""iter"":2,""scan"":""size"",""reason"":""plateau_lite_2dcg_score_0.95"",""n_rows"":44},{""iter"":3,""scan"":""position"",""reason"":""plateau_lite_2dcg_score_0.98"",""n_rows"":201},{""iter"":3,""scan"":""size"",""reason"":""plateau_lite_2dcg_score_0.95"",""n_rows"":44}]",1.0,1.0,19.38408741625432,True,830,11555.41092394796,7843.99334177432,2.838627749682831,2763.304678695808,1.0465263157894735,66.86140350877193,66.86140350877193,0.2891492745483485,48.12994148092925,88.39338527278667,66.86140350877193,102.59994326953743,0.1544042584802344,0.6788156123048874,1.9962237318186709,3.6661788480928137,0.0741833581381561,0.1048120212627424,True,valid,105.41666666666669,96.98333333333336,7,10.664113861459429,41.01423855746245,1448.0481474966534,1697.9052903537963,-412.7987968532954,113,447.3310394012812,447.3310394012812,1.0,-90.0,True,2.3469063889688884,1.0650739033363836,124,RefineV9Candidates2DCG_v11_exclude_source_002_010,accepted,3.441428772350944,-0.5461082830454913,0.9740381623046643
134,core_confirmed,rescue_candidate_for_2dcg_refit,0.9366666666666666,True,20.10632726814792,4,322,0.092685155113786,False,14.889919460358673,0,40,40,42,-111.76126566842647,2,11.113222829060156,41.87105765947718,1103.8571428571458,2579.999999999991,-111.76126566842647,40,264.0,237.6,0.9,-25.0,65.0,3.49999999999992,24.11049458723757,24.11049458723757,24.11049458723757,53.77006608468229,False,11.113222829060156,41.87105765947718,1103.762433210942,2579.905290353788,303.6,242.88,0.8,1.25,-10.0,80.0,11.473922902494593,9.179138321995676,46.92282244009287,38.70591004855527,889.5238209042373,1945.4719943248565,2703.3641768158723,38.89031534493131,71.43520718987936,114.3403143937619,22.872630705479008,27.2340778567866,23.643141014166744,0.3290432818977253,0.7196485072226966,True,16.891772434834035,67.0,173.0,329.0,282.0,6.11864600430022,5.244553717971616,38.85046973065677,0.2350462321082683,46.83973825063956,0.1983735722861938,7.989268519982787,0.307569188004715,25.975516506745507,0.170566036838895,329,464,6.082289919559252,8.551787061103214,4.43054090539888,-0.331483761713677,-0.3314837617112895,0.4687888315202451,15.0,1.15,"[{""iter"":1,""scan"":""position"",""reason"":""plateau_lite_2dcg_score_0.98"",""n_rows"":198},{""iter"":1,""scan"":""pa"",""reason"":""plateau_lite_2dcg_score_0.98"",""n_rows"":37},{""iter"":1,""scan"":""size"",""reason"":""plateau_lite_2dcg_score_0.95"",""n_rows"":25},{""iter"":2,""scan"":""position"",""reason"":""plateau_lite_2dcg_score_0.98"",""n_rows"":198},{""iter"":2,""scan"":""pa"",""reason"":""plateau_lite_2dcg_score_0.98"",""n_rows"":37},{""iter"":2,""scan"":""size"",""reason"":""plateau_lite_2dcg_score_0.95"",""n_rows"":28},{""iter"":3,""scan"":""position"",""reason"":""plateau_lite_2dcg_score_0.98"",""n_rows"":197},{""iter"":3,""scan"":""pa"",""reason"":""plateau_lite_2dcg_score_0.98"",""n_rows"":37},{""iter"":3,""scan"":""size"",""reason"":""plateau_lite_2dcg_score_0.95"",""n_rows"":28}]",0.8,0.8,46.89401829976013,True,255,4235.707990860237,3219.636503983344,1.7905926013589497,1798.084333387638,1.2322105263157894,49.48401002506265,39.58720802005012,0.4479525103665182,31.11000183996164,53.68563704901575,49.48401002506265,64.13224301527484,0.3454624517813068,0.7601176735815214,1.2903095673710945,2.226650177364392,0.2311717297645373,0.2625921151577754,True,valid,66.26190476190476,60.96095238095238,7,11.113345866136576,41.8709651224665,1103.762433210942,2579.905290353788,-111.76126566842647,40,331.06893479061625,264.855147832493,0.8,-10.0,True,6.562024600990773,1.254048995419001,125,RefineV9Candidates2DCG_v11_exclude_source_002_010,accepted,3.25481005706683,5.2164078077892455,1.3503314992184376
135,core_confirmed,rescue_candidate_for_2dcg_refit,0.9366666666666666,True,19.06862875414294,4,457,0.1651765090357057,False,9.961481586270382,0,142,142,144,-532.3890489678325,2,9.872427265309836,40.32597815102843,2069.000000000003,992.9999999999958,-532.3890489678325,142,319.0,287.1,0.9,50.0,-40.0,3.49999999999992,24.11049458723757,24.11049458723757,24.11049458723757,53.77006608468229,False,9.872427265309836,40.32597815102843,2068.9052903538,992.9052903537922,319.0,287.1,0.9,1.1111111111111112,60.0,-30.0,12.055933484505193,10.85034013605467,42.077847223301504,31.690286448382032,1486.2700556618083,3112.769846025308,4258.899917716983,65.04631516493492,119.02160277287123,190.9927295507209,22.84941202115973,26.15298209322053,22.29875413443929,0.3489798033240789,0.7308858874744192,True,15.850059990220508,83.0,214.0,410.0,346.0,7.625060370100577,6.434807044036097,31.804156966716388,0.3160315215859951,42.18714409749239,0.2626926242870168,10.382987130776003,0.4109541793080575,25.265559163453013,0.2461173268041429,410,581,7.603946224172839,10.748474612926298,6.218291881520973,-0.3314837617112895,-0.3314837617124833,0.4687888315194011,10.0,1.0,"[{""iter"":1,""scan"":""position"",""reason"":""plateau_lite_2dcg_score_0.98"",""n_rows"":201},{""iter"":1,""scan"":""pa"",""reason"":""plateau_lite_2dcg_score_0.98"",""n_rows"":37},{""iter"":1,""scan"":""size"",""reason"":""plateau_lite_2dcg_score_0.95"",""n_rows"":35},{""iter"":2,""scan"":""position"",""reason"":""plateau_lite_2dcg_score_0.98"",""n_rows"":201},{""iter"":2,""scan"":""pa"",""reason"":""plateau_lite_2dcg_score_0.98"",""n_rows"":37},{""iter"":2,""scan"":""size"",""reason"":""plateau_lite_2dcg_score_0.95"",""n_rows"":36},{""iter"":3,""scan"":""position"",""reason"":""plateau_lite_2dcg_score_0.98"",""n_rows"":201},{""iter"":3,""scan"":""pa"",""reason"":""plateau_lite_2dcg_score_0.98"",""n_rows"":37},{""iter"":3,""scan"":""size"",""reason"":""plateau_lite_2dcg_score_0.95"",""n_rows"":35}]",0.9,0.9,42.581852436578174,True,335,6124.163628742541,4411.606660784224,2.4962721055913253,1767.2779545558346,1.0310526315789472,43.50605680868839,39.15545112781955,0.4665411550244168,29.964225277481845,51.67131461662617,43.50605680868839,65.8431560369797,0.3656837665088927,0.7203606775101873,1.2427876653074894,2.143104714408364,0.2362964582660333,0.2634242057968231,True,valid,69.62301587301589,64.05317460317463,7,9.87254915419812,40.32588692487832,2068.9052903538,992.9052903537922,-532.3890489678325,142,291.073901999806,261.9665117998253,0.8999999999999999,60.0,True,7.172128659924202,0.912457373040144,126,RefineV9Candidates2DCG_v11_exclude_source_002_010,accepted,3.2473048599971217,9.107147167872556,1.914236209644223
136,core_confirmed,rescue_candidate_for_2dcg_refit,0.9366666666666666,True,18.64401910436125,4,678,0.3105615141058734,False,6.584415797794908,0,147,147,149,-553.0080579530975,2,9.784888783755408,40.31851345236316,2137.714285714284,986.0000000000032,-553.0080579530975,147,360.0,360.0,1.0,-90.0,0.0,3.49999999999992,24.11049458723757,24.11049458723757,24.11049458723757,53.77006608468229,True,9.784888783755408,40.31851345236316,2137.6195760680807,983.333861782371,414.0,414.0,1.0,1.0,-90.0,0.0,15.64625850340172,15.64625850340172,50.24777798248363,39.87419277013533,2718.2298347209608,5720.450828770127,7966.913443083496,86.6763154841567,158.3358441466026,257.199798045509,31.36069893531432,36.12859021027217,30.975582032431568,0.3411898289268852,0.7180259795261559,True,21.681291779276705,155.0,396.0,768.0,660.0,14.283039912773765,12.274487425039954,39.838880491510025,0.226622922708914,49.59296414327138,0.19239359929013,9.754083651761356,0.297276380065658,32.8114990151825,0.1966828121743709,768,1078,14.269409878648368,19.98170117733428,6.453457897962695,-0.3314837617112895,-9.33148376171262,9.337369580314606,0.0,1.15,"[{""iter"":1,""scan"":""position"",""reason"":""plateau_lite_2dcg_score_0.98"",""n_rows"":201},{""iter"":1,""scan"":""size"",""reason"":""plateau_lite_2dcg_score_0.95"",""n_rows"":40},{""iter"":2,""scan"":""position"",""reason"":""plateau_lite_2dcg_score_0.98"",""n_rows"":201},{""iter"":2,""scan"":""size"",""reason"":""plateau_lite_2dcg_score_0.95"",""n_rows"":46},{""iter"":3,""scan"":""position"",""reason"":""plateau_lite_2dcg_score_0.98"",""n_rows"":201},{""iter"":3,""scan"":""size"",""reason"":""plateau_lite_2dcg_score_0.95"",""n_rows"":46}]",1.0,1.0,50.67861131348879,True,615,10673.87037903523,7941.288247306429,3.1896527354454216,2489.7030824258245,0.9846315789473682,53.920300751879694,53.920300751879694,0.3976001911324484,37.130993841455314,62.92480623396013,53.920300751879694,86.59476062518996,0.2512337988921043,0.7439933187594331,1.5400345151405517,2.609851324545958,0.1506197330935343,0.1869162678222767,True,valid,90.35714285714286,83.12857142857143,7,9.785044099211602,40.3159221062768,2137.6195760680807,983.333861782371,-553.0080579530975,147,360.74959415118406,360.74959415118406,1.0,-90.0,True,4.984234056590335,1.0020822059755112,127,RefineV9Candidates2DCG_v11_exclude_source_002_010,accepted,3.396147556994173,12.059603306566341,2.8315373264557575
137,core_confirmed,rescue_candidate_for_2dcg_refit,0.9366666666666666,True,18.589070235644723,4,290,0.169116781408741,False,10.968312637462027,0,133,133,135,-495.2748327943555,2,10.097065896890374,40.45195934480055,1892.000000000001,1121.1428571428469,-495.2748327943555,133,264.0,250.8,0.95,45.0,-45.0,3.49999999999992,24.11049458723757,24.11049458723757,24.11049458723757,53.77006608468229,True,10.097065896890374,40.45195934480055,1891.048147496654,1121.048147496643,264.0,264.0,1.0,1.0,45.0,-45.0,9.977324263038778,9.977324263038778,39.90953241342655,30.152313871631623,1036.3562460680996,2154.833944739854,3014.980529414632,53.79564806009017,96.7502308394801,153.92420187535538,19.26468559149025,22.272132335425376,19.587436495893613,0.3437356347602389,0.7147090748072664,True,13.566112075706142,65.0,163.0,309.0,270.0,5.746691839905069,5.021381219334526,30.216907795366257,0.3403608965271236,40.313796837592776,0.2869200189683066,10.096889042226518,0.445161360822703,22.68141382164537,0.250457407495072,309,434,5.7447533251709935,8.067244418073795,5.680728104092193,-3.3314837617137223,-0.331483761713677,3.3479345183026004,0.0,1.0,"[{""iter"":1,""scan"":""position"",""reason"":""plateau_lite_2dcg_score_0.98"",""n_rows"":188},{""iter"":1,""scan"":""size"",""reason"":""plateau_lite_2dcg_score_0.95"",""n_rows"":26},{""iter"":2,""scan"":""position"",""reason"":""plateau_lite_2dcg_score_0.98"",""n_rows"":201},{""iter"":2,""scan"":""size"",""reason"":""plateau_lite_2dcg_score_0.95"",""n_rows"":26},{""iter"":3,""scan"":""position"",""reason"":""plateau_lite_2dcg_score_0.98"",""n_rows"":201},{""iter"":3,""scan"":""size"",""reason"":""plateau_lite_2dcg_score_0.95"",""n_rows"":26}]",1.0,1.0,40.36673970407712,True,240,4567.269825934165,3578.2146875927174,2.3359255010112703,1531.818838419134,1.2012631578947368,41.94887218045113,41.94887218045113,0.5234827066787524,25.52893026830612,42.50337213223344,41.94887218045113,55.02880231417907,0.4435898176591145,0.7834471848531191,1.058830633935621,1.762857745553332,0.3377365355143246,0.3475291938745417,True,valid,57.61904761904762,53.00952380952381,7,10.098282836926444,40.4518735142242,1891.048147496654,1121.048147496643,-495.2748327943555,133,280.6556789034619,280.6556789034619,1.0,45.0,True,9.08840372450602,1.0630896928161435,128,RefineV9Candidates2DCG_v11_exclude_source_002_010,accepted,3.1852074062057616,7.620757598182696,1.6947976274996182
138,core_confirmed,rescue_candidate_for_2dcg_refit,0.9366666666666666,True,18.537589551876746,4,320,0.1818607453152338,False,14.473684991675018,-1,92,92,94,-326.1989591151825,2,10.781756944848247,41.11248680783952,1356.857142857149,1799.000000000003,-330.3227609122355,93,264.0,237.6,0.9,15.0,-75.0,3.49999999999992,24.11049458723757,24.11049458723757,24.11049458723757,53.77006608468229,False,10.781756944848247,41.11248680783952,1354.191004639517,1799.762433210942,264.0,237.6,0.9,1.1111111111111112,-90.0,0.0,9.977324263038778,8.979591836734901,31.150464758455104,25.71307179451135,472.1049356058704,1087.0289308646124,1522.4700299042506,35.30933707615485,64.69654570855539,102.50530539885357,13.370540902187964,16.80196243801723,14.852597375133309,0.3100914476691285,0.7139903640224541,True,10.438199695304494,57.0,148.0,280.0,244.0,5.207358301532102,4.537840805620832,25.85192950068059,0.251003290880766,31.056039005457336,0.2080577182494676,5.204109504776746,0.3260224933285268,15.962424713845316,0.1675715793589211,280,396,5.196519457627687,7.333274423754849,2.674848719696935,-9.331483761713017,2.6685162382863683,9.705543164043512,75.0,1.0,"[{""iter"":1,""scan"":""position"",""reason"":""plateau_lite_2dcg_score_0.98"",""n_rows"":182},{""iter"":1,""scan"":""pa"",""reason"":""plateau_lite_2dcg_score_0.98"",""n_rows"":37},{""iter"":1,""scan"":""size"",""reason"":""plateau_lite_2dcg_score_0.95"",""n_rows"":25},{""iter"":2,""scan"":""position"",""reason"":""plateau_lite_2dcg_score_0.98"",""n_rows"":197},{""iter"":2,""scan"":""pa"",""reason"":""plateau_lite_2dcg_score_0.98"",""n_rows"":37},{""iter"":2,""scan"":""size"",""reason"":""plateau_lite_2dcg_score_0.95"",""n_rows"":24},{""iter"":3,""scan"":""position"",""reason"":""plateau_lite_2dcg_score_0.98"",""n_rows"":195},{""iter"":3,""scan"":""pa"",""reason"":""plateau_lite_2dcg_score_0.98"",""n_rows"":37},{""iter"":3,""scan"":""size"",""reason"":""plateau_lite_2dcg_score_0.95"",""n_rows"":24}]",0.9,0.9,31.05246779099896,True,224,2224.138238193541,1560.4189020045033,1.4091947530709423,1107.3124552898105,1.0774736842105264,37.62606516290728,33.86345864661655,0.493338055936231,26.42998874980932,46.21051502943864,37.62606516290728,55.89980727421757,0.4351729935039395,0.7015835954836536,1.0962026786376884,1.9166141475131449,0.2916056482708671,0.3053102334398785,True,valid,57.61904761904762,53.00952380952381,7,10.785198495446355,41.11322511979263,1354.191004639517,1799.762433210942,-326.1989591151825,92,251.73427350647,226.56084615582304,0.9000000000000001,-90.0,True,7.144003294025051,0.9535389147972348,129,RefineV9Candidates2DCG_v11_exclude_source_002_010,accepted,3.0442701849809866,4.063904560201728,1.2807788453693172
139,core_confirmed,rescue_candidate_for_2dcg_refit,0.9366666666666666,True,18.1035381393826,4,849,0.1115070419119677,False,21.898991224495347,1,38,38,40,-103.51366207432052,2,11.391169821722526,41.75497437671948,889.9999999999976,2462.0000000000045,-99.3898602772675,37,420.0,420.0,1.0,-90.0,0.0,3.49999999999992,24.11049458723757,24.11049458723757,24.11049458723757,53.77006608468229,True,11.391169821722526,41.75497437671948,889.905290353794,2461.9052903538013,483.0,483.0,1.0,1.0,-90.0,0.0,18.253968253968672,18.253968253968672,36.97460047601272,26.159735358974977,3759.368182613706,7918.4846285379535,11333.978642655553,101.73209591717178,183.03958077711965,293.1709015576096,36.95360985852987,43.26105094274659,38.65997130833384,0.3316900711692964,0.6986500396900918,True,26.3410675743644,217.0,547.0,1048.0,898.0,19.490398214305863,16.70074198134224,26.11961588475273,0.190297951732525,36.745066277634905,0.1604805959750178,10.625450392882176,0.2489323846310306,42.68408230062672,0.2891667227539991,1048,1470,19.473877798790912,27.2938661709334,12.342816192634208,-0.3314837617124833,-0.3314837617112895,0.4687888315194011,0.0,1.15,"[{""iter"":1,""scan"":""position"",""reason"":""plateau_lite_2dcg_score_0.98"",""n_rows"":201},{""iter"":1,""scan"":""size"",""reason"":""plateau_lite_2dcg_score_0.95"",""n_rows"":45},{""iter"":2,""scan"":""position"",""reason"":""plateau_lite_2dcg_score_0.98"",""n_rows"":201},{""iter"":2,""scan"":""size"",""reason"":""plateau_lite_2dcg_score_0.95"",""n_rows"":47},{""iter"":3,""scan"":""position"",""reason"":""plateau_lite_2dcg_score_0.98"",""n_rows"":201},{""iter"":3,""scan"":""size"",""reason"":""plateau_lite_2dcg_score_0.95"",""n_rows"":47}]",0.9666666666666668,1.0,37.15380039161739,True,826,17471.117557762493,13612.520828357963,4.53747110577406,3000.023694043065,1.2476842105263155,79.71315789473684,77.05605263157895,0.2887248878133138,50.13222002076487,83.3308070677467,79.71315789473684,101.6832245300845,0.1499141489830618,0.7791442524127405,2.079269665720644,3.456204797717267,0.081003742829239,0.1168047475354999,True,valid,105.41666666666669,96.98333333333336,7,11.391292239376082,41.75488154877917,889.905290353794,2461.9052903538013,-103.51366207432052,38,533.314706298872,515.5375494222429,0.9666666666666668,-90.0,True,2.370768713937621,1.2697969197592192,130,RefineV9Candidates2DCG_v11_exclude_source_002_010,accepted,3.4771246847701693,-3.7954530851127473,0.8266836565116614
140,core_confirmed,rescue_candidate_for_2dcg_refit,0.9366666666666666,True,18.03631125275157,4,437,0.420338658496599,False,23.72443721530367,1,144,144,146,-540.6366525619385,2,10.016273730780387,40.353167281978415,1956.000000000001,1019.9999999999964,-536.5128507648855,143,300.0,300.0,1.0,-90.0,0.0,3.49999999999992,24.11049458723757,24.11049458723757,24.11049458723757,53.77006608468229,True,10.016273730780387,40.353167281978415,1955.048147496654,1019.04814749665,345.0,345.0,1.0,1.0,-90.0,0.0,13.038548752834766,13.038548752834766,40.30572797517919,33.72287541176441,1110.536406175118,2531.491626287836,3508.660416300074,70.46152462236734,130.6764887228186,210.44883411284448,15.76089095612031,19.372204219976027,16.67227300683785,0.3165129349696921,0.7214980436771152,True,11.892946858956575,107.0,279.0,533.0,444.0,9.912578481130751,8.257382449572333,33.8579760414391,0.2645065915886976,39.998989219324,0.2260099826972346,6.141013177884901,0.3479141406621386,17.65094447209742,0.1535292090560654,533,750,9.90535045303482,13.89688842400364,2.709935543893647,-3.3314837617137223,-3.3314837617125286,4.711429518640439,0.0,1.15,"[{""iter"":1,""scan"":""position"",""reason"":""plateau_lite_2dcg_score_0.98"",""n_rows"":176},{""iter"":1,""scan"":""size"",""reason"":""plateau_lite_2dcg_score_0.95"",""n_rows"":32},{""iter"":2,""scan"":""position"",""reason"":""plateau_lite_2dcg_score_0.98"",""n_rows"":177},{""iter"":2,""scan"":""size"",""reason"":""plateau_lite_2dcg_score_0.95"",""n_rows"":36},{""iter"":3,""scan"":""position"",""reason"":""plateau_lite_2dcg_score_0.98"",""n_rows"":188},{""iter"":3,""scan"":""size"",""reason"":""plateau_lite_2dcg_score_0.95"",""n_rows"":36}]",0.9666666666666668,1.0,39.11098363446101,True,430,4770.129316945891,,,,,,,,36.83294349546031,66.69888522966531,,73.56143364729988,0.2600466201511724,,1.5276726639592502,2.7663839490447897,0.2103953125576147,0.2600466201511724,False,no_break,75.29761904761905,69.27380952380953,7,10.017497245122698,40.35224889485188,1955.048147496654,1019.04814749665,-540.6366525619385,144,345.0,345.0,1.0,-90.0,False,0.0,1.15,131,RefineV9Candidates2DCG_v11_exclude_source_002_010,failed,,-5.6881259625521,0.7602419011700341
141,core_confirmed,rescue_candidate_for_2dcg_refit,0.9366666666666666,True,17.951840823598516,4,341,0.0905130090361667,False,10.370362732046594,-1,38,38,40,-103.51366207432052,2,11.360437963284548,41.68320789541652,912.9999999999984,2388.0000000000064,-107.63746387137348,39,319.0,223.3,0.7,-45.0,45.0,3.49999999999992,24.11049458723757,24.11049458723757,24.11049458723757,53.77006608468229,False,11.360437963284548,41.68320789541652,911.1910046395092,2387.04814749666,319.0,223.3,0.7,1.4285714285714286,-45.0,45.0,12.055933484505193,8.439153439153632,39.65823207102711,29.880604957501305,998.6264152424884,2207.957816035776,3138.6183034417827,53.62258918075763,98.91933002124104,158.09335991093278,18.62324125894398,22.320792261347293,19.852941990796,0.3181738965032489,0.7034808321912058,True,13.934250111772382,65.0,169.0,321.0,272.0,5.969864338542159,5.058576635774042,29.715598911703463,0.3330795743348194,39.50349990446493,0.2822172734046899,9.787900992761458,0.436564533885933,22.42028436354583,0.2477730078710107,321,450,5.964773159756991,8.354239888810808,5.555141294079139,-6.331483761712573,-3.3314837617121307,7.154472075519032,0.0,1.0,"[{""iter"":1,""scan"":""position"",""reason"":""plateau_lite_2dcg_score_0.98"",""n_rows"":182},{""iter"":1,""scan"":""pa"",""reason"":""plateau_lite_2dcg_score_0.98"",""n_rows"":37},{""iter"":1,""scan"":""size"",""reason"":""plateau_lite_2dcg_score_0.95"",""n_rows"":33},{""iter"":2,""scan"":""position"",""reason"":""plateau_lite_2dcg_score_0.98"",""n_rows"":201},{""iter"":2,""scan"":""pa"",""reason"":""plateau_lite_2dcg_score_0.98"",""n_rows"":37},{""iter"":2,""scan"":""size"",""reason"":""plateau_lite_2dcg_score_0.95"",""n_rows"":33},{""iter"":3,""scan"":""position"",""reason"":""plateau_lite_2dcg_score_0.98"",""n_rows"":201},{""iter"":3,""scan"":""pa"",""reason"":""plateau_lite_2dcg_score_0.98"",""n_rows"":37},{""iter"":3,""scan"":""size"",""reason"":""plateau_lite_2dcg_score_0.95"",""n_rows"":33}]",0.7,0.7,39.5400096184399,True,258,4581.665979646823,3735.20289398967,2.4376178479933395,1532.3168465740066,1.2322105263157894,51.99406850459483,36.395847953216375,0.4572481854120491,31.70353098908026,50.47630115658608,51.99406850459483,64.89438116171314,0.3239567682641573,0.8152499354127072,1.314926613154668,2.093540676818166,0.2303175718579422,0.2641057344038636,True,valid,69.62301587301589,64.05317460317463,7,11.36278316977374,41.68226878341096,911.1910046395092,2387.04814749666,-103.51366207432052,38,347.86228655535774,243.5036005887504,0.6999999999999998,-45.0,True,5.798468960270676,1.0904773873208706,132,RefineV9Candidates2DCG_v11_exclude_source_002_010,accepted,3.185348576322064,7.581478091551922,1.7310716401581177
142,core_confirmed,rescue_candidate_for_2dcg_refit,0.9366666666666666,True,17.53632060921065,4,342,0.3209783278129968,False,19.282726013677323,0,130,130,132,-482.9034274031965,2,10.449836790780164,40.882145706622346,1614.7142857142858,1562.2857142857133,-482.9034274031965,130,319.0,255.2,0.8,35.0,-55.0,3.49999999999992,24.11049458723757,24.11049458723757,24.11049458723757,53.77006608468229,False,10.449836790780164,40.882145706622346,1615.4767189252248,1561.3338617823665,421.8775,253.1265,0.6,1.6666666666666667,45.0,-45.0,15.943972033258111,9.566383219954869,21.612180167862046,13.072143120582547,1444.415294615689,2989.675033000433,4090.677745646879,60.69010365400375,107.71417543733271,175.5309929527466,23.79984886581093,27.7556321706218,23.30458955899657,0.3530992623784097,0.7308507829006855,True,16.46782402702581,99.0,244.0,479.0,407.0,8.908302237263845,7.569267245441305,13.016339838301032,0.2496446704247085,20.18255856853975,0.2069067887009295,7.166218730238718,0.3242420094342996,22.10145052685036,0.3550698840239862,479,676,8.897654633120762,12.51687676927484,7.847559475330624,2.6685162382863683,-3.3314837617137223,4.268461428730526,10.0,1.3224999999999998,"[{""iter"":1,""scan"":""position"",""reason"":""plateau_lite_2dcg_score_0.98"",""n_rows"":197},{""iter"":1,""scan"":""pa"",""reason"":""plateau_lite_2dcg_score_0.98"",""n_rows"":37},{""iter"":1,""scan"":""size"",""reason"":""plateau_lite_2dcg_score_0.95"",""n_rows"":34},{""iter"":2,""scan"":""position"",""reason"":""plateau_lite_2dcg_score_0.98"",""n_rows"":201},{""iter"":2,""scan"":""pa"",""reason"":""plateau_lite_2dcg_score_0.98"",""n_rows"":37},{""iter"":2,""scan"":""size"",""reason"":""plateau_lite_2dcg_score_0.95"",""n_rows"":36},{""iter"":3,""scan"":""position"",""reason"":""plateau_lite_2dcg_score_0.98"",""n_rows"":201},{""iter"":3,""scan"":""pa"",""reason"":""plateau_lite_2dcg_score_0.98"",""n_rows"":37},{""iter"":3,""scan"":""size"",""reason"":""plateau_lite_2dcg_score_0.95"",""n_rows"":34}]",0.55,0.6,21.503978697431293,True,378,5852.612809992124,4517.788683790168,2.588895954887029,1745.0638274056516,1.2167368421052631,67.89866363826232,37.34426500104428,0.331262157877344,41.626241947386056,71.29409217169794,67.89866363826232,88.53420439932222,0.2041228495410209,0.771926800979723,1.7264781440618022,2.956973442155604,0.1199187794917016,0.1575678982530655,True,valid,92.07643849206347,84.71032341269841,7,10.448859667662049,40.88121826750333,1615.4767189252248,1561.3338617823665,-482.9034274031965,130,454.2707479252515,249.8489113588884,0.55,45.0,True,2.824679038778516,1.4240462317406004,133,RefineV9Candidates2DCG_v11_exclude_source_002_010,accepted,3.2418113163285063,-1.746405404466671,0.9094316123546049
143,core_confirmed,rescue_candidate_for_2dcg_refit,0.9366666666666666,True,17.11104746792046,4,1160,0.1675184821624193,False,21.729675831501133,-1,146,146,148,-548.8842561560446,2,9.851073348308136,40.40264249330422,2085.000000000005,1071.9999999999989,-548.8842561560446,147,504.0,504.0,1.0,-90.0,0.0,3.49999999999992,24.11049458723757,24.11049458723757,24.11049458723757,53.77006608468229,True,9.851073348308136,40.40264249330422,2084.905290353802,1071.905290353795,504.0,504.0,1.0,1.0,-90.0,0.0,19.047619047619484,19.047619047619484,58.39013315893954,48.53799932023512,3899.441619140136,8304.202733013411,11182.171906929514,107.17695868447984,196.84154165807547,318.8763631344733,36.38320835936175,42.18724697573374,35.0674217336513,0.3487195199282958,0.7426287846520545,True,25.532316863184665,230.0,589.0,1135.0,961.0,21.108398829424768,17.872397599186964,48.46155264022522,0.1894927972160041,58.51650700892078,0.1595867715596888,10.054954368695562,0.2477407068965251,40.5866056275332,0.1718310760955484,1135,1614,21.07284143566432,29.94614783478196,6.974040120044673,-0.3314837617112895,-0.331483761713677,0.4687888315202451,0.0,1.0,"[{""iter"":1,""scan"":""position"",""reason"":""plateau_lite_2dcg_score_0.98"",""n_rows"":201},{""iter"":1,""scan"":""size"",""reason"":""plateau_lite_2dcg_score_0.95"",""n_rows"":48},{""iter"":2,""scan"":""position"",""reason"":""plateau_lite_2dcg_score_0.98"",""n_rows"":201},{""iter"":2,""scan"":""size"",""reason"":""plateau_lite_2dcg_score_0.95"",""n_rows"":48},{""iter"":3,""scan"":""position"",""reason"":""plateau_lite_2dcg_score_0.98"",""n_rows"":201},{""iter"":3,""scan"":""size"",""reason"":""plateau_lite_2dcg_score_0.95"",""n_rows"":48}]",1.0,1.0,58.35521033515099,True,911,17003.9730077322,11913.26254540432,4.195141726334796,2839.7759414466022,1.0465263157894735,69.76842105263157,69.76842105263157,0.2946901357600721,48.98627929771349,86.24642313888211,69.76842105263157,105.22879098489054,0.1531630107826647,0.7006164112344224,2.031740954979971,3.5771320586901187,0.0752835401664115,0.1073085189484097,True,valid,110.0,101.2,7,9.851195406919487,40.402551291938536,2084.905290353802,1071.905290353795,-548.8842561560446,146,466.78021502742376,466.78021502742376,1.0,-90.0,True,2.4052572448377454,0.9261512202925076,134,RefineV9Candidates2DCG_v11_exclude_source_002_010,accepted,3.4532840755287126,-4.618628363580672,0.7874506550675217
144,core_confirmed,rescue_candidate_for_2dcg_refit,0.9366666666666666,True,17.01571334126297,4,805,0.0788473854864486,False,16.60984109936314,0,142,142,144,-532.3890489678325,2,9.768904593377624,40.529392881954585,2147.999999999995,1203.000000000004,-532.3890489678325,142,420.0,420.0,1.0,-90.0,0.0,3.49999999999992,24.11049458723757,24.11049458723757,24.11049458723757,53.77006608468229,True,9.768904593377624,40.529392881954585,2147.0481474966487,1206.3338617823715,483.0,483.0,1.0,1.0,-90.0,0.0,18.253968253968672,18.253968253968672,38.39917307486591,28.0783452342601,3501.9125362576488,7618.149553583995,10826.548404795489,97.29673677618764,181.62674415157704,297.86655249402486,35.99208619209011,41.94398566780589,36.34697589959406,0.3234560457612251,0.7036545045334696,True,25.32813521112104,210.0,542.0,1049.0,882.0,19.508995922525624,16.40317864982612,27.752965155830413,0.188932306833562,36.78089534617995,0.1638310431274676,9.02793019034954,0.2500720441346561,36.101317208765145,0.2454516157200392,1049,1463,19.46170576408945,27.07355477607163,8.861126638513062,-3.3314837617121307,11.668516238286504,12.134786988559272,0.0,1.15,"[{""iter"":1,""scan"":""position"",""reason"":""plateau_lite_2dcg_score_0.98"",""n_rows"":201},{""iter"":1,""scan"":""size"",""reason"":""plateau_lite_2dcg_score_0.95"",""n_rows"":46},{""iter"":2,""scan"":""position"",""reason"":""plateau_lite_2dcg_score_0.98"",""n_rows"":201},{""iter"":2,""scan"":""size"",""reason"":""plateau_lite_2dcg_score_0.95"",""n_rows"":47},{""iter"":3,""scan"":""position"",""reason"":""plateau_lite_2dcg_score_0.98"",""n_rows"":201},{""iter"":3,""scan"":""size"",""reason"":""plateau_lite_2dcg_score_0.95"",""n_rows"":47}]",1.0,1.0,37.11818551604961,True,831,13421.42709485328,9964.310900705726,3.7398355344431553,2664.371416586737,1.015578947368421,64.88421052631578,64.88421052631578,0.3348247053980766,44.10529578665759,75.27704496353729,64.88421052631578,100.91951693225896,0.178743788275895,0.742418137079234,1.8292986743624864,3.1221692566764574,0.0981154096149472,0.132702630306275,True,valid,105.41666666666669,96.98333333333336,7,9.770077899170982,40.53264398028355,2147.0481474966487,1206.3338617823715,-532.3890489678325,142,434.1027829554979,434.1027829554979,1.0,-90.0,True,3.089198650281848,1.0335780546559474,135,RefineV9Candidates2DCG_v11_exclude_source_002_010,accepted,3.425594765892628,0.4058722418998286,1.024435648689944
145,core_confirmed,rescue_candidate_for_2dcg_refit,0.9366666666666666,True,17.001517448738888,4,568,0.1300915488975988,False,12.95209060096238,-1,106,106,108,-383.93218427392446,2,10.746642704858472,41.01820480664003,1384.0000000000025,1701.9999999999986,-388.0559860709775,107,360.0,342.0,0.95,-90.0,0.0,3.49999999999992,24.11049458723757,24.11049458723757,24.11049458723757,53.77006608468229,True,10.746642704858472,41.01820480664003,1379.6195760680844,1701.9052903537947,360.0,324.0,0.9,1.1111111111111112,-90.0,0.0,13.605442176871062,12.244897959183954,22.14379860499677,16.685749254103232,1017.381748523441,2092.4165213721244,2854.559810517323,49.16834703826995,89.72240695507683,145.65689264492218,20.691802954684785,23.32100299560373,19.597835424624083,0.3564058264868039,0.7330084707501442,True,13.845017361328708,106.0,270.0,523.0,446.0,9.726601398933177,8.294577866011847,16.61013391118973,0.1884609131135961,21.68535930050241,0.159476175143305,5.075225389312678,0.2468808745325335,20.5573858198719,0.2340392575001095,523,733,9.718688019427317,13.595387837747245,4.811235313426099,-15.331483761713107,-0.331483761713677,15.3350668671497,0.0,1.0,"[{""iter"":1,""scan"":""position"",""reason"":""plateau_lite_2dcg_score_0.98"",""n_rows"":167},{""iter"":1,""scan"":""size"",""reason"":""plateau_lite_2dcg_score_0.95"",""n_rows"":38},{""iter"":2,""scan"":""position"",""reason"":""plateau_lite_2dcg_score_0.98"",""n_rows"":201},{""iter"":2,""scan"":""size"",""reason"":""plateau_lite_2dcg_score_0.95"",""n_rows"":38},{""iter"":3,""scan"":""position"",""reason"":""plateau_lite_2dcg_score_0.98"",""n_rows"":201},{""iter"":3,""scan"":""size"",""reason"":""plateau_lite_2dcg_score_0.95"",""n_rows"":39}]",0.9,0.9,21.753464591715485,True,415,4060.93965251252,2827.9768658111434,1.801464584430582,1569.820961373508,0.9846315789473682,46.88721804511278,42.1984962406015,0.4170063372018379,33.61450930943525,62.3335620439905,46.88721804511278,75.67338951833406,0.304601931949958,0.696384853702877,1.394185805181634,2.5853290490766443,0.179647691938876,0.2121201718185851,True,valid,78.57142857142858,72.2857142857143,7,10.752287063255782,41.01810955618318,1379.6195760680844,1701.9052903537947,-383.93218427392446,106,313.6952992618992,282.32576933570925,0.8999999999999999,-90.0,True,5.032692207850111,0.8713758312830534,136,RefineV9Candidates2DCG_v11_exclude_source_002_010,accepted,3.1958501237968866,4.049426847776507,1.3126465813538721
146,core_confirmed,rescue_candidate_for_2dcg_refit,0.9366666666666666,True,16.907612277180124,4,759,0.3002418989265705,False,18.50374402641319,-1,147,147,149,-553.0080579530975,2,10.201787596733723,40.81303441736791,1807.999999999996,1492.0,-557.1318597501505,148,420.0,420.0,1.0,-90.0,0.0,3.49999999999992,24.11049458723757,24.11049458723757,24.11049458723757,53.77006608468229,True,10.201787596733723,40.81303441736791,1801.905290353792,1496.1910046395103,483.0,483.0,1.0,1.0,-90.0,0.0,18.253968253968672,18.253968253968672,29.71610878725982,22.22726591597646,2575.2842262157383,5463.081906084126,7885.751543461378,82.1736926704431,149.97272588966646,244.767601636698,31.339521719486232,36.42716949816105,32.21730118990988,0.3265743552814677,0.6927788525893825,True,21.84187981521118,213.0,541.0,1053.0,891.0,19.583386755404653,16.570558023803937,22.01174339672833,0.1564299155520306,29.43612255246976,0.1336112112268147,7.424379155741427,0.2057237814281857,36.08906614587549,0.2522200110597957,1053,1468,19.545967246717574,27.21683697488544,9.102384662450415,-21.3314837617132,14.668516238286548,25.888174290766624,0.0,1.15,"[{""iter"":1,""scan"":""position"",""reason"":""plateau_lite_2dcg_score_0.98"",""n_rows"":158},{""iter"":1,""scan"":""size"",""reason"":""plateau_lite_2dcg_score_0.95"",""n_rows"":46},{""iter"":2,""scan"":""position"",""reason"":""plateau_lite_2dcg_score_0.98"",""n_rows"":201},{""iter"":2,""scan"":""size"",""reason"":""plateau_lite_2dcg_score_0.95"",""n_rows"":47},{""iter"":3,""scan"":""position"",""reason"":""plateau_lite_2dcg_score_0.98"",""n_rows"":201},{""iter"":3,""scan"":""size"",""reason"":""plateau_lite_2dcg_score_0.95"",""n_rows"":47}]",1.0,1.0,29.30223428094577,True,831,12084.655361226924,8899.596253724088,3.4847496517476784,2553.8696156439087,1.1393684210526316,72.79298245614035,72.79298245614035,0.2998954909570104,49.49861667564246,84.45180254673392,72.79298245614035,101.97646779552376,0.1545797549546168,0.7364377375856365,2.052990514008103,3.502698886626608,0.0794502335698443,0.1138383650153201,True,valid,105.41666666666669,96.98333333333336,7,10.209587531899109,40.81714175462306,1801.905290353792,1496.1910046395103,-553.0080579530975,147,487.0158087386308,487.0158087386308,1.0,-90.0,True,2.342728231431121,1.1595614493776925,137,RefineV9Candidates2DCG_v11_exclude_source_002_010,accepted,3.4071987211764903,-1.5961317492330664,0.9137400654184004
147,core_confirmed,rescue_candidate_for_2dcg_refit,0.9366666666666666,True,16.507583168005638,4,510,0.1980566239821275,False,14.931326721425734,1,41,41,43,-115.8850674654795,2,11.299226502911065,42.10747330495413,963.1428571428532,2823.9999999999973,-111.76126566842647,40,360.0,342.0,0.95,-90.0,0.0,3.49999999999992,24.11049458723757,24.11049458723757,24.11049458723757,53.77006608468229,True,11.299226502911065,42.10747330495413,963.9052903537926,2822.1910046395083,414.0,372.6,0.9,1.1111111111111112,-90.0,0.0,15.64625850340172,14.081632653061549,18.156832137632712,13.41700743048952,1329.557049677575,2635.710204089891,3270.479047928802,54.21833314001847,98.7826554044858,158.76535720231894,24.52227821618941,26.68191286514253,20.59945006618253,0.4065328137538703,0.8059095213464489,True,15.69752236992646,140.0,359.0,690.0,589.0,12.83241867163268,10.95405014143717,13.392347163968685,0.1566192218258074,17.906869157710712,0.131311532120268,4.514521993742029,0.2043827270419241,22.088569122653823,0.2521111844835295,690,966,12.826237249694357,17.923097112163013,5.568775325058571,2.668516238287562,-6.33148376171138,6.870856244953702,0.0,1.15,"[{""iter"":1,""scan"":""position"",""reason"":""plateau_lite_2dcg_score_0.98"",""n_rows"":201},{""iter"":1,""scan"":""size"",""reason"":""plateau_lite_2dcg_score_0.95"",""n_rows"":40},{""iter"":2,""scan"":""position"",""reason"":""plateau_lite_2dcg_score_0.98"",""n_rows"":201},{""iter"":2,""scan"":""size"",""reason"":""plateau_lite_2dcg_score_0.95"",""n_rows"":40},{""iter"":3,""scan"":""position"",""reason"":""plateau_lite_2dcg_score_0.98"",""n_rows"":201},{""iter"":3,""scan"":""size"",""reason"":""plateau_lite_2dcg_score_0.95"",""n_rows"":45}]",0.9,0.9,18.228414043408065,True,551,5673.7297972155175,3366.9084290417577,1.9528380994577488,1724.1103755486226,0.969157894736842,53.072932330827065,47.76563909774436,0.3186162796820725,42.34368348760107,75.52733814408876,53.072932330827065,86.96372968283444,0.2253624495103652,0.5934206508554791,1.7562345448531314,3.1325503452785948,0.1009143558274448,0.1337347314668259,True,valid,90.35714285714286,83.12857142857143,7,11.298210330748605,42.10571965572127,963.9052903537926,2822.1910046395083,-115.8850674654795,41,355.0803413887056,319.57230724983503,0.9000000000000001,-90.0,True,2.981481023026135,0.9863342816352932,138,RefineV9Candidates2DCG_v11_exclude_source_002_010,accepted,3.2365650654082323,1.5762564465799045,1.1055670722359892
148,core_confirmed,rescue_candidate_for_2dcg_refit,0.9366666666666666,True,16.470813025910374,4,392,0.2569146689819814,False,4.632237236695539,-1,132,132,134,-491.15103099730254,2,10.147500540671304,40.51332591526109,1852.142857142856,1183.9999999999966,-491.15103099730254,133,319.0,287.1,0.9,-45.0,45.0,3.49999999999992,24.11049458723757,24.11049458723757,24.11049458723757,53.77006608468229,False,10.147500540671304,40.51332591526109,1851.1910046395087,1183.905290353793,366.85,293.48,0.8,1.25,-55.0,35.0,13.864323507180968,11.091458805744772,26.8154944104452,18.47168399117964,1415.4058129457871,3001.696552228108,4021.7166220860017,66.9596497581193,123.14477131985328,199.51960105640453,21.1381902094576,24.37534716298732,20.15700011824429,0.3519407123746173,0.7463719685628111,True,14.72062981398333,98.0,251.0,482.0,411.0,8.964095361923118,7.6436580783203345,18.66399779332962,0.2769491245148063,26.61244073616104,0.2376438622762665,7.948442942831413,0.3649320797725226,21.780609004793465,0.2986739555996851,482,677,8.905717362789119,12.389092011402592,6.5053006468317855,-3.3314837617137223,-0.331483761713677,3.3479345183026004,10.0,1.15,"[{""iter"":1,""scan"":""position"",""reason"":""plateau_lite_2dcg_score_0.98"",""n_rows"":193},{""iter"":1,""scan"":""pa"",""reason"":""plateau_lite_2dcg_score_0.98"",""n_rows"":37},{""iter"":1,""scan"":""size"",""reason"":""plateau_lite_2dcg_score_0.95"",""n_rows"":34},{""iter"":2,""scan"":""position"",""reason"":""plateau_lite_2dcg_score_0.98"",""n_rows"":199},{""iter"":2,""scan"":""pa"",""reason"":""plateau_lite_2dcg_score_0.98"",""n_rows"":37},{""iter"":2,""scan"":""size"",""reason"":""plateau_lite_2dcg_score_0.95"",""n_rows"":36},{""iter"":3,""scan"":""position"",""reason"":""plateau_lite_2dcg_score_0.98"",""n_rows"":199},{""iter"":3,""scan"":""pa"",""reason"":""plateau_lite_2dcg_score_0.98"",""n_rows"":37},{""iter"":3,""scan"":""size"",""reason"":""plateau_lite_2dcg_score_0.95"",""n_rows"":36}]",0.8,0.8,26.380653643873657,True,379,5274.755954936067,3689.112917496378,2.342189020802893,1575.0705364641171,0.9382105263157894,45.526789891395154,36.42143191311612,0.4132869355603677,32.716557895055864,64.09135779923815,45.526789891395154,77.43340067774976,0.3043671192701275,0.6993902559689309,1.356942628309821,2.6582348847030155,0.1827412402906279,0.2128713974548606,True,valid,80.06646825396825,73.66115079365079,7,10.148718523899795,40.51323954823438,1851.1910046395087,1183.905290353793,-491.15103099730254,132,304.59346011259936,243.6747680900795,0.8,-55.0,True,4.9922855084600775,0.9548384329548568,139,RefineV9Candidates2DCG_v11_exclude_source_002_010,accepted,3.197300007593045,11.838575789214836,3.5556928940150794
149,core_confirmed,rescue_candidate_for_2dcg_refit,0.9366666666666666,True,15.94619119527831,4,319,0.2729420121818117,False,3.678114314640312,-1,135,135,137,-503.52243638846153,2,10.380107216984015,40.82531344110822,1669.1428571428585,1503.9999999999948,-503.52243638846153,136,264.0,250.8,0.95,-40.0,50.0,3.49999999999992,24.11049458723757,24.11049458723757,24.11049458723757,53.77006608468229,True,10.380107216984015,40.82531344110822,1669.0481474966546,1503.048147496648,273.23999999999995,273.23999999999995,1.0,1.0,-40.0,50.0,10.326530612245133,10.326530612245133,23.86196841696345,17.929873434886183,683.2887528483012,1441.6075353508877,2010.980198924192,49.180890448271136,90.456911210026,146.13417715306807,13.893379046623606,15.936952921194855,13.76119014799524,0.3397789561597067,0.7168680905570828,True,9.628426428519054,69.0,177.0,339.0,280.0,6.304623086497794,5.207358301532102,17.849063286637154,0.288291192213204,23.737452010794684,0.2472387885568431,5.8883887241575295,0.3797878751023602,15.504414727748994,0.2480632176309304,339,472,6.302307820159776,8.756840950747936,3.846075004849802,-0.331483761713677,-3.3314837617137223,3.3479345183026004,0.0,1.035,"[{""iter"":1,""scan"":""position"",""reason"":""plateau_lite_2dcg_score_0.98"",""n_rows"":169},{""iter"":1,""scan"":""size"",""reason"":""plateau_lite_2dcg_score_0.95"",""n_rows"":27},{""iter"":2,""scan"":""position"",""reason"":""plateau_lite_2dcg_score_0.98"",""n_rows"":178},{""iter"":2,""scan"":""size"",""reason"":""plateau_lite_2dcg_score_0.95"",""n_rows"":31},{""iter"":3,""scan"":""position"",""reason"":""plateau_lite_2dcg_score_0.98"",""n_rows"":191},{""iter"":3,""scan"":""size"",""reason"":""plateau_lite_2dcg_score_0.95"",""n_rows"":28}]",1.0,1.0,24.114350257061886,True,270,2974.277650249468,2235.088523034949,2.066477006814411,1081.5937054535448,1.154842105263158,41.73929323308271,41.73929323308271,0.4995664164976011,27.26490951973206,45.84269651946872,41.73929323308271,57.416694841980885,0.4196301042767839,0.7514727224095844,1.1308316144690045,1.9013586118525607,0.296538363855057,0.3153405768658926,True,valid,59.63571428571428,54.86485714285714,7,10.380233150847983,40.82438832969648,1669.0481474966546,1503.048147496648,-503.52243638846153,135,279.2535071953755,279.2535071953755,1.0,-40.0,True,6.8943281007355885,1.0577784363461191,140,RefineV9Candidates2DCG_v11_exclude_source_002_010,accepted,3.034064151143099,12.268076880637999,4.335425664125317
150,core_confirmed,rescue_candidate_for_2dcg_refit,0.9366666666666666,True,15.096897181839584,4,407,0.1153462274611222,False,12.394883342753984,-2,32,32,34,-78.7708512920025,2,11.341248288293563,42.09752168692462,931.0000000000095,2813.999999999986,-82.89465308905551,34,319.0,287.1,0.9,45.0,-45.0,3.49999999999992,24.11049458723757,24.11049458723757,24.11049458723757,53.77006608468229,False,11.341248288293563,42.09752168692462,932.6195760680918,2819.04814749664,366.85,330.165,0.9,1.1111111111111112,45.0,-45.0,13.864323507180968,12.47789115646287,25.06903875122744,18.56163327677164,1309.030224974364,2666.439130647936,3533.5211726294983,83.1527710873542,152.2555172664033,246.15262559168764,15.742472654329138,17.51292287150708,14.355000943564267,0.3704605579029936,0.754612467388637,True,10.389109229763584,110.0,282.0,543.0,462.0,10.098555563328324,8.592141197527967,18.50589882543576,0.3060682282536106,24.792540552018345,0.260254754283955,6.286641726582584,0.401759004222315,15.6477929816449,0.2535698878213911,543,762,10.088761867429495,14.124384181635651,3.967809111008049,5.668516238287607,17.66851623828898,18.555552872561133,0.0,1.15,"[{""iter"":1,""scan"":""position"",""reason"":""plateau_lite_2dcg_score_0.98"",""n_rows"":201},{""iter"":1,""scan"":""pa"",""reason"":""plateau_lite_2dcg_score_0.98"",""n_rows"":37},{""iter"":1,""scan"":""size"",""reason"":""plateau_lite_2dcg_score_0.95"",""n_rows"":35},{""iter"":2,""scan"":""position"",""reason"":""plateau_lite_2dcg_score_0.98"",""n_rows"":201},{""iter"":2,""scan"":""pa"",""reason"":""plateau_lite_2dcg_score_0.98"",""n_rows"":37},{""iter"":2,""scan"":""size"",""reason"":""plateau_lite_2dcg_score_0.95"",""n_rows"":40},{""iter"":3,""scan"":""position"",""reason"":""plateau_lite_2dcg_score_0.98"",""n_rows"":201},{""iter"":3,""scan"":""pa"",""reason"":""plateau_lite_2dcg_score_0.98"",""n_rows"":37},{""iter"":3,""scan"":""size"",""reason"":""plateau_lite_2dcg_score_0.95"",""n_rows"":40}]",0.9,0.9,25.13873615489368,True,433,5304.530986972641,3821.104506590612,3.290201784459612,1161.3587119910326,1.0619999999999998,51.53369047619047,46.38032142857143,0.4157560558741963,34.57035069417641,61.93683955288271,51.53369047619047,77.00567535643769,0.2949946001889664,0.720347287248361,1.4338300099607064,2.568874700134429,0.177462730095227,0.2124985599990367,True,valid,80.06646825396825,73.66115079365079,7,11.33917685282341,42.102441864365694,932.6195760680918,2819.04814749664,-78.7708512920025,32,344.78216302883595,310.3039467259524,0.9,45.0,True,4.179610786502783,1.0808218276766015,141,RefineV9Candidates2DCG_v11_exclude_source_002_010,accepted,3.0649663821646733,2.7020138390856,1.217994293642561
151,core_confirmed,rescue_candidate_for_2dcg_refit,0.9366666666666666,True,14.309520518119598,4,238,0.1274725133464299,False,23.653985899883786,1,127,127,129,-470.5320220120375,2,10.3987311578403,40.72021795131699,1654.9999999999975,1395.8571428571463,-466.40822021498445,126,264.0,211.2,0.8,85.0,-5.0,3.49999999999992,24.11049458723757,24.11049458723757,24.11049458723757,53.77006608468229,False,10.3987311578403,40.72021795131699,1654.9052903537936,1395.7624332109424,264.0,211.2,0.8,1.25,85.0,-5.0,9.977324263038778,7.981859410431023,20.38969205464688,15.481137656982746,424.0272306754004,894.6548927689928,1217.3214906207045,38.827653104519776,71.90511080036424,115.71191196826634,10.920753555049172,12.442159991282022,10.520278076077004,0.3483280579062081,0.7349372369272918,True,7.546520915488096,50.0,130.0,248.0,211.0,4.612231638499861,3.9241164343688335,15.346470289403984,0.3137693419923185,19.884951254391165,0.2675707081333871,4.538480964987182,0.4123654736096304,11.005967413468705,0.2282369670876088,248,351,4.604387770803506,6.492008211875573,2.511968622315152,-0.331483761713677,-0.331483761713677,0.4687888315219333,0.0,1.0,"[{""iter"":1,""scan"":""position"",""reason"":""plateau_lite_2dcg_score_0.98"",""n_rows"":182},{""iter"":1,""scan"":""pa"",""reason"":""plateau_lite_2dcg_score_0.98"",""n_rows"":37},{""iter"":1,""scan"":""size"",""reason"":""plateau_lite_2dcg_score_0.95"",""n_rows"":24},{""iter"":2,""scan"":""position"",""reason"":""plateau_lite_2dcg_score_0.98"",""n_rows"":187},{""iter"":2,""scan"":""pa"",""reason"":""plateau_lite_2dcg_score_0.98"",""n_rows"":37},{""iter"":2,""scan"":""size"",""reason"":""plateau_lite_2dcg_score_0.95"",""n_rows"":24},{""iter"":3,""scan"":""position"",""reason"":""plateau_lite_2dcg_score_0.98"",""n_rows"":190},{""iter"":3,""scan"":""pa"",""reason"":""plateau_lite_2dcg_score_0.98"",""n_rows"":37},{""iter"":3,""scan"":""size"",""reason"":""plateau_lite_2dcg_score_0.95"",""n_rows"":24}]",0.8,0.8,20.4423680028572,True,198,1692.5540714986844,1243.4686710017197,1.525849353299132,814.9354117515862,1.0465263157894735,36.5453634085213,29.23629072681704,0.5435318195449887,24.52227168924997,42.74652678223524,36.5453634085213,54.55935866079858,0.4859211144769724,0.7346699830397035,1.0170787496922755,1.772942758497467,0.3539816720308873,0.3569916569314312,True,valid,57.61904761904762,53.00952380952381,7,10.398853044984062,40.72012617194335,1654.9052903537936,1395.7624332109424,-470.5320220120375,127,244.503922157222,195.6031377257776,0.7999999999999999,85.0,True,7.539670024226318,0.9261512202925076,142,RefineV9Candidates2DCG_v11_exclude_source_002_010,accepted,2.9111231898057115,-9.344465381764188,0.604951764945032
152,core_confirmed,rescue_candidate_for_2dcg_refit,0.9366666666666666,True,14.305053093060868,4,531,0.332476106853916,False,16.419814344051055,-2,148,148,150,-557.1318597501505,2,10.025761489260232,40.70520686136858,1945.857142857136,1382.0000000000027,-561.2556615472035,150,382.8,306.24,0.8,-15.0,75.0,3.49999999999992,24.11049458723757,24.11049458723757,24.11049458723757,53.77006608468229,False,10.025761489260232,40.70520686136858,1946.619576068075,1387.0481474966562,440.22,308.15399999999994,0.7,1.4285714285714286,-15.0,75.0,16.63718820861716,11.646031746032012,19.35627981100746,13.447697557176904,1295.0838187044255,2686.9691742394225,3616.0523393443,67.66736515321627,123.59485065768516,200.00079032122187,19.13897217324812,21.740138524714062,18.08019025093125,0.3581485269483858,0.743067002931338,True,13.00505602885483,123.0,316.0,612.0,517.0,11.381797430491591,9.61501514961463,13.390343787453173,0.2213436121727946,19.49704978003033,0.1870475712316552,6.106705992577158,0.28979266476804,21.072672758867704,0.3132117967320314,612,848,11.357633062750484,15.686561338451163,6.600209696751087,2.6685162382863683,17.668516238286593,17.868896020084595,0.0,1.15,"[{""iter"":1,""scan"":""position"",""reason"":""plateau_lite_2dcg_score_0.98"",""n_rows"":178},{""iter"":1,""scan"":""pa"",""reason"":""plateau_lite_2dcg_score_0.98"",""n_rows"":37},{""iter"":1,""scan"":""size"",""reason"":""plateau_lite_2dcg_score_0.95"",""n_rows"":43},{""iter"":2,""scan"":""position"",""reason"":""plateau_lite_2dcg_score_0.98"",""n_rows"":201},{""iter"":2,""scan"":""pa"",""reason"":""plateau_lite_2dcg_score_0.98"",""n_rows"":37},{""iter"":2,""scan"":""size"",""reason"":""plateau_lite_2dcg_score_0.95"",""n_rows"":47},{""iter"":3,""scan"":""position"",""reason"":""plateau_lite_2dcg_score_0.98"",""n_rows"":201},{""iter"":3,""scan"":""pa"",""reason"":""plateau_lite_2dcg_score_0.98"",""n_rows"":37},{""iter"":3,""scan"":""size"",""reason"":""plateau_lite_2dcg_score_0.95"",""n_rows"":47}]",0.7,0.7,18.898937347603763,True,483,5182.42538598025,3718.2062205795096,2.626603105976937,1415.594998771831,1.0465263157894735,60.93939348370927,42.65757543859649,0.3544992681232597,41.17877492731494,72.26579601986681,60.93939348370927,91.68817496136865,0.2140539181267875,0.7174644965730105,1.707919129502724,2.99727555394568,0.1175140909484896,0.153576086608316,True,valid,96.07976190476192,88.39338095238097,7,10.02473502221187,40.71010924973661,1946.619576068075,1387.0481474966562,-557.1318597501505,148,407.7102901971677,285.39720313801735,0.7,-15.0,True,2.8550126341989963,1.0650739033363836,143,RefineV9Candidates2DCG_v11_exclude_source_002_010,accepted,3.15093901962694,-2.1147612509901865,0.8712067501691108
153,core_confirmed,rescue_candidate_for_2dcg_refit,0.9366666666666666,True,14.149642289133702,4,277,0.0760275285747209,False,6.761170282297982,-2,133,133,135,-495.2748327943555,2,10.140390566403784,40.91484749267144,1855.1428571428764,1596.9999999999966,-499.3986345914085,135,264.0,264.0,1.0,-45.0,45.0,3.49999999999992,24.11049458723757,24.11049458723757,24.11049458723757,53.77006608468229,True,10.140390566403784,40.91484749267144,1855.0481474966723,1596.905290353793,264.0,264.0,1.0,1.0,-45.0,45.0,9.977324263038778,9.977324263038778,22.827790779812744,17.723956172851047,585.6498577276568,1171.7565977067884,1587.2925627650884,49.88430643111734,89.65631295028771,142.12971947030096,11.740162380253809,13.069426559583144,11.16791455496234,0.3689615080835795,0.738210853622076,True,7.833669222008413,66.0,165.0,311.0,271.0,5.783887256344585,5.039978927554284,17.63154710842885,0.3120054760764846,22.636168498297053,0.261490524464065,5.004621389868202,0.4070930010282731,12.293557927124924,0.2210895978374037,311,438,5.776176904307827,8.106974545574166,2.717977778098876,-0.331483761713677,-0.331483761713677,0.4687888315219333,0.0,1.0,"[{""iter"":1,""scan"":""position"",""reason"":""plateau_lite_2dcg_score_0.98"",""n_rows"":201},{""iter"":1,""scan"":""size"",""reason"":""plateau_lite_2dcg_score_0.95"",""n_rows"":26},{""iter"":2,""scan"":""position"",""reason"":""plateau_lite_2dcg_score_0.98"",""n_rows"":201},{""iter"":2,""scan"":""size"",""reason"":""plateau_lite_2dcg_score_0.95"",""n_rows"":26},{""iter"":3,""scan"":""position"",""reason"":""plateau_lite_2dcg_score_0.98"",""n_rows"":201},{""iter"":3,""scan"":""size"",""reason"":""plateau_lite_2dcg_score_0.95"",""n_rows"":26}]",1.0,1.0,22.854788692802217,True,245,2037.374906564819,1595.483422970933,1.8057992308335409,883.5331169315382,1.0001052631578946,34.92431077694236,34.92431077694236,0.6032252046754029,22.503450637382564,35.898229191348584,34.92431077694236,54.01179444444735,0.531618654423391,0.7831074280094322,0.9333467032772664,1.4889047199533858,0.4163145171473368,0.4163145171473368,True,valid,57.61904761904762,53.00952380952381,7,10.140513173610271,40.914755990913456,1855.0481474966723,1596.905290353793,-495.2748327943555,133,233.65839513335007,233.65839513335007,1.0,-45.0,True,9.532155261321156,0.885069678535417,144,RefineV9Candidates2DCG_v11_exclude_source_002_010,accepted,2.9462228325423596,7.38847200683572,2.0927800511370247
154,core_confirmed,rescue_candidate_for_2dcg_refit,0.9366666666666666,True,13.318445456600251,4,271,0.2616581608565744,False,5.803196841004753,-1,34,34,36,-87.01845488610851,2,11.38535995808204,41.802651819298426,894.8571428571443,2511.000000000012,-87.01845488610851,35,264.0,237.6,0.9,15.0,-75.0,3.49999999999992,24.11049458723757,24.11049458723757,24.11049458723757,53.77006608468229,False,11.38535995808204,41.802651819298426,894.7624332109407,2510.048147496665,264.0,237.6,0.9,1.1111111111111112,10.0,-80.0,9.977324263038778,8.979591836734901,54.08234747913551,45.55729514087133,830.7099894794496,1808.373848771398,2361.439497699176,73.80053426421658,137.91606485612945,215.04028757465653,11.25615143252741,13.112133460723722,10.981381788188612,0.35178118697889,0.7657930048740836,True,8.330681247890062,57.0,151.0,277.0,239.0,5.151565176872829,4.444852264522044,45.26882222996188,0.5275395370224486,52.40441794030686,0.4435630032486674,7.13559571034498,0.6892358819539481,10.352908049586643,0.1361640104174621,277,392,5.144079756775812,7.268622231991917,1.409693479514943,-0.3314837617124833,-3.3314837617121307,3.347934518300898,5.0,1.0,"[{""iter"":1,""scan"":""position"",""reason"":""plateau_lite_2dcg_score_0.98"",""n_rows"":187},{""iter"":1,""scan"":""pa"",""reason"":""plateau_lite_2dcg_score_0.98"",""n_rows"":37},{""iter"":1,""scan"":""size"",""reason"":""plateau_lite_2dcg_score_0.95"",""n_rows"":25},{""iter"":2,""scan"":""position"",""reason"":""plateau_lite_2dcg_score_0.98"",""n_rows"":200},{""iter"":2,""scan"":""pa"",""reason"":""plateau_lite_2dcg_score_0.98"",""n_rows"":37},{""iter"":2,""scan"":""size"",""reason"":""plateau_lite_2dcg_score_0.95"",""n_rows"":24},{""iter"":3,""scan"":""position"",""reason"":""plateau_lite_2dcg_score_0.98"",""n_rows"":201},{""iter"":3,""scan"":""pa"",""reason"":""plateau_lite_2dcg_score_0.98"",""n_rows"":37},{""iter"":3,""scan"":""size"",""reason"":""plateau_lite_2dcg_score_0.95"",""n_rows"":25}]",0.9,0.9,53.92423227237634,True,224,3219.747345617502,2328.109032933828,2.704607034563365,860.7938244565279,0.9846315789473682,34.38395989974937,30.945563909774435,0.5471442445894819,24.206655333249927,43.42064898065613,34.38395989974937,55.4062859036835,0.4962509938407546,0.7230719628056186,1.003988335687782,1.800902458618166,0.3581117558486929,0.3588251801606734,True,valid,57.61904761904762,53.00952380952381,7,11.385473361050495,41.80172565477896,894.7624332109407,2510.048147496665,-87.01845488610851,34,230.04321945872607,207.03889751285345,0.8999999999999999,10.0,True,7.966229173106199,0.8713758312830533,145,RefineV9Candidates2DCG_v11_exclude_source_002_010,accepted,2.934899142599645,7.515248615595499,2.295018732174235
155,core_confirmed,rescue_candidate_for_2dcg_refit,0.9366666666666666,True,11.079633665179133,4,293,0.1297645058922651,False,11.970396962436055,0,33,33,35,-82.89465308905551,2,11.367783556500031,41.761919920978734,907.999999999988,2469.0000000000155,-78.7708512920025,33,319.0,255.2,0.8,-45.0,45.0,3.49999999999992,24.11049458723757,24.11049458723757,24.11049458723757,53.77006608468229,False,11.367783556500031,41.761919920978734,907.9052903537844,2468.905290353812,319.0,255.2,0.8,1.25,-35.0,55.0,12.055933484505193,9.644746787604154,49.15342778483628,40.62470662640598,1113.4830587133297,2327.94440014041,3112.983222827057,85.49914044927489,155.92167249861026,252.1711677935756,13.023324595572271,14.930216966221671,12.34472303104576,0.3576900288277556,0.7478178433696427,True,8.970241686559271,74.0,189.0,365.0,311.0,6.78816350021149,5.783887256344585,40.60178892450588,0.4680066672999402,48.39727560997009,0.3938230546407177,7.795486685464205,0.6116590872403864,12.744822807480864,0.1610728411303031,365,517,6.784337084728926,9.602678357435448,2.0528448193032287,-0.3314837617124833,-0.3314837617128812,0.4687888315205265,10.0,1.0,"[{""iter"":1,""scan"":""position"",""reason"":""plateau_lite_2dcg_score_0.98"",""n_rows"":192},{""iter"":1,""scan"":""pa"",""reason"":""plateau_lite_2dcg_score_0.98"",""n_rows"":37},{""iter"":1,""scan"":""size"",""reason"":""plateau_lite_2dcg_score_0.95"",""n_rows"":31},{""iter"":2,""scan"":""position"",""reason"":""plateau_lite_2dcg_score_0.98"",""n_rows"":200},{""iter"":2,""scan"":""pa"",""reason"":""plateau_lite_2dcg_score_0.98"",""n_rows"":37},{""iter"":2,""scan"":""size"",""reason"":""plateau_lite_2dcg_score_0.95"",""n_rows"":31},{""iter"":3,""scan"":""position"",""reason"":""plateau_lite_2dcg_score_0.98"",""n_rows"":196},{""iter"":3,""scan"":""pa"",""reason"":""plateau_lite_2dcg_score_0.98"",""n_rows"":37},{""iter"":3,""scan"":""size"",""reason"":""plateau_lite_2dcg_score_0.95"",""n_rows"":31}]",0.7333333333333334,0.8,49.04441444912501,True,289,4202.187320206325,2998.960710784504,2.98942556013796,1003.189626386316,0.9846315789473684,41.54728487886383,30.468008911166816,0.4377680880550499,29.725973517749207,53.657021206816175,41.54728487886383,67.23292788510835,0.3719759340670058,0.7136665936722822,1.2329060032424253,2.225463314851222,0.2390810902006355,0.2654667977936655,True,valid,69.62301587301589,64.05317460317463,7,11.367906020750826,41.76182711753461,907.9052903537844,2468.905290353812,-82.89465308905551,33,277.968890179294,203.84385279814904,0.7333333333333336,-35.0,True,5.157633273386983,0.8713758312830534,146,RefineV9Candidates2DCG_v11_exclude_source_002_010,accepted,3.001383032630906,-0.8907632972569228,0.9255861522343661
156,core_confirmed,rescue_candidate_for_2dcg_refit,0.9364425770308122,True,21.840906986810584,4,921,0.2085013186987363,False,41.95038952366411,-2,100,100,102,-359.1893734916065,2,10.776040911345683,41.111519247078974,1361.285714285716,1798.0000000000025,-367.4369770857125,102,432.0,432.0,1.0,-90.0,0.0,3.49999999999992,24.11049458723757,24.11049458723757,24.11049458723757,53.77006608468229,True,10.776040911345683,41.111519247078974,1350.905290353798,1803.048147496656,496.8,496.8,1.0,1.0,-90.0,0.0,18.775510204082064,18.775510204082064,28.42270939266292,17.548875044799818,3691.107818842129,8250.501636417388,12004.713120040862,70.77848939661796,127.79411995604436,202.64498965643187,52.15013558933772,64.56088620709,59.24011810207535,0.3074715557075774,0.6872718701327287,True,40.60738798833909,223.0,577.0,1104.0,949.0,20.531869874612287,17.649225100549874,18.04852979568978,0.1262394079952484,28.39275009736853,0.1045020604603563,10.344220301678751,0.1638812642477802,63.12021297345384,0.3643261137510404,1104,1543,20.45560722821608,28.58282289014518,22.996341891756444,-36.33148376171263,17.668516238286593,40.39991557404774,0.0,1.15,"[{""iter"":1,""scan"":""position"",""reason"":""plateau_lite_2dcg_score_0.98"",""n_rows"":127},{""iter"":1,""scan"":""size"",""reason"":""plateau_lite_2dcg_score_0.95"",""n_rows"":46},{""iter"":2,""scan"":""position"",""reason"":""plateau_lite_2dcg_score_0.98"",""n_rows"":201},{""iter"":2,""scan"":""size"",""reason"":""plateau_lite_2dcg_score_0.95"",""n_rows"":47},{""iter"":3,""scan"":""position"",""reason"":""plateau_lite_2dcg_score_0.98"",""n_rows"":201},{""iter"":3,""scan"":""size"",""reason"":""plateau_lite_2dcg_score_0.95"",""n_rows"":47}]",1.0,1.0,25.130283952722174,True,876,12645.489828689835,9710.37409948377,2.870359798576444,3382.981500890457,1.108421052631579,72.83909774436091,72.83909774436091,0.3159014207103455,47.52909665272726,78.2319187901916,72.83909774436091,104.61215485051932,0.1586214477521448,0.7678922865805535,1.9713032630150136,3.24472476112548,0.0867531981858355,0.1218041862151122,True,valid,108.42857142857144,99.75428571428571,7,10.78944356100006,41.11641580307983,1350.905290353798,1803.048147496656,-359.1893734916065,100,487.3243395012148,487.3243395012148,1.0,-90.0,True,2.9144949017088218,1.1280656006972565,147,RefineV9Candidates2DCG_v11_exclude_source_002_010,accepted,3.529299622948146,-20.109482536853523,0.5206365717889266
157,core_confirmed,rescue_candidate_for_2dcg_refit,0.9362189054726368,True,19.43881376651968,4,842,0.1115070419120754,False,36.61791634594384,0,41,41,43,-115.8850674654795,2,11.186097325483662,41.86396118991436,1048.0000000000005,2573.0000000000064,-115.8850674654795,41,420.0,420.0,1.0,-90.0,0.0,3.49999999999992,24.11049458723757,24.11049458723757,24.11049458723757,53.77006608468229,True,11.186097325483662,41.86396118991436,1047.0481474966537,2573.762433210946,420.0,420.0,1.0,1.0,-90.0,0.0,15.873015873016238,15.873015873016238,17.742483183460788,9.233797931575277,1977.3952588716047,4445.481240676662,6704.843978485782,57.07224537758942,103.30115834587195,164.9354534144211,34.6472308175222,43.034185790950616,40.65132049953516,0.2949203986277066,0.6630253075151538,True,26.812973497771324,161.0,412.0,788.0,670.0,14.654994077168915,12.460464507237528,9.349129638330266,0.1424922419223903,17.666562493630252,0.1192191312093303,8.317432855299986,0.1857881596183581,44.76836883677339,0.4708008622672842,788,1102,14.609385969585432,20.36982590514723,21.076986650652728,-3.3314837617137223,2.66851623828796,4.268461428731521,0.0,1.0,"[{""iter"":1,""scan"":""position"",""reason"":""plateau_lite_2dcg_score_0.98"",""n_rows"":201},{""iter"":1,""scan"":""size"",""reason"":""plateau_lite_2dcg_score_0.95"",""n_rows"":45},{""iter"":2,""scan"":""position"",""reason"":""plateau_lite_2dcg_score_0.98"",""n_rows"":201},{""iter"":2,""scan"":""size"",""reason"":""plateau_lite_2dcg_score_0.95"",""n_rows"":45},{""iter"":3,""scan"":""position"",""reason"":""plateau_lite_2dcg_score_0.98"",""n_rows"":201},{""iter"":3,""scan"":""size"",""reason"":""plateau_lite_2dcg_score_0.95"",""n_rows"":45}]",1.0,1.0,16.666462285207974,True,633,9292.419255120009,6904.340706773875,2.5438327895946067,2714.148797442844,1.2167368421052631,67.59649122807018,67.59649122807018,0.3171750589417096,44.46779731694738,75.4475124247663,67.59649122807018,88.70460399663698,0.1776969626121384,0.7430078774125124,1.84433368448964,3.129239516500959,0.0972195650036413,0.1320302430130955,True,valid,91.66666666666669,84.33333333333334,7,11.187345769681874,41.86469712428841,1047.0481474966537,2573.762433210946,-115.8850674654795,41,452.2490868287729,452.2490868287729,1.0,-90.0,True,2.9362691371342646,1.076783540068507,148,RefineV9Candidates2DCG_v11_exclude_source_002_010,accepted,3.4336336532488976,-17.17910257942416,0.5308552672105527
158,core_confirmed,rescue_candidate_for_2dcg_refit,0.935694098088113,True,21.9182319314244,4,315,0.1013700381023708,False,14.04199765240466,0,89,89,91,-313.82755372402346,2,10.321064586832945,41.31403914444778,1712.9999999999986,2006.8571428571377,-313.82755372402346,89,264.0,264.0,1.0,45.0,-45.0,3.49999999999992,24.11049458723757,24.11049458723757,24.11049458723757,53.77006608468229,True,10.321064586832945,41.31403914444778,1713.7624332109376,2005.9052903537909,264.0,264.0,1.0,1.0,45.0,-45.0,9.977324263038778,9.977324263038778,37.274045947242925,29.142140290856744,867.9197456111742,1810.527116813042,2520.8907534797163,33.641331158728775,60.69202021570872,97.085052763959,25.79920935696918,29.83138657072465,25.965796811263097,0.3442908997199262,0.7182092735727947,True,18.10108274896172,65.0,163.0,310.0,266.0,5.7652895481248265,4.9469903864554965,29.21978279798213,0.2123055155463171,37.196787816040654,0.1795127770987482,7.977005018058524,0.2780260222948427,28.69157696900408,0.214454136671945,310,438,5.762556331251159,8.13653116864925,6.153027368644433,2.6685162382863683,-3.3314837617137223,4.268461428730526,0.0,1.0,"[{""iter"":1,""scan"":""position"",""reason"":""plateau_lite_2dcg_score_0.98"",""n_rows"":172},{""iter"":1,""scan"":""size"",""reason"":""plateau_lite_2dcg_score_0.95"",""n_rows"":25},{""iter"":2,""scan"":""position"",""reason"":""plateau_lite_2dcg_score_0.98"",""n_rows"":199},{""iter"":2,""scan"":""size"",""reason"":""plateau_lite_2dcg_score_0.95"",""n_rows"":25},{""iter"":3,""scan"":""position"",""reason"":""plateau_lite_2dcg_score_0.98"",""n_rows"":198},{""iter"":3,""scan"":""size"",""reason"":""plateau_lite_2dcg_score_0.95"",""n_rows"":26}]",1.0,1.0,37.31927405514343,True,252,3500.463498017946,2687.400955155874,1.308837881457145,2053.272596422681,1.0619999999999998,37.08571428571428,37.08571428571428,0.5570439453586508,24.544980430906342,39.80471525820553,37.08571428571428,54.840068754992,0.4818119542911293,0.7677271757518827,1.0180206109873315,1.650929022388259,0.3666115976135408,0.3699001309114239,True,valid,57.61904761904762,53.00952380952381,7,10.320082873063686,41.31311063211781,1713.7624332109376,2005.9052903537909,-313.82755372402346,89,248.119097831846,248.119097831846,1.0,45.0,True,12.161589346647986,0.9398450675448712,149,RefineV9Candidates2DCG_v11_exclude_source_002_010,accepted,3.312446610969792,7.876234279019741,1.5609055402221175
159,core_confirmed,rescue_candidate_for_2dcg_refit,0.9353126469205452,True,17.030984679536978,4,505,0.1271100566426099,False,16.13787558094243,-1,33,33,35,-82.89465308905551,2,11.288384389908297,41.91223072451347,970.0000000000084,2623.1428571428305,-82.89465308905551,34,360.0,342.0,0.95,85.0,-5.0,3.49999999999992,24.11049458723757,24.11049458723757,24.11049458723757,53.77006608468229,True,11.288384389908297,41.91223072451347,968.1910046395192,2621.333861782341,414.0,372.6,0.9,1.1111111111111112,85.0,-5.0,15.64625850340172,14.081632653061549,29.660431488566047,20.82294867976773,1993.9408275700264,4298.119599391392,6124.375586497234,116.6041058743014,211.8736009718752,339.8560248198121,17.100091052706873,20.286244155362883,18.02050026844252,0.3255745503208822,0.7018053577360124,True,12.470965002884997,139.0,359.0,693.0,584.0,12.888211796291952,10.861061600338385,21.098830915609906,0.3353166719822816,29.209496434845143,0.2783072383199521,8.11066551923524,0.4357662095786589,18.61242414155384,0.2776722131217473,693,959,12.873322538710209,17.81484416407147,5.168153002945893,-6.331483761712573,-6.331483761712971,8.954070205759225,0.0,1.15,"[{""iter"":1,""scan"":""position"",""reason"":""plateau_lite_2dcg_score_0.98"",""n_rows"":176},{""iter"":1,""scan"":""size"",""reason"":""plateau_lite_2dcg_score_0.95"",""n_rows"":39},{""iter"":2,""scan"":""position"",""reason"":""plateau_lite_2dcg_score_0.98"",""n_rows"":201},{""iter"":2,""scan"":""size"",""reason"":""plateau_lite_2dcg_score_0.95"",""n_rows"":41},{""iter"":3,""scan"":""position"",""reason"":""plateau_lite_2dcg_score_0.98"",""n_rows"":201},{""iter"":3,""scan"":""size"",""reason"":""plateau_lite_2dcg_score_0.95"",""n_rows"":42}]",0.9,0.9,30.289198491752387,True,557,9690.341536096916,6913.579687713791,5.102720905366454,1354.8810166048634,1.1857894736842105,64.93609022556392,58.44248120300752,0.3281169256855165,43.18314225951239,76.14919482449096,64.93609022556392,88.00354833961308,0.1986452689880335,0.7134505695140284,1.7910516975612167,3.158342295673979,0.1058980722428708,0.1417235802907799,True,valid,90.35714285714286,83.12857142857143,7,11.290731076967363,41.91045966612976,968.1910046395192,2621.333861782341,-82.89465308905551,33,434.44988006340486,391.0048920570644,0.8999999999999999,85.0,True,2.399150204567104,1.2068052223983468,150,RefineV9Candidates2DCG_v11_exclude_source_002_010,accepted,3.1319011578666354,0.8931090985945467,1.0553424206374002
160,core_confirmed,rescue_candidate_for_2dcg_refit,0.935126742712294,True,17.37828947745582,4,447,0.2061088350266198,False,6.965204824113646,1,130,130,132,-482.9034274031965,2,10.32580232613762,40.65084187218102,1712.1428571428578,1324.7142857142744,-478.7796256061435,129,319.0,287.1,0.9,-45.0,45.0,3.49999999999992,24.11049458723757,24.11049458723757,24.11049458723757,53.77006608468229,False,10.32580232613762,40.65084187218102,1707.7624332109397,1323.7624332109276,414.7,331.76,0.8,1.25,-45.0,45.0,15.672713529856749,12.538170823885396,29.805298257709712,19.10224388816536,2216.01106840418,4712.554055681904,6593.081491639321,71.31383309221597,129.67612588175376,210.91937806957893,31.07407037760338,36.34095346107953,31.25877551878789,0.3361115847292804,0.7147726084772179,True,21.890792370966707,126.0,318.0,616.0,525.0,11.456188263370624,9.763796815372691,19.172689996019912,0.2306051588337045,28.936093146233954,0.1962732998274683,9.763403150214042,0.3028232941929689,32.24125533748564,0.3374126251554714,616,872,11.444922982749372,16.164947553171555,10.878606601728883,-15.331483761713107,-3.3314837617137223,15.689269530167262,0.0,1.3,"[{""iter"":1,""scan"":""position"",""reason"":""plateau_lite_2dcg_score_0.98"",""n_rows"":175},{""iter"":1,""scan"":""pa"",""reason"":""plateau_lite_2dcg_score_0.98"",""n_rows"":37},{""iter"":1,""scan"":""size"",""reason"":""plateau_lite_2dcg_score_0.95"",""n_rows"":35},{""iter"":2,""scan"":""position"",""reason"":""plateau_lite_2dcg_score_0.98"",""n_rows"":201},{""iter"":2,""scan"":""pa"",""reason"":""plateau_lite_2dcg_score_0.98"",""n_rows"":37},{""iter"":2,""scan"":""size"",""reason"":""plateau_lite_2dcg_score_0.95"",""n_rows"":46},{""iter"":3,""scan"":""position"",""reason"":""plateau_lite_2dcg_score_0.98"",""n_rows"":201},{""iter"":3,""scan"":""pa"",""reason"":""plateau_lite_2dcg_score_0.98"",""n_rows"":37},{""iter"":3,""scan"":""size"",""reason"":""plateau_lite_2dcg_score_0.95"",""n_rows"":45}]",0.8,0.8,28.858439451628044,True,501,9275.738746051458,6479.082782147974,2.808238675533375,2307.169557415695,1.0619999999999998,58.25547619047619,46.60438095238096,0.3484902917846803,40.200422164278514,72.60495714727713,58.25547619047619,87.62514764912602,0.2168365008440861,0.6984977649253028,1.6673412492150963,3.011342504176964,0.1172965298185587,0.1514598111938176,True,valid,90.50992063492065,83.269126984127,7,10.331420504911362,40.6499338773712,1707.7624332109397,1323.7624332109276,-482.9034274031965,130,389.753749510858,311.8029996086865,0.8000000000000002,-45.0,True,3.629633968703869,1.2217985878083324,151,RefineV9Candidates2DCG_v11_exclude_source_002_010,accepted,3.3630795126589597,10.413084653342175,2.4950148511486576
161,core_confirmed,rescue_candidate_for_2dcg_refit,0.9348747591522156,True,18.33396324370048,4,366,0.1660545058482443,False,15.198005780990767,0,60,60,62,-194.2373016094865,2,10.807260203758428,41.7356629565777,1338.000000000004,2439.999999999969,-194.2373016094865,60,319.0,287.1,0.9,45.0,-45.0,3.49999999999992,24.11049458723757,24.11049458723757,24.11049458723757,53.77006608468229,False,10.807260203758428,41.7356629565777,1338.762433210943,2439.905290353766,319.0,255.2,0.8,1.25,35.0,-55.0,12.055933484505193,9.644746787604154,34.74190174613452,26.578694900190385,992.7516599255168,2139.5614387292726,2995.8969124615,38.71253268442627,72.5488936298592,116.57525039873892,25.64419300638763,29.49130347383666,25.699253505475703,0.3313704339412162,0.7141639052497832,True,18.096572119863527,72.0,192.0,367.0,310.0,6.8253589166510045,5.7652895481248265,26.60362163959092,0.2146063786467734,34.35145049024573,0.1816380737926092,7.7478288506548125,0.2811552731267398,27.557117334101104,0.2255459009759965,367,514,6.820266311800024,9.528452800989726,6.215394857421086,2.6685162382863683,-0.3314837617112895,2.6890259199710767,10.0,1.0,"[{""iter"":1,""scan"":""position"",""reason"":""plateau_lite_2dcg_score_0.98"",""n_rows"":201},{""iter"":1,""scan"":""pa"",""reason"":""plateau_lite_2dcg_score_0.98"",""n_rows"":37},{""iter"":1,""scan"":""size"",""reason"":""plateau_lite_2dcg_score_0.95"",""n_rows"":33},{""iter"":2,""scan"":""position"",""reason"":""plateau_lite_2dcg_score_0.98"",""n_rows"":201},{""iter"":2,""scan"":""pa"",""reason"":""plateau_lite_2dcg_score_0.98"",""n_rows"":37},{""iter"":2,""scan"":""size"",""reason"":""plateau_lite_2dcg_score_0.95"",""n_rows"":33},{""iter"":3,""scan"":""position"",""reason"":""plateau_lite_2dcg_score_0.98"",""n_rows"":201},{""iter"":3,""scan"":""pa"",""reason"":""plateau_lite_2dcg_score_0.98"",""n_rows"":37},{""iter"":3,""scan"":""size"",""reason"":""plateau_lite_2dcg_score_0.95"",""n_rows"":33}]",0.8,0.8,33.171882173960284,True,288,3100.005564369644,2513.914550028408,1.4653017455699449,1715.6292604091543,1.0001052631578946,42.20020885547201,33.76016708437761,0.5597819704098894,26.81889633662933,41.40695248286962,42.20020885547201,65.14093952634799,0.4343000620636277,0.8109387218276133,1.1123328988375625,1.717382956747291,0.333933922206719,0.3521907372195313,True,valid,69.62301587301589,64.05317460317463,7,10.80626668879794,41.735571915663954,1338.762433210943,2439.905290353766,-194.2373016094865,60,282.337227452798,225.8697819622384,0.8,35.0,True,10.06979247062813,0.885069678535417,152,RefineV9Candidates2DCG_v11_exclude_source_002_010,accepted,3.234423444611724,3.1359574627097135,1.2063400624989944
162,core_confirmed,rescue_candidate_for_2dcg_refit,0.9344278606965174,True,22.43210715506945,4,927,0.2787676047801379,False,19.45001012307385,-1,57,57,59,-181.86589621832752,2,11.107953085211136,42.08887419076152,1108.9999999999984,2803.999999999998,-181.86589621832752,58,420.0,420.0,1.0,-90.0,0.0,3.49999999999992,24.11049458723757,24.11049458723757,24.11049458723757,53.77006608468229,True,11.107953085211136,42.08887419076152,1109.7624332109374,2806.4767189252234,483.0,483.0,1.0,1.0,-90.0,0.0,18.253968253968672,18.253968253968672,18.17948345312917,9.216159241722984,3019.123545361502,6479.685797658884,9348.747152496646,78.37989861208287,139.36037041156754,219.7428032560813,38.519105010631904,46.49589964867832,42.54404246223213,0.3229441866502106,0.6931073963133595,True,29.01765503470437,212.0,543.0,1043.0,889.0,19.39740967320708,16.533362607364424,9.66502009928071,0.1427499739624781,18.708327761876262,0.1167247242126208,9.043307662595552,0.1843968988589575,49.04262337683155,0.4833840724676611,1043,1469,19.07146677772456,26.75392198689124,23.706423012390555,2.6685162382863683,8.668516238288051,9.069958802963862,0.0,1.15,"[{""iter"":1,""scan"":""position"",""reason"":""plateau_lite_2dcg_score_0.98"",""n_rows"":201},{""iter"":1,""scan"":""size"",""reason"":""plateau_lite_2dcg_score_0.95"",""n_rows"":46},{""iter"":2,""scan"":""position"",""reason"":""plateau_lite_2dcg_score_0.98"",""n_rows"":201},{""iter"":2,""scan"":""size"",""reason"":""plateau_lite_2dcg_score_0.95"",""n_rows"":46},{""iter"":3,""scan"":""position"",""reason"":""plateau_lite_2dcg_score_0.98"",""n_rows"":201},{""iter"":3,""scan"":""size"",""reason"":""plateau_lite_2dcg_score_0.95"",""n_rows"":46}]",1.0,1.0,18.53893474377611,True,838,14349.618675804988,10468.834274022223,3.2015534664995475,3269.923299287716,1.1393684210526316,72.79298245614035,72.79298245614035,0.2985464902696016,49.02842728619813,85.2366297651539,72.79298245614035,102.1972380551207,0.1553332536210331,0.7295548760242538,2.03348907293467,3.535250156596633,0.0794696832518525,0.1133241325879367,True,valid,105.41666666666669,96.98333333333336,7,11.106970256928356,42.091285937412486,1109.7624332109374,2806.4767189252234,-181.86589621832752,57,487.0158087386308,487.0158087386308,1.0,-90.0,True,2.651827023300454,1.1595614493776925,153,RefineV9Candidates2DCG_v11_exclude_source_002_010,accepted,3.5145375657835967,2.9820970319956004,1.1533211043657963
163,core_confirmed,rescue_candidate_for_2dcg_refit,0.9327562189054726,True,23.489609485558685,4,882,0.4494992563227895,False,18.664918383975643,0,66,66,68,-218.98011239180448,2,11.186159492067164,41.37005311326005,1045.0000000000014,2065.000000000003,-218.98011239180448,66,420.0,420.0,1.0,-90.0,0.0,3.49999999999992,24.11049458723757,24.11049458723757,24.11049458723757,53.77006608468229,True,11.186159492067164,41.37005311326005,1044.0481474966546,2064.9052903538,420.0,420.0,1.0,1.0,-90.0,0.0,15.873015873016238,15.873015873016238,28.52020391582456,20.20407412466744,2134.2109417242405,4652.116750403631,6553.110275431809,65.2761364564435,119.5463281231314,190.23767747244835,32.69511735193343,38.91476069103521,34.44696320149766,0.3256790824542639,0.7099097306274288,True,24.23998446379728,160.0,415.0,788.0,677.0,14.654994077168915,12.590648464775832,20.37514484119717,0.1644694174512512,29.428053811952648,0.1380226659818763,9.052908970755482,0.2147101432198734,42.16339682417739,0.3076285312173279,788,1112,14.63737733764497,20.60434459165391,12.970663836155042,-3.3314837617137223,-0.3314837617112895,3.347934518302364,0.0,1.0,"[{""iter"":1,""scan"":""position"",""reason"":""plateau_lite_2dcg_score_0.98"",""n_rows"":201},{""iter"":1,""scan"":""size"",""reason"":""plateau_lite_2dcg_score_0.95"",""n_rows"":45},{""iter"":2,""scan"":""position"",""reason"":""plateau_lite_2dcg_score_0.98"",""n_rows"":201},{""iter"":2,""scan"":""size"",""reason"":""plateau_lite_2dcg_score_0.95"",""n_rows"":45},{""iter"":3,""scan"":""position"",""reason"":""plateau_lite_2dcg_score_0.98"",""n_rows"":201},{""iter"":3,""scan"":""size"",""reason"":""plateau_lite_2dcg_score_0.95"",""n_rows"":46}]",1.0,1.0,28.80708145673814,True,640,10057.432381860854,7909.434153253708,2.891817577905784,2735.1082632887296,1.2012631578947368,66.73684210526316,66.73684210526316,0.3514921031155751,42.02002093292027,68.48925702393984,66.73684210526316,87.25852787271353,0.1988517899030613,0.7864267790175571,1.7428104090059915,2.8406408991789536,0.1184575443574134,0.1563823726353405,True,valid,91.66666666666669,84.33333333333334,7,11.187391918841412,41.36995568791514,1044.0481474966546,2064.9052903538,-218.98011239180448,66,446.4976709827802,446.4976709827802,1.0,-90.0,True,3.655378369478308,1.0630896928161433,154,RefineV9Candidates2DCG_v11_exclude_source_002_010,accepted,3.4369745216085064,4.824691101583042,1.2584898043660975
164,core_confirmed,rescue_candidate_for_2dcg_refit,0.9176166666666666,True,43.02136995887899,4,572,0.2541001194938884,False,14.955361295826098,1,30,30,32,-70.5232476978965,2,11.44986145006922,41.83641574278652,845.7142857142882,2546.1428571428605,-66.3994459008435,29,382.8,363.66,0.95,-45.0,45.0,3.49999999999992,24.11049458723757,24.11049458723757,24.11049458723757,53.77006608468229,True,11.44986145006922,41.83641574278652,845.6195760680846,2540.9052903537995,440.22,440.22,1.0,1.0,-45.0,45.0,16.63718820861716,16.63718820861716,45.65857501914586,32.66477009316161,4027.004041877762,8309.46243857676,11291.616480680314,61.53114378113076,112.89425525544496,182.8920680002844,65.44659816827084,73.6039439719497,61.739235627554685,0.3566366293761278,0.735896623197755,True,43.86038488036597,177.0,452.0,869.0,741.0,16.16140844296927,13.780901790840312,32.17268007242312,0.141470321894876,45.47216237993156,0.1215503606056965,13.29948230750844,0.1865163321010111,71.30465282957566,0.2924752554406333,869,1218,16.138459970655898,22.58322998660949,20.85484655043582,-0.3314837617124833,-18.33148376171315,18.334480586867794,0.0,1.15,"[{""iter"":1,""scan"":""position"",""reason"":""plateau_lite_2dcg_score_0.98"",""n_rows"":201},{""iter"":1,""scan"":""size"",""reason"":""plateau_lite_2dcg_score_0.95"",""n_rows"":44},{""iter"":2,""scan"":""position"",""reason"":""plateau_lite_2dcg_score_0.98"",""n_rows"":201},{""iter"":2,""scan"":""size"",""reason"":""plateau_lite_2dcg_score_0.95"",""n_rows"":46},{""iter"":3,""scan"":""position"",""reason"":""plateau_lite_2dcg_score_0.98"",""n_rows"":201},{""iter"":3,""scan"":""size"",""reason"":""plateau_lite_2dcg_score_0.95"",""n_rows"":46}]",1.0,1.0,44.910404563558735,True,694,15502.292214141931,11083.498171849602,2.397805721561289,4622.350373170674,1.0465263157894735,60.93939348370927,60.93939348370927,0.3546588111525567,41.54397979960031,73.97507596379427,60.93939348370927,91.9359680252518,0.2153511567104986,0.7149586666763192,1.723066262671808,3.068169161612784,0.1172943665750581,0.1539671758689411,True,valid,96.07976190476192,88.39338095238097,7,11.449924160437732,41.83132280521117,845.6195760680846,2540.9052903537995,-70.5232476978965,30,407.7102901971677,407.7102901971677,1.0,-45.0,True,5.1926540990040095,1.0650739033363836,155,RefineV9Candidates2DCG_v11_exclude_source_002_010,accepted,3.664862861819733,28.066008663052894,2.8766519984298777
165,core_confirmed,rescue_candidate_for_2dcg_refit,0.9170435172723194,True,15.72510760264847,4,551,0.1713406883681802,False,10.413212051469248,-1,128,128,130,-474.6558238090905,2,9.854288592356417,40.73228930324588,2079.285714285728,1410.999999999991,-474.6558238090905,129,360.0,360.0,1.0,-90.0,0.0,3.49999999999992,24.11049458723757,24.11049458723757,24.11049458723757,53.77006608468229,True,9.854288592356417,40.73228930324588,2076.619576068096,1409.1910046395012,538.1999999999999,538.1999999999999,1.0,1.0,-90.0,0.0,20.34013605442223,20.34013605442223,17.81298516710893,10.707096291943248,3448.518474089453,7333.029155733153,9209.231982214722,128.7885688027533,215.43968025414875,332.25430221958817,26.77658821856345,34.037504823078855,27.71741982178549,0.3744631996185333,0.796269349050499,True,21.62311745470022,261.0,673.0,1296.0,1106.0,24.102629852805727,20.5690652910518,12.111764130064817,0.1745178246424626,17.84785435036303,0.1392728021635982,5.736090220298214,0.223278714929207,25.69026887366718,0.32138822447201,1296,1821,22.520351570165342,33.75687326567745,8.25654989951644,-9.33148376171222,-6.331483761713767,11.276713875058814,0.0,1.495,"[{""iter"":1,""scan"":""position"",""reason"":""plateau_lite_2dcg_score_0.98"",""n_rows"":201},{""iter"":1,""scan"":""size"",""reason"":""plateau_lite_2dcg_score_0.95"",""n_rows"":40},{""iter"":2,""scan"":""position"",""reason"":""plateau_lite_2dcg_score_0.98"",""n_rows"":201},{""iter"":2,""scan"":""size"",""reason"":""plateau_lite_2dcg_score_0.95"",""n_rows"":47},{""iter"":3,""scan"":""position"",""reason"":""plateau_lite_2dcg_score_0.98"",""n_rows"":201},{""iter"":3,""scan"":""size"",""reason"":""plateau_lite_2dcg_score_0.95"",""n_rows"":47}]",0.9333333333333332,1.0,17.8038369228193,True,1035,15483.696504812113,,,,,,,,56.45742386747811,95.73031077735308,,113.31448227327336,0.1220687311783873,,2.3416120172567,3.970483078685001,0.0797713535699722,0.1220687311783873,False,no_break,117.46428571428572,108.06714285714284,7,9.857731187189222,40.73055529233952,2076.619576068096,1409.1910046395012,-474.6558238090905,128,538.1999999999999,538.1999999999999,1.0,-90.0,False,0.0,1.495,156,RefineV9Candidates2DCG_v11_exclude_source_002_010,failed,,5.311895551179221,1.5101111477346456
166,core_confirmed,rescue_candidate_for_2dcg_refit,0.916955895787127,True,8.826337618079116,4,607,0.1305888572960695,False,4.700153706288477,0,26,26,28,-54.0280405096845,2,11.309714959000582,41.95573366046364,954.0000000000056,2667.999999999992,-54.0280405096845,26,420.0,399.0,0.95,-45.0,45.0,3.49999999999992,24.11049458723757,24.11049458723757,24.11049458723757,53.77006608468229,True,11.309714959000582,41.95573366046364,953.905290353802,2667.9052903537886,420.0,378.0,0.9,1.1111111111111112,-45.0,45.0,15.873015873016238,14.285714285714612,36.06765151312251,25.05439357308765,2753.8209285376097,5705.528033946953,7852.4529112448545,181.5156902209152,326.6320588410624,527.8381308727619,15.171255582291804,17.46775271904108,14.876630641028337,0.3506956309911885,0.726591817669678,True,10.456225872806264,144.0,366.0,713.0,600.0,13.260165960687102,11.158624931854504,25.1974531242018,0.504070794372072,36.27645356512328,0.4225344010844161,11.079000440921485,0.6577405916002584,16.84402723871228,0.305404728194627,713,987,13.250537604250708,18.308812740649493,5.144245560541818,-0.3314837617124833,-0.3314837617112895,0.4687888315194011,0.0,1.0,"[{""iter"":1,""scan"":""position"",""reason"":""plateau_lite_2dcg_score_0.98"",""n_rows"":201},{""iter"":1,""scan"":""size"",""reason"":""plateau_lite_2dcg_score_0.95"",""n_rows"":45},{""iter"":2,""scan"":""position"",""reason"":""plateau_lite_2dcg_score_0.98"",""n_rows"":201},{""iter"":2,""scan"":""size"",""reason"":""plateau_lite_2dcg_score_0.95"",""n_rows"":45},{""iter"":3,""scan"":""position"",""reason"":""plateau_lite_2dcg_score_0.98"",""n_rows"":201},{""iter"":3,""scan"":""size"",""reason"":""plateau_lite_2dcg_score_0.95"",""n_rows"":45}]",0.9,0.9,35.4654520879662,True,576,10179.007257874477,7738.134674640505,6.894246332994359,1122.404727200924,1.0310526315789472,57.280701754385966,51.55263157894737,0.3986292230861767,37.63042709435401,62.93145281647386,57.280701754385966,86.39042630191231,0.2465035217303244,0.7602052418868537,1.5607488663576794,2.610126996307468,0.1499986927361423,0.1873932693629626,True,valid,91.66666666666669,84.33333333333334,7,11.30983787492359,41.95564091489036,953.905290353802,2667.9052903537886,-54.0280405096845,26,383.2320966768605,344.90888700917446,0.9,-45.0,True,3.2920544145156216,0.912457373040144,157,RefineV9Candidates2DCG_v11_exclude_source_002_010,accepted,3.0501494871302044,4.126183911790639,1.8778827607850554
167,core_confirmed,rescue_candidate_for_2dcg_refit,0.8799999999999999,True,16.81182667289668,5,718,0.0665526905097523,True,11.440884547716628,0,126,126,128,-466.40822021498445,2,10.258021144733997,40.5721309346792,1765.4285714285695,1244.000000000005,-466.40822021498445,126,382.8,382.8,1.0,-70.0,20.0,3.49999999999992,24.11049458723757,24.11049458723757,24.11049458723757,53.77006608468229,True,10.258021144733997,40.5721309346792,1761.9052903537945,1239.619576068087,506.25299999999993,506.25299999999993,1.0,1.0,-70.0,20.0,19.132766439909734,19.132766439909734,29.021824238411018,16.68430888311115,4332.953055173678,9781.93844013994,14200.480173950144,108.58668628706866,195.8014463551088,313.70154533760007,39.90317048370671,49.95845854171707,45.26748556073525,0.3051272211993364,0.6888456108747836,True,30.9626118889458,232.0,594.0,1151.0,974.0,21.405962160940888,18.11416780604381,16.78010772888695,0.1877738331528383,29.13878736672252,0.1517281967668962,12.358679637835571,0.2414134588440419,51.19300181942024,0.4241315701404102,1151,1611,21.31288792552944,29.70957753717624,21.712568241871583,-12.33148376171306,-15.331483761712311,19.675362413461187,0.0,1.3224999999999998,"[{""iter"":1,""scan"":""position"",""reason"":""plateau_lite_2dcg_score_0.98"",""n_rows"":191},{""iter"":1,""scan"":""size"",""reason"":""plateau_lite_2dcg_score_0.95"",""n_rows"":42},{""iter"":2,""scan"":""position"",""reason"":""plateau_lite_2dcg_score_0.98"",""n_rows"":201},{""iter"":2,""scan"":""size"",""reason"":""plateau_lite_2dcg_score_0.95"",""n_rows"":47},{""iter"":3,""scan"":""position"",""reason"":""plateau_lite_2dcg_score_0.98"",""n_rows"":201},{""iter"":3,""scan"":""size"",""reason"":""plateau_lite_2dcg_score_0.95"",""n_rows"":48}]",1.0,1.0,28.69470497449436,True,917,20623.554362862345,15933.221712971572,4.617227722518535,3450.8199877740835,1.154842105263158,77.33363496240602,77.33363496240602,0.2913987213887493,50.2153267047762,81.8294980244969,77.33363496240602,105.67295912372003,0.1369958247287682,0.7725739914969826,2.0827165748543672,3.3939369318376307,0.0733385515327267,0.1058394111291255,True,valid,110.4917261904762,101.6523880952381,7,10.262557604362232,40.56788866342238,1761.9052903537945,1239.619576068087,-466.40822021498445,126,517.3946924980986,517.3946924980986,1.0,-70.0,True,2.3450716987645595,1.3516057797755971,158,RefineV9Candidates2DCG_v11_exclude_source_002_010,accepted,3.537922304885389,5.370942125180051,1.4694516497198622
168,core_confirmed,rescue_candidate_for_2dcg_refit,0.8798272552783107,True,18.362230131252783,5,468,0.0886757016865238,True,7.847461580648252,0,147,147,149,-553.0080579530975,2,9.989661447883922,40.58262124727551,1975.000000000004,1256.142857142857,-553.0080579530975,147,319.0,287.1,0.9,45.0,-45.0,3.49999999999992,24.11049458723757,24.11049458723757,24.11049458723757,53.77006608468229,False,9.989661447883922,40.58262124727551,1973.1910046395144,1256.0481474966532,366.85,330.165,0.9,1.1111111111111112,45.0,-45.0,13.864323507180968,12.47789115646287,33.07819920688805,24.122320605930096,1661.050731548266,3516.0956711675617,4863.042080320169,64.62866017484015,120.9913375118336,196.34744958308,25.701457016973883,29.06072239116845,24.76753372985618,0.3415661851395921,0.7230239041929228,True,17.506150443733105,107.0,282.0,543.0,464.0,10.098555563328324,8.629336613967483,24.17632688908097,0.2432430577877029,33.32445634661033,0.2090761084039767,9.148129457529365,0.3207491297996975,28.521135702666506,0.2745169902362079,543,756,10.083759265174688,14.01433179115102,7.82953633121446,-6.331483761712971,-0.331483761713677,6.340155211752697,0.0,1.15,"[{""iter"":1,""scan"":""position"",""reason"":""plateau_lite_2dcg_score_0.98"",""n_rows"":201},{""iter"":1,""scan"":""pa"",""reason"":""plateau_lite_2dcg_score_0.98"",""n_rows"":37},{""iter"":1,""scan"":""size"",""reason"":""plateau_lite_2dcg_score_0.95"",""n_rows"":35},{""iter"":2,""scan"":""position"",""reason"":""plateau_lite_2dcg_score_0.98"",""n_rows"":201},{""iter"":2,""scan"":""pa"",""reason"":""plateau_lite_2dcg_score_0.98"",""n_rows"":37},{""iter"":2,""scan"":""size"",""reason"":""plateau_lite_2dcg_score_0.95"",""n_rows"":41},{""iter"":3,""scan"":""position"",""reason"":""plateau_lite_2dcg_score_0.98"",""n_rows"":201},{""iter"":3,""scan"":""pa"",""reason"":""plateau_lite_2dcg_score_0.98"",""n_rows"":37},{""iter"":3,""scan"":""size"",""reason"":""plateau_lite_2dcg_score_0.95"",""n_rows"":42}]",0.9,0.9,33.22540179333874,True,438,6641.613539037353,5227.781450859455,2.6538539166063586,1969.8829005420653,1.0774736842105264,52.2845530492899,47.056097744360905,0.452658892410321,33.17298169291382,53.71007217926253,52.2845530492899,75.56417338071394,0.3088923821091552,0.7871252098804259,1.3758731316309578,2.2276636418604587,0.2072821120447746,0.2431369810981335,True,valid,80.06646825396825,73.66115079365079,7,9.991978183821022,40.58254321676533,1973.1910046395144,1256.0481474966532,-553.0080579530975,147,349.8057508933656,314.825175804029,0.8999999999999999,45.0,True,6.205809779956757,1.09656975201682,159,RefineV9Candidates2DCG_v11_exclude_source_002_010,accepted,3.294440410344365,10.514768550604531,2.339894237460662
169,core_confirmed,rescue_candidate_for_2dcg_refit,0.8733333333333333,True,31.689952476804056,3,1746,0.4688731607478273,False,22.77800546284795,0,29,29,31,-66.3994459008435,2,11.25818248700894,41.83293238909766,992.5714285714342,2541.428571428565,-66.3994459008435,29,604.8,604.8,1.0,-90.0,0.0,3.49999999999992,24.11049458723757,24.11049458723757,24.11049458723757,53.77006608468229,True,11.25818248700894,41.83293238909766,995.0481474966592,2537.9052903537904,604.8,604.8,1.0,1.0,-90.0,0.0,22.85714285714338,22.85714285714338,37.00323506579595,27.22877452355237,5593.63654883719,11307.029040130528,16010.566368194974,127.60427296422712,230.02552801649827,365.8416473924042,43.835809090854845,49.15553998562954,43.76365152057696,0.3493715600185738,0.7062229267911451,True,29.52522118884473,335.0,855.0,1638.0,1386.0,30.4630460639628,25.776423592583903,27.238214792956622,0.1540799097067532,36.05427639571761,0.1248173150056579,8.816061602760982,0.1982926642628588,44.45984744586576,0.244521939810949,1638,2296,30.411385340574004,42.59661470400035,10.871408141161965,8.668516238287255,-12.33148376171147,15.073442391796355,0.0,1.0,"[{""iter"":1,""scan"":""position"",""reason"":""plateau_lite_2dcg_score_0.98"",""n_rows"":201},{""iter"":1,""scan"":""size"",""reason"":""plateau_lite_2dcg_score_0.95"",""n_rows"":46},{""iter"":2,""scan"":""position"",""reason"":""plateau_lite_2dcg_score_0.98"",""n_rows"":201},{""iter"":2,""scan"":""size"",""reason"":""plateau_lite_2dcg_score_0.95"",""n_rows"":46},{""iter"":3,""scan"":""position"",""reason"":""plateau_lite_2dcg_score_0.98"",""n_rows"":201},{""iter"":3,""scan"":""size"",""reason"":""plateau_lite_2dcg_score_0.95"",""n_rows"":46}]",1.0,1.0,37.29530959574103,True,1303,23575.2162869218,17104.97726847437,5.049185050326665,3387.6709009442493,1.0774736842105264,86.1978947368421,86.1978947368421,0.2570022137419746,59.49258670827148,105.34152018780976,86.1978947368421,127.49325920552673,0.1124157286377679,0.7255491131151677,2.467497565967093,4.369114860197445,0.0519236876670016,0.0815631322133278,True,valid,132.0,121.44,7,11.254920249164051,41.82952273736642,995.0481474966592,2537.9052903537904,-66.3994459008435,29,576.7003356693675,576.7003356693675,1.0,-90.0,False,1.681568451620088,0.9535389147972348,160,RefineV9Candidates2DCG_v11_exclude_source_002_010,failed,3.5299012136875847,8.911947013956105,1.3912522994382424
170,core_confirmed,rescue_candidate_for_2dcg_refit,0.8733333333333333,True,30.038937202592702,3,466,0.1073635814368996,False,23.84539748270741,-1,101,101,103,-363.3131752886595,2,10.763461577028462,41.0747227721449,1370.999999999999,1760.1428571428544,-363.3131752886595,102,319.0,287.1,0.9,-45.0,45.0,3.49999999999992,24.11049458723757,24.11049458723757,24.11049458723757,53.77006608468229,False,10.763461577028462,41.0747227721449,1370.9052903537952,1759.1910046395076,319.0,287.1,0.9,1.1111111111111112,-45.0,45.0,12.055933484505193,10.85034013605467,42.92423202021268,32.17566480946901,1438.5219488497237,3109.023798683773,4428.409690826387,42.21294931920351,77.6789667625094,124.92545948466538,34.077740884011426,40.02401072338023,35.44841627234499,0.3248394004352566,0.7020632723129094,True,24.57115284509749,84.0,216.0,412.0,353.0,7.662255786540093,6.564991001574399,32.27107120231806,0.2044677943677815,43.46860348176653,0.1751465724088991,11.197532279448469,0.2692274145777342,41.591352414876,0.2576004606208574,412,575,7.64995623084123,10.649042648963784,10.713951539916469,-0.331483761713677,-3.3314837617137223,3.3479345183026004,0.0,1.0,"[{""iter"":1,""scan"":""position"",""reason"":""plateau_lite_2dcg_score_0.98"",""n_rows"":201},{""iter"":1,""scan"":""pa"",""reason"":""plateau_lite_2dcg_score_0.98"",""n_rows"":37},{""iter"":1,""scan"":""size"",""reason"":""plateau_lite_2dcg_score_0.95"",""n_rows"":36},{""iter"":2,""scan"":""position"",""reason"":""plateau_lite_2dcg_score_0.98"",""n_rows"":201},{""iter"":2,""scan"":""pa"",""reason"":""plateau_lite_2dcg_score_0.98"",""n_rows"":37},{""iter"":2,""scan"":""size"",""reason"":""plateau_lite_2dcg_score_0.95"",""n_rows"":35},{""iter"":3,""scan"":""position"",""reason"":""plateau_lite_2dcg_score_0.98"",""n_rows"":201},{""iter"":3,""scan"":""pa"",""reason"":""plateau_lite_2dcg_score_0.98"",""n_rows"":37},{""iter"":3,""scan"":""size"",""reason"":""plateau_lite_2dcg_score_0.95"",""n_rows"":35}]",0.9,0.9,41.96694220707096,True,323,5593.917157392611,4095.248497468759,1.6099487504113357,2543.7135787225766,1.0310526315789472,43.50605680868839,39.15545112781955,0.4734789513220162,29.79117386970641,50.89213392546791,43.50605680868839,66.15453496020582,0.3677757738704043,0.7320895862851142,1.2356102344526685,2.110787638193316,0.2422181031480728,0.269244814138472,True,valid,69.62301587301589,64.05317460317463,7,10.763582612097409,41.07379727156263,1370.9052903537952,1759.1910046395076,-363.3131752886595,101,291.073901999806,261.9665117998253,0.8999999999999999,-45.0,True,8.782494757117744,0.912457373040144,161,RefineV9Candidates2DCG_v11_exclude_source_002_010,accepted,3.4054682083194487,6.193539719885294,1.2597373234972
171,core_confirmed,rescue_candidate_for_2dcg_refit,0.8733333333333333,True,27.544724618144176,3,340,0.2767443813235689,False,17.8568379737918,1,46,46,48,-136.5040764507445,2,11.172711370890278,41.99152844759467,1058.999999999998,2704.1428571428582,-132.3802746536915,45,264.0,264.0,1.0,-45.0,45.0,3.49999999999992,24.11049458723757,24.11049458723757,24.11049458723757,53.77006608468229,True,11.172711370890278,41.99152844759467,1059.762433210937,2706.6195760680835,264.0,264.0,1.0,1.0,-45.0,45.0,9.977324263038778,9.977324263038778,32.71988804122567,24.163216286106845,910.8991389235676,1910.672612362895,2695.35160286243,33.223070512347654,60.229680003410905,97.94220399270424,27.417668652421025,31.723107482136555,27.519817739278235,0.3379518790632747,0.7088769458996683,True,18.98646419209793,63.0,161.0,315.0,269.0,5.858278089223615,5.002783511114769,24.150221094572206,0.2117523707832178,32.449690775705825,0.1777137794266418,8.299469681133619,0.2764439435589328,30.02225179646348,0.2557642147809679,315,437,5.845135161387501,8.105183654620374,7.678617656678986,2.6685162382863683,8.668516238288051,9.069958802963862,0.0,1.0,"[{""iter"":1,""scan"":""position"",""reason"":""plateau_lite_2dcg_score_0.98"",""n_rows"":182},{""iter"":1,""scan"":""size"",""reason"":""plateau_lite_2dcg_score_0.95"",""n_rows"":26},{""iter"":2,""scan"":""position"",""reason"":""plateau_lite_2dcg_score_0.98"",""n_rows"":201},{""iter"":2,""scan"":""size"",""reason"":""plateau_lite_2dcg_score_0.95"",""n_rows"":26},{""iter"":3,""scan"":""position"",""reason"":""plateau_lite_2dcg_score_0.98"",""n_rows"":198},{""iter"":3,""scan"":""size"",""reason"":""plateau_lite_2dcg_score_0.95"",""n_rows"":26}]",1.0,1.0,32.831192498336364,True,247,3530.008273092398,2763.243740733901,1.2551057125456002,2201.60239341872,1.015578947368421,35.464661654135334,35.464661654135334,0.5947321962242207,23.55495182968679,36.86063800080568,35.464661654135334,54.56061254482757,0.5210964031596954,0.7827867605288111,0.9769584669638072,1.5288213133677129,0.4079073653525933,0.4079073653525933,True,valid,57.61904761904762,53.00952380952381,7,11.17173246572101,41.99394068220391,1059.762433210937,2706.6195760680835,-136.5040764507445,46,237.273570807974,237.273570807974,1.0,-45.0,True,14.541492036128044,0.8987635257877803,162,RefineV9Candidates2DCG_v11_exclude_source_002_010,accepted,3.3427388886884013,9.687886644352375,1.5425309149677637
172,no_dassa_core,low,0.8733333333333333,False,26.64333502209101,3,447,0.9927317142923594,False,30.45077308351296,0,143,143,145,-536.5128507648855,2,10.31221772561915,40.82122412526096,1721.9999999999975,1500.0,-536.5128507648855,143,319.0,287.1,0.9,45.0,-45.0,3.49999999999992,24.11049458723757,24.11049458723757,24.11049458723757,53.77006608468229,False,10.31221772561915,40.82122412526096,1721.9052903537936,1499.0481474966534,366.85,330.165,0.9,1.1111111111111112,45.0,-45.0,13.864323507180968,12.47789115646287,25.18183043463936,16.528493989761802,1698.0263916809963,3580.279617874923,4742.028371792903,57.35813683626351,109.5215282824294,177.19608519319297,29.603932159237328,32.690190449518305,26.761473689572625,0.3580801839527994,0.7550101638302225,True,19.71476429870833,104.0,285.0,548.0,467.0,10.191544104427113,8.685129738626754,16.762852318279098,0.2172075041421131,25.41135993473101,0.1885452214723494,8.648507616451912,0.2876254515784432,30.068645069448003,0.3403402115693758,548,755,10.169706759409785,13.95361780270752,10.233569024540405,-0.331483761713677,-3.3314837617129265,3.3479345183018085,0.0,1.15,"[{""iter"":1,""scan"":""position"",""reason"":""plateau_lite_2dcg_score_0.98"",""n_rows"":196},{""iter"":1,""scan"":""pa"",""reason"":""plateau_lite_2dcg_score_0.98"",""n_rows"":37},{""iter"":1,""scan"":""size"",""reason"":""plateau_lite_2dcg_score_0.95"",""n_rows"":35},{""iter"":2,""scan"":""position"",""reason"":""plateau_lite_2dcg_score_0.98"",""n_rows"":201},{""iter"":2,""scan"":""pa"",""reason"":""plateau_lite_2dcg_score_0.98"",""n_rows"":37},{""iter"":2,""scan"":""size"",""reason"":""plateau_lite_2dcg_score_0.95"",""n_rows"":40},{""iter"":3,""scan"":""position"",""reason"":""plateau_lite_2dcg_score_0.98"",""n_rows"":201},{""iter"":3,""scan"":""pa"",""reason"":""plateau_lite_2dcg_score_0.98"",""n_rows"":37},{""iter"":3,""scan"":""size"",""reason"":""plateau_lite_2dcg_score_0.95"",""n_rows"":40}]",0.9,0.9,24.822835916548573,True,432,6819.282164682658,4711.41791840774,2.2161138616181733,2125.9818820714986,1.0001052631578946,48.53024018379281,43.67721616541353,0.4174267404754256,33.840126603488734,62.24018858195361,48.53024018379281,77.23072443816534,0.3064067565859819,0.690896461625883,1.4035434437500651,2.5814563179844203,0.1786892295353492,0.2116953439435181,True,valid,80.06646825396825,73.66115079365079,7,10.312344598702689,40.8202990880954,1721.9052903537936,1499.0481474966534,-536.5128507648855,143,324.68781157071766,292.2190304136459,0.9,45.0,True,5.8973701045988856,1.017830130315729,163,RefineV9Candidates2DCG_v11_exclude_source_002_010,accepted,3.327559559081963,-3.8074380614219514,0.8749641576921598
173,core_confirmed,rescue_candidate_for_2dcg_refit,0.8733333333333333,True,26.63814349599485,3,511,0.170680920972502,False,20.69808460430428,0,150,150,152,-565.3794633442565,2,10.134693991127044,40.71550450100736,1860.8571428571504,1391.999999999985,-565.3794633442565,150,319.0,287.1,0.9,45.0,-45.0,3.49999999999992,24.11049458723757,24.11049458723757,24.11049458723757,53.77006608468229,False,10.134693991127044,40.71550450100736,1861.6195760680887,1391.905290353781,319.0,287.1,0.9,1.1111111111111112,50.0,-40.0,12.055933484505193,10.85034013605467,43.36465279537117,33.12530918125802,1451.5928164476682,3035.148952096539,4198.130881786394,52.38750844184305,95.68435178881924,156.1918453422656,27.70875843540307,31.7204317671011,26.87804137653259,0.3457712151723065,0.7229762571873458,True,18.883016316436404,83.0,211.0,410.0,349.0,7.625060370100577,6.490600168695369,32.98042205333471,0.255301880917077,42.89730203606787,0.2210587812073688,9.916879982733157,0.337707025613452,29.3653351295222,0.2311772422050013,410,574,7.60650710698981,10.65058558797876,6.788597191668586,2.6685162382863683,-0.331483761713677,2.689025919971371,5.0,1.0,"[{""iter"":1,""scan"":""position"",""reason"":""plateau_lite_2dcg_score_0.98"",""n_rows"":201},{""iter"":1,""scan"":""pa"",""reason"":""plateau_lite_2dcg_score_0.98"",""n_rows"":37},{""iter"":1,""scan"":""size"",""reason"":""plateau_lite_2dcg_score_0.95"",""n_rows"":35},{""iter"":2,""scan"":""position"",""reason"":""plateau_lite_2dcg_score_0.98"",""n_rows"":201},{""iter"":2,""scan"":""pa"",""reason"":""plateau_lite_2dcg_score_0.98"",""n_rows"":37},{""iter"":2,""scan"":""size"",""reason"":""plateau_lite_2dcg_score_0.95"",""n_rows"":35},{""iter"":3,""scan"":""position"",""reason"":""plateau_lite_2dcg_score_0.98"",""n_rows"":201},{""iter"":3,""scan"":""pa"",""reason"":""plateau_lite_2dcg_score_0.98"",""n_rows"":37},{""iter"":3,""scan"":""size"",""reason"":""plateau_lite_2dcg_score_0.95"",""n_rows"":35}]",0.9,0.9,42.959570885670594,True,323,6058.247136737886,4770.575186338895,2.2596554054376976,2111.1958818405897,1.154842105263158,48.72944862155389,43.856503759398514,0.4820144422428241,30.1692628886895,50.03285391057652,48.72944862155389,65.27912779713013,0.3642653268964139,0.7874513994996334,1.2512917468171314,2.075148385262094,0.25642614500611,0.2868412414537726,True,valid,69.62301587301589,64.05317460317463,7,10.13371678436902,40.715407721066704,1861.6195760680887,1391.905290353781,-565.3794633442565,150,326.02060018783783,293.4185401690541,0.9000000000000001,50.0,True,8.067559000123264,1.0220081510590528,164,RefineV9Candidates2DCG_v11_exclude_source_002_010,accepted,3.324528530065512,5.940058891690569,1.2869859218980726
174,core_confirmed,rescue_candidate_for_2dcg_refit,0.8733333333333333,True,25.72840135176108,3,628,0.4831358599760209,False,27.67947240364781,2,56,56,58,-177.74209442127452,2,11.205231059095444,41.48663817133132,1031.0,2185.000000000004,-169.4944908271685,54,360.0,342.0,0.95,-75.0,15.0,3.49999999999992,24.11049458723757,24.11049458723757,24.11049458723757,53.77006608468229,True,11.205231059095444,41.48663817133132,1025.762433210939,2189.191004639515,360.0,324.0,0.9,1.1111111111111112,-75.0,15.0,13.605442176871062,12.244897959183954,42.62350809524536,30.87150723809413,2108.493805076296,4446.121954426732,6181.552450861545,55.98569888787036,102.64689715427224,165.09270363611307,37.66129291873703,43.31472336416046,37.442917310788815,0.341094542485428,0.7192565281569453,True,26.27846617864381,106.0,274.0,526.0,445.0,9.782394523592448,8.27598015779209,30.986153715573938,0.2126396646314142,42.63436087548068,0.1795749363005923,11.648207159906743,0.2783213695028143,41.85164502716691,0.2732117222051687,526,734,9.771448673202189,13.621375445739512,11.434360014991658,-18.33148376171315,14.66851623828814,23.477833493294817,0.0,1.0,"[{""iter"":1,""scan"":""position"",""reason"":""plateau_lite_2dcg_score_0.98"",""n_rows"":201},{""iter"":1,""scan"":""size"",""reason"":""plateau_lite_2dcg_score_0.95"",""n_rows"":41},{""iter"":2,""scan"":""position"",""reason"":""plateau_lite_2dcg_score_0.98"",""n_rows"":201},{""iter"":2,""scan"":""size"",""reason"":""plateau_lite_2dcg_score_0.95"",""n_rows"":41},{""iter"":3,""scan"":""position"",""reason"":""plateau_lite_2dcg_score_0.98"",""n_rows"":201},{""iter"":3,""scan"":""size"",""reason"":""plateau_lite_2dcg_score_0.95"",""n_rows"":40}]",0.9,0.9,42.634456491015946,True,417,9413.86577489401,7657.783742848298,2.6533628328679044,2886.067313519777,1.2786315789473683,60.88721804511279,54.79849624060151,0.4204606987347786,35.67695318555154,59.68266184230911,60.88721804511279,75.14310955426025,0.2817422548438274,0.8134579274829863,1.4797271394190497,2.475381068039184,0.1884066650710651,0.2291854707096432,True,valid,78.57142857142858,72.2857142857143,7,11.21206175668459,41.49068200547997,1025.762433210939,2189.191004639515,-177.74209442127452,56,407.36121446806607,366.6250930212594,0.8999999999999999,-75.0,True,6.364006606592276,1.1315589290779613,165,RefineV9Candidates2DCG_v11_exclude_source_002_010,accepted,3.4603064561924284,-1.951071051886732,0.9295119855091745
175,core_confirmed,rescue_candidate_for_2dcg_refit,0.8733333333333333,True,23.00641180134079,3,393,0.2574985365900674,False,20.0735876815414,1,110,110,112,-400.4273914621365,2,10.688838511796556,40.97058191220218,1428.8571428571424,1652.9999999999936,-396.3035896650835,109,300.0,270.0,0.9,-75.0,15.0,3.49999999999992,24.11049458723757,24.11049458723757,24.11049458723757,53.77006608468229,False,10.688838511796556,40.97058191220218,1429.6195760680814,1654.6195760680755,345.0,310.5,0.9,1.1111111111111112,-70.0,20.0,13.038548752834766,11.73469387755129,29.690661578073808,20.405906388883984,1525.183057245726,3230.842164123048,4456.682490811116,48.10832334467219,87.84519757585602,140.96308644933302,31.703101484509205,36.77881379153543,31.615954240708263,0.3422238538173588,0.7249433117087583,True,22.41393942426438,97.0,250.0,480.0,417.0,8.926899945483603,7.75524432763888,20.512262360940003,0.200702890913946,30.20048013136014,0.1695590908527763,9.688217770420138,0.2627392922880691,36.87388241800512,0.3207968127751686,480,664,8.923744549408102,12.337833383713209,11.829023954342368,2.6685162382863683,5.668516238286413,6.265225874436992,5.0,1.15,"[{""iter"":1,""scan"":""position"",""reason"":""plateau_lite_2dcg_score_0.98"",""n_rows"":201},{""iter"":1,""scan"":""pa"",""reason"":""plateau_lite_2dcg_score_0.98"",""n_rows"":37},{""iter"":1,""scan"":""size"",""reason"":""plateau_lite_2dcg_score_0.95"",""n_rows"":33},{""iter"":2,""scan"":""position"",""reason"":""plateau_lite_2dcg_score_0.98"",""n_rows"":201},{""iter"":2,""scan"":""pa"",""reason"":""plateau_lite_2dcg_score_0.98"",""n_rows"":37},{""iter"":2,""scan"":""size"",""reason"":""plateau_lite_2dcg_score_0.95"",""n_rows"":38},{""iter"":3,""scan"":""position"",""reason"":""plateau_lite_2dcg_score_0.98"",""n_rows"":201},{""iter"":3,""scan"":""pa"",""reason"":""plateau_lite_2dcg_score_0.98"",""n_rows"":37},{""iter"":3,""scan"":""size"",""reason"":""plateau_lite_2dcg_score_0.95"",""n_rows"":38}]",0.9,0.9,29.95736604289005,True,384,6564.162672855002,4881.249600383393,1.9402749663326224,2515.751470839003,1.0774736842105264,49.170426065162914,44.25338345864662,0.4365782540435352,32.843934550053106,56.32403136712541,49.170426065162914,71.47220421768725,0.3128067688279177,0.7436210593270312,1.3622256661395244,2.33607946794005,0.1992981619176397,0.2326097008004819,True,valid,75.29761904761905,69.27380952380953,7,10.687856851136706,40.972156551642975,1429.6195760680814,1654.6195760680755,-400.4273914621365,110,328.97092560504603,296.0738330445414,0.8999999999999999,-70.0,True,6.84970881116687,1.09656975201682,166,RefineV9Candidates2DCG_v11_exclude_source_002_010,accepted,3.4006677352730574,2.9328241197993883,1.1461036346032083
176,core_confirmed,rescue_candidate_for_2dcg_refit,0.8733333333333333,True,22.85680060447926,3,708,0.2154612231846918,False,32.04556187140068,1,87,87,89,-305.5799501299175,2,10.55545362870622,41.44912256788556,1531.7142857142958,2145.28571428573,-301.4561483328645,86,435.0,435.0,1.0,-90.0,0.0,3.49999999999992,24.11049458723757,24.11049458723757,24.11049458723757,53.77006608468229,True,10.55545362870622,41.44912256788556,1536.7624332109492,2145.191004639527,500.25,500.25,1.0,1.0,-90.0,0.0,18.90589569161041,18.90589569161041,24.79966815690249,16.542971734714808,3107.092536880004,6641.036444951352,9280.526778538955,65.12721253854451,118.84803573043968,192.4331946748788,47.708053450638936,55.87838624454801,48.22726554126309,0.3347970014013749,0.7155883069384191,True,33.89441369156319,228.0,582.0,1124.0,956.0,20.90382403900744,17.779409058088177,16.413923935924622,0.1157797417877611,24.8339285192508,0.0979233114254628,8.420004583326175,0.1516374740259439,55.52720155365803,0.3390524611037334,1124,1575,20.88725725006299,29.1913051819466,18.8266343449708,17.668516238286593,-0.3314837617112895,17.671625492491494,0.0,1.15,"[{""iter"":1,""scan"":""position"",""reason"":""plateau_lite_2dcg_score_0.98"",""n_rows"":182},{""iter"":1,""scan"":""size"",""reason"":""plateau_lite_2dcg_score_0.95"",""n_rows"":46},{""iter"":2,""scan"":""position"",""reason"":""plateau_lite_2dcg_score_0.98"",""n_rows"":201},{""iter"":2,""scan"":""size"",""reason"":""plateau_lite_2dcg_score_0.95"",""n_rows"":46},{""iter"":3,""scan"":""position"",""reason"":""plateau_lite_2dcg_score_0.98"",""n_rows"":201},{""iter"":3,""scan"":""size"",""reason"":""plateau_lite_2dcg_score_0.95"",""n_rows"":46}]",1.0,1.0,23.741310200572904,True,892,13352.438177946293,9353.64945346435,2.796060648111076,3345.2956250370894,1.154842105263158,76.41663533834587,76.41663533834587,0.2802800765836017,51.60119008699494,92.2793514349606,76.41663533834587,106.27048442242454,0.1464953724520354,0.7005199596365412,2.140196249408713,3.827352072810936,0.0701483759603344,0.1026229323970399,True,valid,109.18154761904762,100.4470238095238,7,10.548905942116397,41.4490229960272,1536.7624332109492,2145.191004639527,-305.5799501299175,87,511.2595775672911,511.2595775672911,1.0,-90.0,True,2.374834694622621,1.1753093737179106,167,RefineV9Candidates2DCG_v11_exclude_source_002_010,accepted,3.5244345025670083,-9.188761266921418,0.7132594740015464
177,core_confirmed,rescue_candidate_for_2dcg_refit,0.8733333333333333,True,22.26171546225913,3,247,4.113433779624502e-13,False,13.599123816652202,-2,135,135,137,-503.52243638846153,2,10.249249180902709,40.627518996612125,1771.999999999999,1301.0000000000036,-507.64623818551456,137,264.0,211.2,0.8,-90.0,0.0,3.49999999999992,24.11049458723757,24.11049458723757,24.11049458723757,53.77006608468229,False,10.249249180902709,40.627518996612125,1768.4767189252238,1298.3338617823713,264.0,237.6,0.9,1.1111111111111112,55.0,-35.0,9.977324263038778,8.979591836734901,60.150984668661366,48.91599323530704,1081.4408576919268,2364.925486146427,3134.562609905857,47.01364314389091,88.67328338399807,142.44991724140965,23.002702734226467,26.67010170250671,22.004664310149924,0.3450053459689569,0.7544674586089875,True,16.480887758198882,55.0,147.0,279.0,240.0,5.188760593312344,4.4634499727418016,48.7832211825992,0.3429210933436906,59.31730092880556,0.2942176479462429,10.53407974620636,0.4518394633307847,23.313766505814307,0.1775886559445731,279,396,5.175440811740264,7.31098216523345,4.14026045877317,-12.33148376171306,-9.331483761713017,15.464219377663609,35.0,1.0,"[{""iter"":1,""scan"":""position"",""reason"":""plateau_lite_2dcg_score_0.98"",""n_rows"":132},{""iter"":1,""scan"":""pa"",""reason"":""plateau_lite_2dcg_score_0.98"",""n_rows"":37},{""iter"":1,""scan"":""size"",""reason"":""plateau_lite_2dcg_score_0.95"",""n_rows"":25},{""iter"":2,""scan"":""position"",""reason"":""plateau_lite_2dcg_score_0.98"",""n_rows"":191},{""iter"":2,""scan"":""pa"",""reason"":""plateau_lite_2dcg_score_0.98"",""n_rows"":37},{""iter"":2,""scan"":""size"",""reason"":""plateau_lite_2dcg_score_0.95"",""n_rows"":25},{""iter"":3,""scan"":""position"",""reason"":""plateau_lite_2dcg_score_0.98"",""n_rows"":193},{""iter"":3,""scan"":""pa"",""reason"":""plateau_lite_2dcg_score_0.98"",""n_rows"":37},{""iter"":3,""scan"":""size"",""reason"":""plateau_lite_2dcg_score_0.95"",""n_rows"":24}]",0.9,0.9,59.92508238346307,True,226,5019.930463445005,3371.607498460342,1.92268101867792,1753.5969126999223,1.0774736842105264,37.62606516290728,33.86345864661655,0.4806001946780569,26.94598113729128,47.92003788828105,37.62606516290728,55.44859643069859,0.4400396792177211,0.6716442634041038,1.1176038318000583,1.9875178302500107,0.2795678381175785,0.2955501262167644,True,valid,57.61904761904762,53.00952380952381,7,10.253779234789627,40.62494387342313,1768.4767189252238,1298.3338617823713,-503.52243638846153,135,251.73427350647,226.56084615582304,0.9000000000000001,55.0,True,8.856062399528664,0.9535389147972348,168,RefineV9Candidates2DCG_v11_exclude_source_002_010,accepted,3.2439297722065517,8.662591645606927,1.6369963067031963
178,core_confirmed,rescue_candidate_for_2dcg_refit,0.8733333333333333,True,19.70085437232141,3,310,0.2385355978849869,False,27.29244841167699,0,115,115,117,-421.0464004474015,2,10.535677177851566,40.8593719326808,1547.9999999999995,1538.714285714295,-421.0464004474015,115,319.0,255.2,0.8,25.0,-65.0,3.49999999999992,24.11049458723757,24.11049458723757,24.11049458723757,53.77006608468229,False,10.535677177851566,40.8593719326808,1547.0481474966527,1539.476718925234,319.0,255.2,0.8,1.25,25.0,-65.0,12.055933484505193,9.644746787604154,28.88079736946428,21.969261670824736,836.4896143514866,1805.59305484618,2536.5336014007125,43.85648822416118,81.55577499359809,132.8344658567096,19.07333779385127,22.13936480878164,19.09544774423911,0.3297766739181236,0.7118348654435736,True,13.412334695555082,73.0,190.0,367.0,302.0,6.8253589166510045,5.616507882366767,22.06569033489448,0.2410447204336753,28.890496290799305,0.2078527557326084,6.824805955904832,0.3182849750060283,21.44243835504824,0.2362301390467395,367,509,6.81486638060842,9.431592026715805,5.0653501941141865,-3.3314837617137223,2.6685162382863683,4.268461428730526,0.0,1.0,"[{""iter"":1,""scan"":""position"",""reason"":""plateau_lite_2dcg_score_0.98"",""n_rows"":171},{""iter"":1,""scan"":""pa"",""reason"":""plateau_lite_2dcg_score_0.98"",""n_rows"":37},{""iter"":1,""scan"":""size"",""reason"":""plateau_lite_2dcg_score_0.95"",""n_rows"":31},{""iter"":2,""scan"":""position"",""reason"":""plateau_lite_2dcg_score_0.98"",""n_rows"":197},{""iter"":2,""scan"":""pa"",""reason"":""plateau_lite_2dcg_score_0.98"",""n_rows"":37},{""iter"":2,""scan"":""size"",""reason"":""plateau_lite_2dcg_score_0.95"",""n_rows"":30},{""iter"":3,""scan"":""position"",""reason"":""plateau_lite_2dcg_score_0.98"",""n_rows"":197},{""iter"":3,""scan"":""pa"",""reason"":""plateau_lite_2dcg_score_0.98"",""n_rows"":37},{""iter"":3,""scan"":""size"",""reason"":""plateau_lite_2dcg_score_0.95"",""n_rows"":30}]",0.8,0.8,29.030267207131704,True,288,3823.079914120446,2894.521932109841,1.9561428359985435,1479.708883647184,1.1857894736842105,50.03529657477026,40.028237259816215,0.4434604340823865,31.817041685959232,55.05400494714957,50.03529657477026,67.25138643889991,0.3323308605654136,0.7571178204826428,1.319634550458412,2.2834042142085025,0.2190318653323851,0.251613616830407,True,valid,69.62301587301589,64.05317460317463,7,10.53689909956378,40.86011478714945,1547.0481474966527,1539.476718925234,-421.0464004474015,115,334.7572747348458,267.80581978787666,0.8,25.0,True,5.669094422503744,1.04939584556378,169,RefineV9Candidates2DCG_v11_exclude_source_002_010,accepted,3.1701762811640934,-7.591594039355581,0.7218426897856647
179,core_confirmed,rescue_candidate_for_2dcg_refit,0.8733333333333333,True,19.25400337502672,3,494,0.705152212833521,False,15.039743984676504,0,28,28,30,-62.275644103790505,2,11.449437916086293,41.94128989600407,846.9999999999997,2654.0000000000045,-62.275644103790505,28,360.0,342.0,0.95,75.0,-15.0,3.49999999999992,24.11049458723757,24.11049458723757,24.11049458723757,53.77006608468229,True,11.449437916086293,41.94128989600407,846.0481474966532,2655.619576068087,360.0,324.0,0.9,1.1111111111111112,75.0,-15.0,13.605442176871062,12.244897959183954,58.11649321015876,45.75757610582679,2026.0146617551209,4497.250778850019,6451.354728461283,99.71167380062757,184.36635209803464,298.1832710173955,20.318730841948515,24.39301275787384,21.63553544251288,0.3140448397321886,0.6971017667048455,True,15.07461821127845,104.0,271.0,522.0,440.0,9.70800369071342,8.182991616693302,45.78799857167169,0.3843805017618694,58.40770675559305,0.3264116944643089,12.619708183921354,0.5042746914309381,25.02546409400691,0.2160623808897086,522,735,9.687737193319784,13.61218190139941,5.407061355021049,-3.3314837617125286,5.668516238288801,6.575017900986892,0.0,1.0,"[{""iter"":1,""scan"":""position"",""reason"":""plateau_lite_2dcg_score_0.98"",""n_rows"":201},{""iter"":1,""scan"":""size"",""reason"":""plateau_lite_2dcg_score_0.95"",""n_rows"":41},{""iter"":2,""scan"":""position"",""reason"":""plateau_lite_2dcg_score_0.98"",""n_rows"":201},{""iter"":2,""scan"":""size"",""reason"":""plateau_lite_2dcg_score_0.95"",""n_rows"":40},{""iter"":3,""scan"":""position"",""reason"":""plateau_lite_2dcg_score_0.98"",""n_rows"":201},{""iter"":3,""scan"":""size"",""reason"":""plateau_lite_2dcg_score_0.95"",""n_rows"":40}]",0.9,0.9,60.480922882261,True,421,10896.613180406912,8250.013074770932,4.264610879941473,1934.5289188222853,1.1393684210526316,54.25563909774437,48.83007518796993,0.3915469565157544,36.627546346821504,59.97456738834653,54.25563909774437,75.64723400035363,0.2528842430785912,0.7571171829431548,1.5191536703776118,2.487488059249225,0.1553402568408904,0.1914630057303749,True,valid,78.57142857142858,72.2857142857143,7,11.450700961932606,41.94285637697355,846.0481474966532,2655.619576068087,-62.275644103790505,28,362.9931493704081,326.6938344333673,0.8999999999999999,75.0,True,4.355050902761002,1.008314303806689,170,RefineV9Candidates2DCG_v11_exclude_source_002_010,accepted,3.2865752262728587,4.214259390350216,1.2802081866981236
180,core_confirmed,rescue_candidate_for_2dcg_refit,0.8733333333333333,True,18.935127715290943,3,270,0.2217469583481546,False,8.842738295613746,0,127,127,129,-470.5320220120375,2,10.231816017319815,40.5535562566013,1785.999999999998,1225.000000000001,-470.5320220120375,127,264.0,211.2,0.8,0.0,-90.0,3.49999999999992,24.11049458723757,24.11049458723757,24.11049458723757,53.77006608468229,False,10.231816017319815,40.5535562566013,1785.0481474966512,1224.905290353797,264.0,237.6,0.9,1.1111111111111112,-15.0,75.0,9.977324263038778,8.979591836734901,39.11942344648234,31.891498996620847,724.6557421971697,1530.8987064138755,2009.3629970614948,49.03503109476032,91.02477852247372,145.0491041897051,14.778327371645195,16.8184831785765,13.852984534351297,0.3606395376330264,0.7618826009300816,True,10.307870499823936,57.0,148.0,278.0,238.0,5.170162885092586,4.426254556302286,31.823604655710994,0.3505723157874046,38.9937978149591,0.302676950186847,7.170193159248107,0.4631568684268374,15.481133171148787,0.1838803492102383,278,390,5.168152092510272,7.233732225509349,2.846676173681044,-3.3314837617137223,-0.331483761713677,3.3479345183026004,15.0,1.0,"[{""iter"":1,""scan"":""position"",""reason"":""plateau_lite_2dcg_score_0.98"",""n_rows"":173},{""iter"":1,""scan"":""pa"",""reason"":""plateau_lite_2dcg_score_0.98"",""n_rows"":37},{""iter"":1,""scan"":""size"",""reason"":""plateau_lite_2dcg_score_0.95"",""n_rows"":25},{""iter"":2,""scan"":""position"",""reason"":""plateau_lite_2dcg_score_0.98"",""n_rows"":189},{""iter"":2,""scan"":""pa"",""reason"":""plateau_lite_2dcg_score_0.98"",""n_rows"":37},{""iter"":2,""scan"":""size"",""reason"":""plateau_lite_2dcg_score_0.95"",""n_rows"":26},{""iter"":3,""scan"":""position"",""reason"":""plateau_lite_2dcg_score_0.98"",""n_rows"":188},{""iter"":3,""scan"":""pa"",""reason"":""plateau_lite_2dcg_score_0.98"",""n_rows"":37},{""iter"":3,""scan"":""size"",""reason"":""plateau_lite_2dcg_score_0.95"",""n_rows"":25}]",0.9,0.9,39.01554278612367,True,229,2684.402679672808,2021.470920010854,1.7825203164336114,1134.0521066572328,0.9846315789473682,34.38395989974937,30.945563909774435,0.5805685599916808,23.26783402897277,38.40705116578798,34.38395989974937,54.65999666817228,0.5261269298821805,0.7530431016620964,0.9650500509138936,1.5929599049418923,0.3961962551464335,0.3961962551464335,True,valid,57.61904761904762,53.00952380952381,7,10.233034614440443,40.55346899150457,1785.0481474966512,1224.905290353797,-470.5320220120375,127,230.04321945872607,207.03889751285345,0.8999999999999999,-15.0,True,10.286332299092969,0.8713758312830533,171,RefineV9Candidates2DCG_v11_exclude_source_002_010,accepted,3.054633009683707,10.092389419677197,2.141319473933014
181,core_confirmed,rescue_candidate_for_2dcg_refit,0.8733333333333333,True,17.628462077287768,3,375,0.4125267538876371,False,7.962517605983328,1,118,118,120,-433.41780583856047,2,10.46153801020536,40.73508043600882,1605.9999999999975,1411.0000000000089,-429.2940040415075,117,300.0,270.0,0.9,-45.0,45.0,3.49999999999992,24.11049458723757,24.11049458723757,24.11049458723757,53.77006608468229,False,10.46153801020536,40.73508043600882,1607.6195760680794,1409.1910046395194,396.75,317.4,0.8,1.25,-50.0,40.0,14.99433106575998,11.995464852607984,22.487402577053352,15.296221394327045,1466.0238357861872,3120.87049801534,4084.590911788542,59.00208584599852,108.0556144621199,173.9182742831181,24.84698320009668,28.882076267396503,23.48569136064056,0.3589157072144224,0.7640595020196985,True,17.590091661995118,115.0,296.0,568.0,484.0,10.563498268822263,9.001290778362632,15.370162057580131,0.2073042150841819,22.422940837128923,0.1759132391108799,7.052778779548792,0.2718832567227161,25.940467480649847,0.3145340671759914,568,793,10.55810092220947,14.690312862235514,8.159160741135342,5.668516238286413,-6.331483761712971,8.498221164958688,5.0,1.3224999999999998,"[{""iter"":1,""scan"":""position"",""reason"":""plateau_lite_2dcg_score_0.98"",""n_rows"":201},{""iter"":1,""scan"":""pa"",""reason"":""plateau_lite_2dcg_score_0.98"",""n_rows"":37},{""iter"":1,""scan"":""size"",""reason"":""plateau_lite_2dcg_score_0.95"",""n_rows"":33},{""iter"":2,""scan"":""position"",""reason"":""plateau_lite_2dcg_score_0.98"",""n_rows"":201},{""iter"":2,""scan"":""pa"",""reason"":""plateau_lite_2dcg_score_0.98"",""n_rows"":37},{""iter"":2,""scan"":""size"",""reason"":""plateau_lite_2dcg_score_0.95"",""n_rows"":39},{""iter"":3,""scan"":""position"",""reason"":""plateau_lite_2dcg_score_0.98"",""n_rows"":201},{""iter"":3,""scan"":""pa"",""reason"":""plateau_lite_2dcg_score_0.98"",""n_rows"":37},{""iter"":3,""scan"":""size"",""reason"":""plateau_lite_2dcg_score_0.95"",""n_rows"":39}]",0.7333333333333334,0.8,22.919758057008465,True,452,6458.561153122589,4598.497722733971,2.5223882213988498,1823.072944807745,1.2012631578947368,63.04248120300751,46.23115288220552,0.3167519833302125,41.54416369883077,73.66662705826172,63.04248120300751,84.48019726303421,0.2165247487914565,0.7120003378013519,1.7230738900238642,3.055376022740559,0.1174453407601016,0.1541656942818698,True,valid,86.5922619047619,79.66488095238095,7,10.459465945448326,40.73331755383813,1607.6195760680794,1409.1910046395194,-433.41780583856047,118,421.7808356248048,309.3059461248569,0.7333333333333335,-50.0,True,2.928389960596004,1.405936118749349,172,RefineV9Candidates2DCG_v11_exclude_source_002_010,accepted,3.260804045996555,9.66594447130444,2.21393068745507
182,core_confirmed,rescue_candidate_for_2dcg_refit,0.8733333333333333,True,17.5986304316137,3,437,0.2355814273526991,False,16.61431614946871,0,97,97,99,-346.8179681004475,2,10.774947192361584,40.98610242196871,1362.0000000000043,1669.0,-346.8179681004475,97,360.0,324.0,0.9,-45.0,45.0,3.49999999999992,24.11049458723757,24.11049458723757,24.11049458723757,53.77006608468229,False,10.774947192361584,40.98610242196871,1361.9052903538004,1668.905290353796,360.0,324.0,0.9,1.1111111111111112,-45.0,45.0,13.605442176871062,12.244897959183954,39.73364306394199,33.66655068283519,1156.423926369116,2407.190167521094,3173.089315318859,48.19883554330632,89.42027529300067,143.84150603509556,23.992777280481747,26.91995925570043,22.059622446838564,0.3644473292277651,0.7586266657858632,True,16.22620536222001,103.0,272.0,523.0,441.0,9.726601398933177,8.20158932491306,33.84948411237487,0.1866673541801094,39.42269581731235,0.1546763146897897,5.573211704937485,0.2424241395624976,22.989508037423377,0.1413706391557836,523,749,9.716754946274358,13.909191064928471,3.250041445127568,-0.331483761713677,-0.331483761713677,0.4687888315219333,0.0,1.0,"[{""iter"":1,""scan"":""position"",""reason"":""plateau_lite_2dcg_score_0.98"",""n_rows"":198},{""iter"":1,""scan"":""pa"",""reason"":""plateau_lite_2dcg_score_0.98"",""n_rows"":37},{""iter"":1,""scan"":""size"",""reason"":""plateau_lite_2dcg_score_0.95"",""n_rows"":38},{""iter"":2,""scan"":""position"",""reason"":""plateau_lite_2dcg_score_0.98"",""n_rows"":201},{""iter"":2,""scan"":""pa"",""reason"":""plateau_lite_2dcg_score_0.98"",""n_rows"":37},{""iter"":2,""scan"":""size"",""reason"":""plateau_lite_2dcg_score_0.95"",""n_rows"":37},{""iter"":3,""scan"":""position"",""reason"":""plateau_lite_2dcg_score_0.98"",""n_rows"":201},{""iter"":3,""scan"":""pa"",""reason"":""plateau_lite_2dcg_score_0.98"",""n_rows"":37},{""iter"":3,""scan"":""size"",""reason"":""plateau_lite_2dcg_score_0.95"",""n_rows"":38}]",0.85,0.9,39.37372157486704,True,416,4645.65708389143,3096.0121444821148,1.774806268353641,1744.4225883617487,1.0001052631578946,47.62406015037594,40.48045112781955,0.3845100654820074,34.52692175782385,64.71872069985866,47.62406015037594,76.02547842739246,0.3035427374592546,0.6664314839804627,1.4320287637774136,2.6842552095184424,0.1690438914920398,0.202290436976463,True,valid,78.57142857142858,72.2857142857143,7,10.775069046243852,40.98601024643953,1361.9052903538004,1668.905290353796,-346.8179681004475,97,318.6250842727501,270.8313216318376,0.85,-45.0,True,4.874761924034132,0.885069678535417,173,RefineV9Candidates2DCG_v11_exclude_source_002_010,accepted,3.241651701675631,0.9843142821449895,1.0592449471461673
183,core_confirmed,rescue_candidate_for_2dcg_refit,0.8733333333333333,True,16.704470590662318,3,140,0.5238487366637393,False,,-2,154,154,156,-581.8746705324686,2,10.070860018919328,40.662676314282095,1910.9999999999973,1337.9999999999943,-590.1222741265744,156,220.0,198.0,0.9,45.0,-45.0,3.49999999999992,24.11049458723757,24.11049458723757,24.11049458723757,53.77006608468229,False,10.070860018919328,40.662676314282095,1909.191004639508,1338.7624332109333,253.0,227.7,0.9,1.1111111111111112,30.0,-60.0,9.561602418745496,8.605442176870946,47.4314660223013,41.364483040361584,504.1295403884437,1080.3840540121992,1571.348592322387,39.68542028225352,72.77930055911405,118.89487639539252,12.703142282554577,14.84466112908946,13.2162851752902,0.3208260362160388,0.6875521187920733,True,8.935854682215867,52.0,133.0,259.0,215.0,4.816806428917194,3.998507267247864,41.24767595156517,0.3072291952188259,46.6895237768254,0.2620538483609071,5.441847825260233,0.4038093582813167,13.476279619723746,0.1165539372659295,259,365,4.811702553907642,6.773635860967222,1.570713449375406,-6.331483761712971,2.6685162382863683,6.870856244954705,15.0,1.15,"[{""iter"":1,""scan"":""position"",""reason"":""plateau_lite_2dcg_score_0.98"",""n_rows"":156},{""iter"":1,""scan"":""pa"",""reason"":""plateau_lite_2dcg_score_0.98"",""n_rows"":37},{""iter"":1,""scan"":""size"",""reason"":""plateau_lite_2dcg_score_0.95"",""n_rows"":16},{""iter"":2,""scan"":""position"",""reason"":""plateau_lite_2dcg_score_0.98"",""n_rows"":184},{""iter"":2,""scan"":""pa"",""reason"":""plateau_lite_2dcg_score_0.98"",""n_rows"":37},{""iter"":2,""scan"":""size"",""reason"":""plateau_lite_2dcg_score_0.95"",""n_rows"":19},{""iter"":3,""scan"":""position"",""reason"":""plateau_lite_2dcg_score_0.98"",""n_rows"":187},{""iter"":3,""scan"":""pa"",""reason"":""plateau_lite_2dcg_score_0.98"",""n_rows"":37},{""iter"":3,""scan"":""size"",""reason"":""plateau_lite_2dcg_score_0.95"",""n_rows"":20}]",0.9,0.9,46.30977450726815,True,205,2263.400898987361,1550.1828011967434,1.5204034461038831,1019.586482238758,1.0310526315789472,34.50480367585631,31.05432330827068,0.510467785244986,24.98976438838368,46.468910308408056,34.50480367585631,53.92810973007871,0.4713451294438037,0.6848909540904975,1.036468343607166,1.927331276439492,0.3170899173749289,0.3228200154106758,True,valid,55.21825396825397,50.80079365079365,7,10.073171775132671,40.66342999969683,1909.191004639508,1338.7624332109333,-581.8746705324686,154,230.85171537915645,207.7665438412408,0.9,30.0,True,7.682797703757627,1.0493259789961658,174,RefineV9Candidates2DCG_v11_exclude_source_002_010,accepted,3.0084240689235227,,
184,core_confirmed,rescue_candidate_for_2dcg_refit,0.8733333333333333,True,16.35107759143125,3,1125,0.207781104737761,False,9.216044197972886,-1,135,135,137,-503.52243638846153,2,10.16506829927418,40.41520131086429,1838.9999999999968,1082.9999999999995,-503.52243638846153,136,504.0,504.0,1.0,-90.0,0.0,3.49999999999992,24.11049458723757,24.11049458723757,24.11049458723757,53.77006608468229,True,10.16506829927418,40.41520131086429,1838.905290353793,1081.19100463951,504.0,504.0,1.0,1.0,-90.0,0.0,19.047619047619484,19.047619047619484,23.678571094216828,16.802024062195862,2679.17384041792,5716.75677123978,7825.510522439858,103.2740851878526,188.7284000509624,307.1406316249544,25.942363329044063,30.29091948904396,25.478590966744807,0.3423640965960391,0.7305282837262602,True,18.26565065064466,233.0,589.0,1138.0,964.0,21.164191954084043,17.928190723846235,16.590682874562955,0.1814999271326964,23.763263807676584,0.1543824603689553,7.172580933113629,0.238277501285258,30.10179683111101,0.301834840161837,1138,1603,21.123656407703056,29.753611955180816,9.085771035102484,-0.331483761713677,-6.331483761712971,6.340155211752697,0.0,1.0,"[{""iter"":1,""scan"":""position"",""reason"":""plateau_lite_2dcg_score_0.98"",""n_rows"":201},{""iter"":1,""scan"":""size"",""reason"":""plateau_lite_2dcg_score_0.95"",""n_rows"":48},{""iter"":2,""scan"":""position"",""reason"":""plateau_lite_2dcg_score_0.98"",""n_rows"":201},{""iter"":2,""scan"":""size"",""reason"":""plateau_lite_2dcg_score_0.95"",""n_rows"":48},{""iter"":3,""scan"":""position"",""reason"":""plateau_lite_2dcg_score_0.98"",""n_rows"":201},{""iter"":3,""scan"":""size"",""reason"":""plateau_lite_2dcg_score_0.95"",""n_rows"":48}]",1.0,1.0,23.934359323825195,True,905,11063.08408906292,8168.459465599327,3.9165269468815778,2085.638520144289,1.015578947368421,67.70526315789473,67.70526315789473,0.3170096978242455,46.23113559792273,78.52963352045532,67.70526315789473,104.66524618427653,0.1615379209691518,0.738352831799837,1.9174694003330104,3.2570726924043885,0.0861339200624912,0.1192719813906315,True,valid,110.0,101.2,7,10.165202821487696,40.413442951511584,1838.905290353793,1081.19100463951,-503.52243638846153,135,452.9768169970413,452.9768169970413,1.0,-90.0,True,2.338657142286647,0.8987635257877804,175,RefineV9Candidates2DCG_v11_exclude_source_002_010,accepted,3.3192390393204274,7.135033393458363,1.7741969591495392
185,core_confirmed,rescue_candidate_for_2dcg_refit,0.8733333333333333,True,16.301444420263973,3,416,0.1860204250827136,False,23.308419904860404,-1,32,32,34,-78.7708512920025,2,11.426905243606202,42.17077111566949,866.285714285712,2889.8571428571427,-78.7708512920025,33,382.8,306.24,0.8,-45.0,45.0,3.49999999999992,24.11049458723757,24.11049458723757,24.11049458723757,53.77006608468229,False,11.426905243606202,42.17077111566949,862.7624332109368,2892.333861782368,497.64,348.348,0.7,1.4285714285714286,-75.0,15.0,18.80725623582809,13.16507936507967,41.43042671543269,30.84756094131728,2732.364614730669,5917.011542180469,8212.303840713561,109.11737259423336,200.1459401271329,322.08057002048093,25.04060123305305,29.56348521694709,25.497669232861035,0.3327159671302731,0.7205056774502324,True,18.154780715456337,157.0,405.0,776.0,663.0,14.431821578531824,12.330280549699228,30.99378020812578,0.2801654850058037,41.307756207661214,0.239281590894183,10.313975999535431,0.3684404683654991,27.993602454396505,0.2496861835749513,776,1086,14.391398517452968,20.09999681199356,6.9896157613526535,-12.331483761712663,8.668516238288051,15.07344239179779,30.0,1.3,"[{""iter"":1,""scan"":""position"",""reason"":""plateau_lite_2dcg_score_0.98"",""n_rows"":195},{""iter"":1,""scan"":""pa"",""reason"":""plateau_lite_2dcg_score_0.98"",""n_rows"":37},{""iter"":1,""scan"":""size"",""reason"":""plateau_lite_2dcg_score_0.95"",""n_rows"":43},{""iter"":2,""scan"":""position"",""reason"":""plateau_lite_2dcg_score_0.98"",""n_rows"":201},{""iter"":2,""scan"":""pa"",""reason"":""plateau_lite_2dcg_score_0.98"",""n_rows"":37},{""iter"":2,""scan"":""size"",""reason"":""plateau_lite_2dcg_score_0.95"",""n_rows"":43},{""iter"":3,""scan"":""position"",""reason"":""plateau_lite_2dcg_score_0.98"",""n_rows"":201},{""iter"":3,""scan"":""pa"",""reason"":""plateau_lite_2dcg_score_0.98"",""n_rows"":37},{""iter"":3,""scan"":""size"",""reason"":""plateau_lite_2dcg_score_0.95"",""n_rows"":43}]",0.6333333333333333,0.7,41.765427626982245,True,618,11610.082462021102,9764.232533201885,5.11951348859621,1907.25789764044,1.3250526315789473,87.22211528822056,55.24067301587301,0.2811600045944884,49.271901227123394,81.52056281483465,87.22211528822056,102.78007965944052,0.1427586285327881,0.8410131939323116,2.043587328698123,3.38112362315396,0.0839863245017407,0.1200618901437565,True,valid,108.61190476190475,99.9229523809524,7,11.431555490100504,42.17314988562544,862.7624332109368,2892.333861782368,-78.7708512920025,32,583.5528039063553,369.5834424740249,0.6333333333333332,-75.0,True,1.7529140409920123,1.5244326120855676,176,RefineV9Candidates2DCG_v11_exclude_source_002_010,accepted,3.280409421912965,-7.006975484596431,0.6993800732440342
186,core_confirmed,rescue_candidate_for_2dcg_refit,0.8733333333333333,True,15.705198984790322,3,297,0.0738449772732789,False,4.836470129897656,0,27,27,29,-58.15184230673751,2,11.307931141774349,41.906988661400575,955.0000000000028,2617.8571428571395,-58.15184230673751,27,319.0,255.2,0.8,55.0,-35.0,3.49999999999992,24.11049458723757,24.11049458723757,24.11049458723757,53.77006608468229,False,11.307931141774349,41.906988661400575,960.0481474966564,2617.762433210936,414.7,290.29,0.7,1.4285714285714286,85.0,-5.0,15.672713529856749,10.970899470899722,45.51528290447302,33.66039271598941,2126.5366907850707,4584.990391362222,6425.350482158116,127.01456206163348,230.6722856886918,366.8494473966129,16.74246366926947,19.876641780668805,17.514952053918346,0.3309604194650593,0.7135782560179095,True,12.325763085589696,110.0,284.0,542.0,457.0,10.079957855108567,8.49915265642918,33.843048765557214,0.4633553919947837,45.4108219996394,0.3823918006283549,11.567773234082182,0.6007675993913414,19.254988527680084,0.2547360458300896,542,756,10.07172081757441,14.04422469847965,4.9049396400449625,17.66851623828739,-0.3314837617128812,17.67162549249232,30.0,1.3,"[{""iter"":1,""scan"":""position"",""reason"":""plateau_lite_2dcg_score_0.98"",""n_rows"":201},{""iter"":1,""scan"":""pa"",""reason"":""plateau_lite_2dcg_score_0.98"",""n_rows"":37},{""iter"":1,""scan"":""size"",""reason"":""plateau_lite_2dcg_score_0.95"",""n_rows"":35},{""iter"":2,""scan"":""position"",""reason"":""plateau_lite_2dcg_score_0.98"",""n_rows"":201},{""iter"":2,""scan"":""pa"",""reason"":""plateau_lite_2dcg_score_0.98"",""n_rows"":37},{""iter"":2,""scan"":""size"",""reason"":""plateau_lite_2dcg_score_0.95"",""n_rows"":45},{""iter"":3,""scan"":""position"",""reason"":""plateau_lite_2dcg_score_0.98"",""n_rows"":201},{""iter"":3,""scan"":""pa"",""reason"":""plateau_lite_2dcg_score_0.98"",""n_rows"":37},{""iter"":3,""scan"":""size"",""reason"":""plateau_lite_2dcg_score_0.95"",""n_rows"":45}]",0.7,0.7,44.82862900554725,True,431,8405.510938997999,6636.259536376474,4.873508440966939,1361.7006345145046,1.0465263157894735,57.40667502088554,40.18467251461988,0.4005100560488255,37.82631456220021,58.54774654765308,57.40667502088554,84.60289869095068,0.2369660697351276,0.7895129260479633,1.5688734391298154,2.4283096448234702,0.1493658982615567,0.1870877750906663,True,valid,90.50992063492065,83.269126984127,7,11.301335575932608,41.9069316032892,960.0481474966564,2617.762433210936,-58.15184230673751,27,384.0749110553029,268.852437738712,0.7,85.0,True,3.502195698503071,1.2039965863802595,177,RefineV9Candidates2DCG_v11_exclude_source_002_010,accepted,3.1340816398316704,10.868728854892666,3.2472440773913473
187,core_confirmed,rescue_candidate_for_2dcg_refit,0.8733333333333333,True,15.467329891045797,3,407,0.1153462274595945,False,4.806259287677976,1,28,28,30,-62.275644103790505,2,11.374556632216912,41.90675281709613,904.0000000000214,2617.999999999948,-58.15184230673751,27,319.0,287.1,0.9,45.0,-45.0,3.49999999999992,24.11049458723757,24.11049458723757,24.11049458723757,53.77006608468229,False,11.374556632216912,41.90675281709613,904.7624332109608,2617.905290353745,414.7,331.76,0.8,1.25,-55.0,35.0,15.672713529856749,12.538170823885396,79.30374118901432,66.05314820207126,3065.610907249971,6146.366220117074,8162.365279956932,111.11666557963974,200.62644487307296,322.05239553374935,27.58911897921181,30.63587267374245,25.344836409085367,0.37557874489858,0.7530128840484219,True,18.15425127402008,125.0,319.0,616.0,516.0,11.456188263370624,9.596417441394872,66.23097051361161,0.3568402632918632,78.57357112143869,0.2938844963330922,12.34260060782708,0.4622802945088202,26.69938726447615,0.1570833606219969,616,864,11.445333526017391,16.009223192867495,4.19402947805206,2.668516238287562,-0.3314837617112895,2.689025919972261,80.0,1.3,"[{""iter"":1,""scan"":""position"",""reason"":""plateau_lite_2dcg_score_0.98"",""n_rows"":201},{""iter"":1,""scan"":""pa"",""reason"":""plateau_lite_2dcg_score_0.98"",""n_rows"":37},{""iter"":1,""scan"":""size"",""reason"":""plateau_lite_2dcg_score_0.95"",""n_rows"":35},{""iter"":2,""scan"":""position"",""reason"":""plateau_lite_2dcg_score_0.98"",""n_rows"":201},{""iter"":2,""scan"":""pa"",""reason"":""plateau_lite_2dcg_score_0.98"",""n_rows"":37},{""iter"":2,""scan"":""size"",""reason"":""plateau_lite_2dcg_score_0.95"",""n_rows"":45},{""iter"":3,""scan"":""position"",""reason"":""plateau_lite_2dcg_score_0.98"",""n_rows"":201},{""iter"":3,""scan"":""pa"",""reason"":""plateau_lite_2dcg_score_0.98"",""n_rows"":37},{""iter"":3,""scan"":""size"",""reason"":""plateau_lite_2dcg_score_0.95"",""n_rows"":45}]",0.7333333333333334,0.8,79.21065779297882,True,494,11302.395812790432,8009.755591139279,4.04850251520274,1978.448960093624,1.0310526315789472,56.5578738512949,41.47577415761626,0.3492847172859041,38.726080466403694,70.25959147437075,56.5578738512949,86.75532732066145,0.2412835086405537,0.7086776754071012,1.606191873264292,2.9140667861521723,0.1349204184272317,0.1709922360174569,True,valid,90.50992063492065,83.269126984127,7,11.373559631992066,41.90666661776047,904.7624332109608,2617.905290353745,-62.275644103790505,28,378.3960725997477,277.49045323981494,0.7333333333333333,-55.0,True,3.748604729420964,1.186194584952187,178,RefineV9Candidates2DCG_v11_exclude_source_002_010,accepted,3.2963248508438374,10.66107060336782,3.2181638495243248
188,core_confirmed,rescue_candidate_for_2dcg_refit,0.8733333333333333,True,14.51594632157164,3,521,0.400033630011137,False,38.81625274609733,-1,123,123,125,-454.0368148238255,2,10.30275270201424,41.09356102771927,1728.1428571428648,1780.1428571428437,-458.1606166208785,124,360.0,342.0,0.95,-25.0,65.0,3.49999999999992,24.11049458723757,24.11049458723757,24.11049458723757,53.77006608468229,True,10.30275270201424,41.09356102771927,1726.3338617823754,1783.4767189252111,360.0,360.0,1.0,1.0,-25.0,65.0,13.605442176871062,13.605442176871062,21.445844194094867,15.29508529633276,1154.465548775311,2490.025415083923,3585.8924373953087,54.3044722720934,99.13061060951767,158.28005058504704,21.25912471795773,25.11863288013331,22.655365752922457,0.3219465081372831,0.694394898496344,True,15.517251188750922,117.0,304.0,583.0,499.0,10.842463892118626,9.280256401658995,15.266890636220104,0.1863047441340584,21.64258941924536,0.1545698144033081,6.375698783025253,0.2420770233035966,26.33748009628028,0.2945903865530876,583,807,10.835321374253231,14.975600850183284,7.758768442397457,-6.331483761712971,11.668516238286504,13.275615158175942,0.0,1.0,"[{""iter"":1,""scan"":""position"",""reason"":""plateau_lite_2dcg_score_0.98"",""n_rows"":189},{""iter"":1,""scan"":""size"",""reason"":""plateau_lite_2dcg_score_0.95"",""n_rows"":39},{""iter"":2,""scan"":""position"",""reason"":""plateau_lite_2dcg_score_0.98"",""n_rows"":201},{""iter"":2,""scan"":""size"",""reason"":""plateau_lite_2dcg_score_0.95"",""n_rows"":39},{""iter"":3,""scan"":""position"",""reason"":""plateau_lite_2dcg_score_0.98"",""n_rows"":201},{""iter"":3,""scan"":""size"",""reason"":""plateau_lite_2dcg_score_0.95"",""n_rows"":40}]",1.0,1.0,20.825779841545607,True,466,4212.580001122961,3389.4779143758115,2.1406641699073785,1583.3767678385846,1.0619999999999998,50.57142857142857,50.57142857142857,0.4750636242467778,31.693398083846954,50.03835669371134,50.57142857142857,73.34372760878637,0.3265541177519495,0.804608556626169,1.314506343665934,2.0753766171266426,0.2291703711363396,0.2627482373447282,True,valid,78.57142857142858,72.2857142857143,7,10.305067649602677,41.09680997784361,1726.3338617823754,1783.4767189252111,-454.0368148238255,123,338.3442243161536,338.3442243161536,1.0,-25.0,True,6.1730397897977545,0.9398450675448712,179,RefineV9Candidates2DCG_v11_exclude_source_002_010,accepted,3.1995842684466105,-24.300306424525687,0.3739656791839884
189,core_confirmed,rescue_candidate_for_2dcg_refit,0.8733333333333333,True,13.707969605277246,3,277,0.3157545174897105,False,15.218017063706826,-1,38,38,40,-103.51366207432052,2,11.344321491370843,41.653159905422136,925.1428571428604,2356.999999999994,-103.51366207432052,39,264.0,237.6,0.9,80.0,-10.0,3.49999999999992,24.11049458723757,24.11049458723757,24.11049458723757,53.77006608468229,False,11.344321491370843,41.653159905422136,924.191004639514,2357.762433210933,303.6,212.51999999999995,0.7,1.4285714285714286,-70.0,20.0,11.473922902494593,8.031746031746215,27.73767645207418,20.035676396147792,734.1948789320587,1629.4432001795294,2233.5800162186524,51.05100798365466,95.57122838729424,153.12322856880772,14.3815941727758,17.049516132369355,14.58681375187284,0.3287076682280748,0.7295208536733335,True,10.635210454672947,58.0,153.0,290.0,246.0,5.393335383729677,4.575036222060346,20.20565382916515,0.3547631104468841,28.14103609760124,0.3042428486874779,7.93538226843609,0.4673548710684629,16.979350723988993,0.2819861443947512,290,407,5.385403497045199,7.53832284192764,4.787941644983884,-3.3314837617125286,2.66851623828796,4.268461428730589,30.0,1.15,"[{""iter"":1,""scan"":""position"",""reason"":""plateau_lite_2dcg_score_0.98"",""n_rows"":181},{""iter"":1,""scan"":""pa"",""reason"":""plateau_lite_2dcg_score_0.98"",""n_rows"":37},{""iter"":1,""scan"":""size"",""reason"":""plateau_lite_2dcg_score_0.95"",""n_rows"":27},{""iter"":2,""scan"":""position"",""reason"":""plateau_lite_2dcg_score_0.98"",""n_rows"":194},{""iter"":2,""scan"":""pa"",""reason"":""plateau_lite_2dcg_score_0.98"",""n_rows"":37},{""iter"":2,""scan"":""size"",""reason"":""plateau_lite_2dcg_score_0.95"",""n_rows"":31},{""iter"":3,""scan"":""position"",""reason"":""plateau_lite_2dcg_score_0.98"",""n_rows"":193},{""iter"":3,""scan"":""pa"",""reason"":""plateau_lite_2dcg_score_0.98"",""n_rows"":37},{""iter"":3,""scan"":""size"",""reason"":""plateau_lite_2dcg_score_0.95"",""n_rows"":31}]",0.7666666666666666,0.7,27.2391999278164,True,230,3537.0340263639628,,,,,,,,30.19438744004088,51.61367479500608,,63.158165343745786,0.3654836814236092,,1.2523338055463904,2.140714061599001,0.326593802135925,0.3654836814236092,False,no_break,66.26190476190476,60.96095238095238,7,11.345567642694313,41.65389412187693,924.191004639514,2357.762433210933,-103.51366207432052,38,303.6,212.51999999999995,0.7,-70.0,False,0.0,1.15,180,RefineV9Candidates2DCG_v11_exclude_source_002_010,failed,,-1.5100474584295807,0.9007723902458444
190,core_confirmed,rescue_candidate_for_2dcg_refit,0.8733333333333333,True,12.839026139227071,3,652,0.4020443571898557,False,14.023765045439664,0,116,116,118,-425.1702022444545,2,9.998029906339104,40.88880600783818,1965.999999999999,1570.9999999999864,-425.1702022444545,116,420.0,420.0,1.0,-90.0,0.0,3.49999999999992,24.11049458723757,24.11049458723757,24.11049458723757,53.77006608468229,True,9.998029906339104,40.88880600783818,1963.3338617823667,1570.9052903537824,483.0,434.69999999999993,0.9,1.1111111111111112,-90.0,0.0,18.253968253968672,16.428571428571804,30.53263006312145,23.98107104914656,2090.4807212545384,4477.877682072562,6184.671709192306,85.01465180124488,152.04505864179632,243.01639460399863,24.58965221832417,29.45099118690872,25.44960688463173,0.3380099736171036,0.7240283547172071,True,18.115822699635416,191.0,487.0,944.0,791.0,17.556236559451087,14.710787201828188,23.76384814636169,0.1768956068917636,29.325426944731262,0.143109316036133,5.561578798369574,0.2275353424721864,24.44270300140037,0.1896503948212352,944,1326,17.452837896026388,24.51739408914604,4.635568274713772,-9.331483761713017,-0.331483761713677,9.337369580315087,0.0,1.15,"[{""iter"":1,""scan"":""position"",""reason"":""plateau_lite_2dcg_score_0.98"",""n_rows"":191},{""iter"":1,""scan"":""size"",""reason"":""plateau_lite_2dcg_score_0.95"",""n_rows"":45},{""iter"":2,""scan"":""position"",""reason"":""plateau_lite_2dcg_score_0.98"",""n_rows"":201},{""iter"":2,""scan"":""size"",""reason"":""plateau_lite_2dcg_score_0.95"",""n_rows"":43},{""iter"":3,""scan"":""position"",""reason"":""plateau_lite_2dcg_score_0.98"",""n_rows"":201},{""iter"":3,""scan"":""size"",""reason"":""plateau_lite_2dcg_score_0.95"",""n_rows"":43}]",0.85,0.9,30.373423489365635,True,751,8902.264402239125,5856.815918537028,2.987690944491682,1960.31518230996,0.9846315789473684,62.907017543859645,53.4709649122807,0.2745043122467671,47.5802746732896,89.39332705537072,62.907017543859645,102.7420627607274,0.1588789649405436,0.6579018162012693,1.9734259080058565,3.7076521484005287,0.0744075619120263,0.1045267595905614,True,valid,105.41666666666669,96.98333333333336,7,10.001459651407904,40.88873437264074,1963.3338617823667,1570.9052903537824,-425.1702022444545,116,420.8745265097147,357.7433475332575,0.8500000000000001,-90.0,True,1.9309833311493547,1.0020822059755112,181,RefineV9Candidates2DCG_v11_exclude_source_002_010,accepted,3.2923259034653443,-1.1847389062125924,0.9155191988475411
191,core_confirmed,rescue_candidate_for_2dcg_refit,0.8733333333333333,True,11.676694724320258,3,237,0.391811302376213,False,4.017244391043662,0,34,34,36,-87.01845488610851,2,11.408617754271877,42.14490923178454,879.9999999999986,2863.1428571428582,-82.89465308905551,34,264.0,211.2,0.8,45.0,-45.0,3.49999999999992,24.11049458723757,24.11049458723757,24.11049458723757,53.77006608468229,False,11.408617754271877,42.14490923178454,881.6195760680808,2863.9052903537977,303.6,242.88,0.8,1.25,25.0,-65.0,11.473922902494593,9.179138321995676,33.279193295276926,24.959024712413736,874.0858663772415,1929.1981016103875,2745.655632344853,82.93554079339359,153.37982514752295,245.5983883534828,10.539340046684408,12.57791303227042,11.179452970974342,0.318352329432789,0.7026365866439004,True,7.830879485209567,66.0,173.0,330.0,277.0,6.137243712519977,5.151565176872829,24.90462943375822,0.5033418810936919,32.87025030824765,0.4201901838816344,7.965620874489428,0.6556773901038666,12.1486892711484,0.2423352666861417,330,469,6.121918177922852,8.667726560356295,2.9440558544108164,5.668516238287607,2.66851623828796,6.265225874438751,20.0,1.15,"[{""iter"":1,""scan"":""position"",""reason"":""plateau_lite_2dcg_score_0.98"",""n_rows"":174},{""iter"":1,""scan"":""pa"",""reason"":""plateau_lite_2dcg_score_0.98"",""n_rows"":37},{""iter"":1,""scan"":""size"",""reason"":""plateau_lite_2dcg_score_0.95"",""n_rows"":27},{""iter"":2,""scan"":""position"",""reason"":""plateau_lite_2dcg_score_0.98"",""n_rows"":201},{""iter"":2,""scan"":""pa"",""reason"":""plateau_lite_2dcg_score_0.98"",""n_rows"":37},{""iter"":2,""scan"":""size"",""reason"":""plateau_lite_2dcg_score_0.95"",""n_rows"":31},{""iter"":3,""scan"":""position"",""reason"":""plateau_lite_2dcg_score_0.98"",""n_rows"":201},{""iter"":3,""scan"":""pa"",""reason"":""plateau_lite_2dcg_score_0.98"",""n_rows"":37},{""iter"":3,""scan"":""size"",""reason"":""plateau_lite_2dcg_score_0.95"",""n_rows"":31}]",0.8,0.8,34.08888677533942,True,268,3467.0436623897067,2758.171210073116,3.2131087905860016,858.4120208298597,1.0310526315789472,41.40576441102756,33.12461152882205,0.5404600655812368,27.08662906204728,41.90423226144548,41.40576441102756,62.85162485355681,0.4232687400769148,0.7955397966266191,1.1234373050308584,1.7380079910773245,0.3176901025893965,0.3367271273991941,True,valid,66.26190476190476,60.96095238095238,7,11.406502525982262,42.14566365015136,881.6195760680808,2863.9052903537977,-87.01845488610851,34,277.0220584549877,221.61764676399017,0.8,25.0,True,6.702359216666564,1.0493259789961655,182,RefineV9Candidates2DCG_v11_exclude_source_002_010,accepted,2.9336957906721564,7.659450333276596,2.9066428595564497
192,core_confirmed,rescue_candidate_for_2dcg_refit,0.8726857142857142,True,17.591875550849636,5,416,0.2223519178214056,True,15.919012925971415,-1,36,36,38,-95.2660584802145,2,11.109034664699772,41.85829434464626,1106.9999999999966,2566.857142857149,-99.3898602772675,37,319.0,287.1,0.9,-15.0,75.0,3.49999999999992,24.11049458723757,24.11049458723757,24.11049458723757,53.77006608468229,False,11.109034664699772,41.85829434464626,1106.905290353793,2573.619576068089,476.905,429.2145,0.9,1.1111111111111112,-55.0,35.0,18.023620559335257,16.22125850340173,28.22443318070777,15.869200331208566,3613.900412239684,7468.497912165728,10427.816524977326,113.42717510719426,201.65073878038515,311.3158429553061,31.860975192447224,37.03679915747573,33.49593912724316,0.3465634827371055,0.716209179004707,True,23.177174318868506,183.0,461.0,844.0,623.0,15.696465737475334,11.586372220908926,16.47010153096064,0.2398250351834225,27.31882930576835,0.2091397237696922,10.84872777480771,0.3182066491435919,34.093340927996074,0.3971153980788265,844,1053,15.224925211177384,19.053530187757868,13.53899065445831,-0.3314837617128812,23.668516238289072,23.67083738287332,40.0,1.495,"[{""iter"":1,""scan"":""position"",""reason"":""plateau_lite_2dcg_score_0.98"",""n_rows"":182},{""iter"":1,""scan"":""pa"",""reason"":""plateau_lite_2dcg_score_0.98"",""n_rows"":37},{""iter"":1,""scan"":""size"",""reason"":""plateau_lite_2dcg_score_0.95"",""n_rows"":33},{""iter"":2,""scan"":""position"",""reason"":""plateau_lite_2dcg_score_0.98"",""n_rows"":201},{""iter"":2,""scan"":""pa"",""reason"":""plateau_lite_2dcg_score_0.98"",""n_rows"":37},{""iter"":2,""scan"":""size"",""reason"":""plateau_lite_2dcg_score_0.95"",""n_rows"":44},{""iter"":3,""scan"":""position"",""reason"":""plateau_lite_2dcg_score_0.98"",""n_rows"":201},{""iter"":3,""scan"":""pa"",""reason"":""plateau_lite_2dcg_score_0.98"",""n_rows"":37},{""iter"":3,""scan"":""size"",""reason"":""plateau_lite_2dcg_score_0.95"",""n_rows"":44}]",0.9,0.9,29.87673704098043,True,587,11978.124199983971,9660.599243033555,4.749407299301169,2034.064175640405,1.2786315789473683,80.65949644945697,72.59354680451128,0.334299714850093,48.19979227268639,79.649483983304,80.65949644945697,100.53912220227068,0.1804305666170955,0.8065202098210403,1.9991208433442929,3.3035192909507924,0.1029214375988246,0.1455208984461491,True,valid,104.08640873015872,95.75949603174602,7,11.109201932196788,41.86486875488221,1106.905290353793,2573.619576068089,-95.2660584802145,36,539.646111071925,485.68149996473255,0.9,-55.0,True,2.720372930060543,1.6916805989715518,183,RefineV9Candidates2DCG_v11_exclude_source_002_010,accepted,3.308364650989293,1.6728626248782206,1.1050858261537682
193,core_confirmed,rescue_candidate_for_2dcg_refit,0.871663467690339,True,17.462907056112453,3,403,0.2045661349820696,False,18.16581762762137,-1,121,121,123,-445.7892112297195,2,10.223365831157285,41.034658240860345,1789.9999999999957,1719.8571428571386,-445.7892112297195,122,360.0,252.0,0.7,75.0,-15.0,3.49999999999992,24.11049458723757,24.11049458723757,24.11049458723757,53.77006608468229,False,10.223365831157285,41.034658240860345,1789.9052903537918,1718.9052903537918,360.0,288.0,0.8,1.25,60.0,-30.0,13.605442176871062,10.884353741496849,22.42678890534818,14.830506647293676,1141.025025213315,2482.8619831011274,3509.48240322118,53.00966832236281,97.043462527349,153.8946646140212,21.52484747262527,25.585051464970164,22.804444923566468,0.3251262990137875,0.7074724126903248,True,15.97927294263892,95.0,245.0,462.0,389.0,8.592141197527967,7.234508497485669,14.98766055149084,0.2260307785238276,22.868381281913045,0.188348920057234,7.880720730422205,0.2942196943218009,26.785157086740487,0.3446120927087737,462,655,8.575020499117748,12.003053638524088,9.23048903719488,-0.331483761713677,-3.3314837617137223,3.3479345183026004,15.0,1.0,"[{""iter"":1,""scan"":""position"",""reason"":""plateau_lite_2dcg_score_0.98"",""n_rows"":201},{""iter"":1,""scan"":""pa"",""reason"":""plateau_lite_2dcg_score_0.98"",""n_rows"":37},{""iter"":1,""scan"":""size"",""reason"":""plateau_lite_2dcg_score_0.95"",""n_rows"":39},{""iter"":2,""scan"":""position"",""reason"":""plateau_lite_2dcg_score_0.98"",""n_rows"":201},{""iter"":2,""scan"":""pa"",""reason"":""plateau_lite_2dcg_score_0.98"",""n_rows"":37},{""iter"":2,""scan"":""size"",""reason"":""plateau_lite_2dcg_score_0.95"",""n_rows"":40},{""iter"":3,""scan"":""position"",""reason"":""plateau_lite_2dcg_score_0.98"",""n_rows"":201},{""iter"":3,""scan"":""pa"",""reason"":""plateau_lite_2dcg_score_0.98"",""n_rows"":37},{""iter"":3,""scan"":""size"",""reason"":""plateau_lite_2dcg_score_0.95"",""n_rows"":40}]",0.8,0.8,21.56876985512164,True,375,4542.861035027196,3344.5885812349334,2.042016327668456,1637.885327319461,1.0465263157894735,49.83458646616541,39.86766917293234,0.4179014110638276,33.87094638531731,57.93728601639317,49.83458646616541,74.87184659339283,0.2863525933210597,0.7362295600606923,1.404821716234981,2.4029903578610603,0.1778704341934499,0.2108212438030021,True,valid,78.57142857142858,72.2857142857143,7,10.223494386235831,41.033733322983,1789.9052903537918,1718.9052903537918,-445.7892112297195,121,333.4144393053027,266.73155144424226,0.8000000000000003,60.0,True,4.843024927003214,0.9261512202925076,184,RefineV9Candidates2DCG_v11_exclude_source_002_010,accepted,3.214283492384279,-0.7029105715089159,0.9613058665501446
194,core_confirmed,rescue_candidate_for_2dcg_refit,0.8643789607097592,True,22.116017766676865,3,487,0.2629145272353397,False,27.54065476001817,0,74,74,76,-251.97052676822847,2,11.058210656561602,41.262757778178745,1143.2857142857188,1954.1428571428537,-251.97052676822847,74,319.0,287.1,0.9,25.0,-65.0,3.49999999999992,24.11049458723757,24.11049458723757,24.11049458723757,53.77006608468229,False,11.058210656561602,41.262757778178745,1143.1910046395149,1951.476718925221,366.85,293.48,0.8,1.25,-5.0,85.0,13.864323507180968,11.091458805744772,34.28518126472964,25.05784669995948,1515.6035095083198,3231.38159544392,4466.029929348757,48.85056150110745,89.40873463033145,143.28218036075202,31.0253037618403,36.14167685969789,31.16947214304184,0.3393625957471645,0.7235467846305106,True,22.12347547967427,98.0,253.0,484.0,411.0,9.001290778362632,7.6436580783203345,25.31394016841669,0.2010650750527993,34.62947094035273,0.1689593018183913,9.315530771936048,0.2626297966281551,35.4701975614955,0.2690058646284695,484,679,8.993947728046923,12.600096816682672,9.541691163572729,-0.331483761713677,-9.331483761713812,9.337369580315883,30.0,1.15,"[{""iter"":1,""scan"":""position"",""reason"":""plateau_lite_2dcg_score_0.98"",""n_rows"":187},{""iter"":1,""scan"":""pa"",""reason"":""plateau_lite_2dcg_score_0.98"",""n_rows"":37},{""iter"":1,""scan"":""size"",""reason"":""plateau_lite_2dcg_score_0.95"",""n_rows"":34},{""iter"":2,""scan"":""position"",""reason"":""plateau_lite_2dcg_score_0.98"",""n_rows"":199},{""iter"":2,""scan"":""pa"",""reason"":""plateau_lite_2dcg_score_0.98"",""n_rows"":37},{""iter"":2,""scan"":""size"",""reason"":""plateau_lite_2dcg_score_0.95"",""n_rows"":38},{""iter"":3,""scan"":""position"",""reason"":""plateau_lite_2dcg_score_0.98"",""n_rows"":201},{""iter"":3,""scan"":""pa"",""reason"":""plateau_lite_2dcg_score_0.98"",""n_rows"":37},{""iter"":3,""scan"":""size"",""reason"":""plateau_lite_2dcg_score_0.95"",""n_rows"":39}]",0.7333333333333334,0.8,34.68133087315998,True,388,6172.546425146402,4609.313945253851,1.973807651730435,2335.239678097747,1.1393684210526316,55.28800334168756,40.544535783904216,0.3698455535705523,36.41649855451964,61.287664778242,55.28800334168756,76.26266777966828,0.2657512750623409,0.7467443138987044,1.5104003123103087,2.5419497122503425,0.1614734959155575,0.1984482535641336,True,valid,80.06646825396825,73.66115079365079,7,11.05831832625266,41.26016532739594,1143.1910046395149,1951.476718925221,-251.97052676822847,74,369.9001023514839,271.26007505775493,0.7333333333333335,-5.0,True,4.749648704122284,1.1595614493776925,185,RefineV9Candidates2DCG_v11_exclude_source_002_010,accepted,3.368331461147699,-5.424636993341306,0.8030316620788385
195,core_confirmed,rescue_candidate_for_2dcg_refit,0.8589751243781094,True,14.980500252335853,3,664,0.4058917592735745,False,14.929292982757117,-1,48,48,50,-144.7516800448505,2,11.289458813394807,42.16294852921433,971.0000000000076,2880.9999999999764,-148.87548184190348,49,420.0,420.0,1.0,-90.0,0.0,3.49999999999992,24.11049458723757,24.11049458723757,24.11049458723757,53.77006608468229,True,11.289458813394807,42.16294852921433,967.4767189252324,2880.905290353773,483.0,483.0,1.0,1.0,-90.0,0.0,18.253968253968672,18.253968253968672,14.734199634127748,9.094449574399269,1992.796796946448,4409.129625682224,5921.737562714903,94.94116722560072,156.37655752953856,241.39621009878687,20.98980721620088,28.195592071716806,24.53119525071061,0.3365223088395059,0.7445668739937873,True,18.22912281220976,211.0,543.0,1050.0,879.0,19.527593630745383,16.347385525166846,9.477383031487337,0.1552380613456182,13.415041566655358,0.1267394973149902,3.937658535168021,0.2004039816720275,19.648604295758066,0.2935256305843679,1050,1464,18.704431538237017,26.548099995203344,5.7673689660151055,-12.331483761712663,-0.3314837617112895,12.33593828006858,0.0,1.15,"[{""iter"":1,""scan"":""position"",""reason"":""plateau_lite_2dcg_score_0.98"",""n_rows"":190},{""iter"":1,""scan"":""size"",""reason"":""plateau_lite_2dcg_score_0.95"",""n_rows"":44},{""iter"":2,""scan"":""position"",""reason"":""plateau_lite_2dcg_score_0.98"",""n_rows"":201},{""iter"":2,""scan"":""size"",""reason"":""plateau_lite_2dcg_score_0.95"",""n_rows"":41},{""iter"":3,""scan"":""position"",""reason"":""plateau_lite_2dcg_score_0.98"",""n_rows"":201},{""iter"":3,""scan"":""size"",""reason"":""plateau_lite_2dcg_score_0.95"",""n_rows"":41}]",0.9,1.0,14.45321269726682,True,839,8649.183873573735,5968.581012598044,3.109464065442098,1919.4886600979075,1.0465263157894735,66.86140350877193,60.17526315789474,0.2541361153583458,48.60308882659816,89.21877024007645,66.86140350877193,102.88624252850416,0.1441499900879424,0.6900744740592387,2.01584785624121,3.7004122796926233,0.0700618667135588,0.0994742285955813,True,valid,105.41666666666669,96.98333333333336,7,11.294079154427962,42.16283250286736,967.4767189252324,2880.905290353773,-144.7516800448505,48,447.3310394012812,402.5979354611531,0.9000000000000001,-90.0,True,1.604995353273066,1.0650739033363836,186,RefineV9Candidates2DCG_v11_exclude_source_002_010,accepted,3.283185550748057,0.051207269578736,1.0034299862450204
196,core_confirmed,rescue_candidate_for_2dcg_refit,0.8539752252252252,True,19.744083999126527,3,444,0.0996783178651794,False,26.95779617577977,1,120,120,122,-441.6654094326665,2,10.271969664757444,41.06512107635332,1752.142857142857,1750.9999999999936,-437.5416076356135,119,382.8,267.96,0.7,-5.0,85.0,3.49999999999992,24.11049458723757,24.11049458723757,24.11049458723757,53.77006608468229,False,10.271969664757444,41.06512107635332,1752.0481474966534,1748.3338617823613,382.8,229.68,0.6,1.6666666666666667,10.0,-80.0,14.46712018140623,8.680272108843738,32.042403911003774,26.764837623616867,808.3174178660827,1615.84024643271,2058.2508520808933,44.93737288133285,84.03961686778587,132.79354332108954,17.98764293588379,19.22712533274405,15.499630483570456,0.3927205554409819,0.7850550601250058,True,11.556668352094665,77.0,207.0,390.0,336.0,7.253106205705428,6.248829961838522,26.87693857778467,0.2331558404303781,32.14455911277381,0.193613321158442,5.267620534989142,0.3030639603397242,17.381217248940853,0.1638728506590672,390,545,7.241111273392276,10.076456826965488,2.848309618508488,-0.3314837617128812,-9.331483761713017,9.33736958031506,15.0,1.0,"[{""iter"":1,""scan"":""position"",""reason"":""plateau_lite_2dcg_score_0.98"",""n_rows"":73},{""iter"":1,""scan"":""pa"",""reason"":""plateau_lite_2dcg_score_0.98"",""n_rows"":37},{""iter"":1,""scan"":""size"",""reason"":""plateau_lite_2dcg_score_0.95"",""n_rows"":31},{""iter"":2,""scan"":""position"",""reason"":""plateau_lite_2dcg_score_0.98"",""n_rows"":199},{""iter"":2,""scan"":""pa"",""reason"":""plateau_lite_2dcg_score_0.98"",""n_rows"":37},{""iter"":2,""scan"":""size"",""reason"":""plateau_lite_2dcg_score_0.95"",""n_rows"":30},{""iter"":3,""scan"":""position"",""reason"":""plateau_lite_2dcg_score_0.98"",""n_rows"":195},{""iter"":3,""scan"":""pa"",""reason"":""plateau_lite_2dcg_score_0.98"",""n_rows"":37},{""iter"":3,""scan"":""size"",""reason"":""plateau_lite_2dcg_score_0.95"",""n_rows"":30}]",0.5,0.6,32.04098519310826,True,318,3232.402923253432,,,,,,,,41.494849257123626,68.1588388713449,,80.83143104916662,0.2387302234636965,,1.7210285382983443,2.826936570078636,0.1819756874160928,0.2387302234636965,False,no_break,83.54761904761907,76.86380952380955,7,10.272108058156936,41.06252944757773,1752.0481474966534,1748.3338617823613,-441.6654094326665,120,382.8,229.68,0.6,10.0,False,0.0,1.0,187,RefineV9Candidates2DCG_v11_exclude_source_002_010,failed,,-7.213712176653242,0.7324071994010252
197,core_confirmed,rescue_candidate_for_2dcg_refit,0.8518010752688171,True,19.65764221928643,3,534,0.46209695530936,False,14.761601682958451,1,79,79,81,-272.58953575349346,2,10.516280352737404,41.47810022833324,1561.8571428571431,2175.1428571428555,-268.4657339564405,78,360.0,360.0,1.0,-90.0,0.0,3.49999999999992,24.11049458723757,24.11049458723757,24.11049458723757,53.77006608468229,True,10.516280352737404,41.47810022833324,1561.7624332109392,2172.4767189252234,360.0,360.0,1.0,1.0,-90.0,0.0,13.605442176871062,13.605442176871062,41.92869281528835,34.79028630942692,1452.300995409753,3037.649868805204,4154.552586411352,49.011425072279984,89.95469406185671,143.50069654182496,29.63188671351549,33.76866433136202,28.95144543915477,0.3495685673013065,0.7311617329723309,True,20.573358774584843,116.0,304.0,582.0,499.0,10.823866183898868,9.280256401658995,35.13741294173931,0.1690641497087491,41.87882588675733,0.1398944729062077,6.74141294501802,0.2194382607168769,30.721228481280704,0.1609742585249924,582,809,10.78705949472303,14.99111418169312,4.9453269757510405,-0.331483761713677,-9.33148376171222,9.337369580314292,0.0,1.0,"[{""iter"":1,""scan"":""position"",""reason"":""plateau_lite_2dcg_score_0.98"",""n_rows"":147},{""iter"":1,""scan"":""size"",""reason"":""plateau_lite_2dcg_score_0.95"",""n_rows"":39},{""iter"":2,""scan"":""position"",""reason"":""plateau_lite_2dcg_score_0.98"",""n_rows"":201},{""iter"":2,""scan"":""size"",""reason"":""plateau_lite_2dcg_score_0.95"",""n_rows"":39},{""iter"":3,""scan"":""position"",""reason"":""plateau_lite_2dcg_score_0.98"",""n_rows"":201},{""iter"":3,""scan"":""size"",""reason"":""plateau_lite_2dcg_score_0.95"",""n_rows"":38}]",1.0,1.0,41.96450485421062,True,468,5760.436935653988,4136.460589793987,1.8345513441551868,2254.7532414247216,1.0001052631578946,47.62406015037594,47.62406015037594,0.4341334472587588,33.14356379283015,60.31202710172063,47.62406015037594,75.9860267680501,0.3132210925862091,0.7180810476704526,1.3746530031936406,2.5014844421169875,0.1918350334174897,0.2249181303167888,True,valid,78.57142857142858,72.2857142857143,7,10.516409988406616,41.47550831592322,1561.7624332109392,2172.4767189252234,-272.58953575349346,79,318.6250842727501,318.6250842727501,1.0,-90.0,True,6.456895487744317,0.885069678535417,188,RefineV9Candidates2DCG_v11_exclude_source_002_010,accepted,3.3530990199383828,4.896040536327979,1.3316740717899345
198,core_confirmed,rescue_candidate_for_2dcg_refit,0.8393229706390327,True,25.38339250222166,3,738,0.1144790520296675,False,12.312321846598886,1,80,80,82,-276.7133375505465,2,10.478385694890036,41.50220587399261,1590.9999999999911,2199.9999999999955,-272.58953575349346,79,420.0,399.0,0.95,-45.0,45.0,3.49999999999992,24.11049458723757,24.11049458723757,24.11049458723757,53.77006608468229,True,10.478385694890036,41.50220587399261,1591.76243321093,2198.1910046395064,420.0,378.0,0.9,1.1111111111111112,-45.0,45.0,15.873015873016238,14.285714285714612,31.98401378207508,25.19423675091188,1844.510407703092,3740.8753748971512,4820.741692125874,53.767792805777134,98.88832644881884,159.2238202145846,34.30511671486924,37.82929198254051,30.276510673019907,0.3826196310654617,0.7759958142970905,True,22.48255870932733,143.0,370.0,710.0,602.0,13.20437283602783,11.19582034829402,25.530729387870217,0.1517716782188739,32.38215584001424,0.1281806156554081,6.851426452144025,0.1986577774444606,34.48858907152275,0.2115803063265417,710,993,13.18082190808704,18.363433392399784,7.297106240523004,2.6685162382863683,-6.33148376171138,6.870856244953238,0.0,1.0,"[{""iter"":1,""scan"":""position"",""reason"":""plateau_lite_2dcg_score_0.98"",""n_rows"":201},{""iter"":1,""scan"":""size"",""reason"":""plateau_lite_2dcg_score_0.95"",""n_rows"":44},{""iter"":2,""scan"":""position"",""reason"":""plateau_lite_2dcg_score_0.98"",""n_rows"":201},{""iter"":2,""scan"":""size"",""reason"":""plateau_lite_2dcg_score_0.95"",""n_rows"":41},{""iter"":3,""scan"":""position"",""reason"":""plateau_lite_2dcg_score_0.98"",""n_rows"":201},{""iter"":3,""scan"":""size"",""reason"":""plateau_lite_2dcg_score_0.95"",""n_rows"":41}]",0.85,0.9,31.84252857132882,True,576,7115.51189984886,4693.946532713931,1.954866475208248,2401.159666014475,1.0001052631578946,55.56140350877193,47.22719298245614,0.3337970382342713,40.11609218945988,75.4234158068028,55.56140350877193,88.82659634184131,0.2321403271302416,0.6596779822423788,1.663843603220589,3.128240092043849,0.1187206677102387,0.1531378625983635,True,valid,91.66666666666669,84.33333333333334,7,10.477401575552705,41.5004453535005,1591.76243321093,2198.1910046395064,-276.7133375505465,80,371.7292649848751,315.9698752371438,0.85,-45.0,True,3.797026173329629,0.885069678535417,189,RefineV9Candidates2DCG_v11_exclude_source_002_010,accepted,3.380421039592021,13.071070655622774,2.061625160426868
199,core_confirmed,rescue_candidate_for_2dcg_refit,0.8166666666666667,True,25.669235772778087,4,433,0.1551824779517653,True,18.3176282372223,0,59,59,61,-190.1134998124335,2,10.91180504742452,41.82495433732096,1258.0000000000032,2531.999999999981,-190.1134998124335,59,319.0,287.1,0.9,-45.0,45.0,3.49999999999992,24.11049458723757,24.11049458723757,24.11049458723757,53.77006608468229,False,10.91180504742452,41.82495433732096,1258.7624332109422,2532.7624332109203,319.0,319.0,1.0,1.0,35.0,-55.0,12.055933484505193,12.055933484505193,43.02479958375184,34.213903732501265,1390.6624936081057,2898.201322114546,4026.579404021513,42.98300400956158,77.60240495617667,125.8024567659171,32.353776234410056,37.34679774101341,32.00716033323452,0.3453706866476277,0.7197675821865058,True,22.35035384634675,94.0,236.0,457.0,390.0,8.49915265642918,7.253106205705428,33.9798466614365,0.1861848162437678,42.533658645887286,0.1576297288501064,8.553811984450789,0.243950645043385,35.06369898275755,0.2011068940874636,457,642,8.485643759964484,11.88658245491933,7.051551597640131,2.6685162382863683,2.66851623828796,3.773851855598541,80.0,1.0,"[{""iter"":1,""scan"":""position"",""reason"":""plateau_lite_2dcg_score_0.98"",""n_rows"":201},{""iter"":1,""scan"":""pa"",""reason"":""plateau_lite_2dcg_score_0.98"",""n_rows"":37},{""iter"":1,""scan"":""size"",""reason"":""plateau_lite_2dcg_score_0.95"",""n_rows"":35},{""iter"":2,""scan"":""position"",""reason"":""plateau_lite_2dcg_score_0.98"",""n_rows"":201},{""iter"":2,""scan"":""pa"",""reason"":""plateau_lite_2dcg_score_0.98"",""n_rows"":37},{""iter"":2,""scan"":""size"",""reason"":""plateau_lite_2dcg_score_0.95"",""n_rows"":35},{""iter"":3,""scan"":""position"",""reason"":""plateau_lite_2dcg_score_0.98"",""n_rows"":201},{""iter"":3,""scan"":""pa"",""reason"":""plateau_lite_2dcg_score_0.98"",""n_rows"":37},{""iter"":3,""scan"":""size"",""reason"":""plateau_lite_2dcg_score_0.95"",""n_rows"":35}]",1.0,1.0,43.28783884064583,True,367,6018.23990675542,4827.40985877657,1.9271696356474104,2504.9221249041,1.2167368421052631,51.34114452798664,51.34114452798664,0.4714374986184039,30.67964228481621,50.70639045686045,51.34114452798664,66.05805203755376,0.3500616463144784,0.8021298475253282,1.2724600971502211,2.10308379504172,0.2489242009259263,0.280794894982698,True,valid,69.62301587301589,64.05317460317463,7,10.910812938728927,41.825697557279696,1258.7624332109422,2532.7624332109203,-190.1134998124335,59,343.49394928185376,343.49394928185376,1.0,35.0,True,8.259728441052761,1.076783540068507,190,RefineV9Candidates2DCG_v11_exclude_source_002_010,accepted,3.3987942287062007,7.351607535555786,1.4013405797054537
200,core_confirmed,rescue_candidate_for_2dcg_refit,0.8166666666666667,True,21.70534797561075,4,875,0.2787676047805055,True,10.287378716171068,0,82,82,84,-284.96094114465245,2,10.921562183828277,41.28534085678299,1248.9999999999957,1976.999999999991,-284.96094114465245,82,420.0,420.0,1.0,-90.0,0.0,3.49999999999992,24.11049458723757,24.11049458723757,24.11049458723757,53.77006608468229,True,10.921562183828277,41.28534085678299,1252.333861782363,1976.905290353787,546.0,436.8,0.8,1.25,-90.0,0.0,20.63492063492111,16.507936507936886,25.887355184232508,16.588187872512187,3400.9137890144984,7059.960121517043,9931.510688917304,70.2902492016577,127.44776565346186,205.6491139711844,48.38386301999755,55.39493050598863,48.29347667556162,0.3424367042981306,0.7108646753404133,True,33.24122460426979,218.0,553.0,1068.0,900.0,19.86235237870101,16.737937397781756,16.540294453229365,0.1309165528044839,25.199948419163345,0.1088796987065035,8.65965396593398,0.1702760481941844,50.85655943846211,0.343637765518152,1068,1501,19.84361192436794,27.81429979620124,17.476234447374203,11.668516238286504,-0.331483761713677,11.673223748709509,0.0,1.3,"[{""iter"":1,""scan"":""position"",""reason"":""plateau_lite_2dcg_score_0.98"",""n_rows"":201},{""iter"":1,""scan"":""size"",""reason"":""plateau_lite_2dcg_score_0.95"",""n_rows"":45},{""iter"":2,""scan"":""position"",""reason"":""plateau_lite_2dcg_score_0.98"",""n_rows"":201},{""iter"":2,""scan"":""size"",""reason"":""plateau_lite_2dcg_score_0.95"",""n_rows"":45},{""iter"":3,""scan"":""position"",""reason"":""plateau_lite_2dcg_score_0.98"",""n_rows"":201},{""iter"":3,""scan"":""size"",""reason"":""plateau_lite_2dcg_score_0.95"",""n_rows"":45}]",0.8,0.8,26.30091125613915,True,855,14998.203650707796,10843.494832622784,2.843810650223371,3813.015761710811,1.092947368421053,78.93508771929825,63.148070175438605,0.2789294589882324,53.89379285351365,94.5166633399606,78.93508771929825,115.37618692201572,0.1341652868377532,0.7229862378959667,2.235283588169996,3.920146183562372,0.0648789599568284,0.0969996559870604,True,valid,119.16666666666669,109.63333333333334,7,10.917248419505116,41.28525753261438,1252.333861782363,1976.905290353787,-284.96094114465245,82,528.1090880790807,422.4872704632646,0.8,-90.0,True,2.310834528827463,1.257402590664478,191,RefineV9Candidates2DCG_v11_exclude_source_002_010,accepted,3.581268600503118,11.417969259439682,2.109900740943016
201,core_confirmed,rescue_candidate_for_2dcg_refit,0.8166666666666667,True,17.984262873563697,4,332,0.2863666890005392,True,16.44705698938126,-1,94,94,96,-334.4465627092885,2,10.812190238665014,41.12092945721941,1333.2857142857165,1807.7142857142903,-334.4465627092885,95,264.0,237.6,0.9,45.0,-45.0,3.49999999999992,24.11049458723757,24.11049458723757,24.11049458723757,53.77006608468229,False,10.812190238665014,41.12092945721941,1334.0481474966557,1808.4767189252293,264.0,264.0,1.0,1.0,45.0,-45.0,9.977324263038778,9.977324263038778,40.32047622670449,33.75789961743666,682.6703336419548,1465.7767243036496,2054.086478700832,36.82374571339323,68.92637862397314,110.90095428043097,18.53886182452264,21.265831073182785,18.52181067357404,0.3323474160998956,0.7135905617911099,True,13.008958542865397,61.0,163.0,313.0,257.0,5.821082672784099,4.779611012477679,33.85267259021072,0.239045891626202,40.51990872914352,0.1991318176575358,6.6672361389328,0.3111212289557883,21.429704945914327,0.1645422299319608,313,438,5.809405040375768,8.104040095465313,3.526091438584714,2.6685162382863683,2.6685162382863683,3.773851855597416,0.0,1.0,"[{""iter"":1,""scan"":""position"",""reason"":""plateau_lite_2dcg_score_0.98"",""n_rows"":173},{""iter"":1,""scan"":""pa"",""reason"":""plateau_lite_2dcg_score_0.98"",""n_rows"":37},{""iter"":1,""scan"":""size"",""reason"":""plateau_lite_2dcg_score_0.95"",""n_rows"":26},{""iter"":2,""scan"":""position"",""reason"":""plateau_lite_2dcg_score_0.98"",""n_rows"":198},{""iter"":2,""scan"":""pa"",""reason"":""plateau_lite_2dcg_score_0.98"",""n_rows"":37},{""iter"":2,""scan"":""size"",""reason"":""plateau_lite_2dcg_score_0.95"",""n_rows"":24},{""iter"":3,""scan"":""position"",""reason"":""plateau_lite_2dcg_score_0.98"",""n_rows"":196},{""iter"":3,""scan"":""pa"",""reason"":""plateau_lite_2dcg_score_0.98"",""n_rows"":37},{""iter"":3,""scan"":""size"",""reason"":""plateau_lite_2dcg_score_0.95"",""n_rows"":24}]",1.0,1.0,40.188485531698106,True,250,2693.8832148185884,2150.26574977949,1.5068023460363034,1427.0390243523575,1.092947368421053,38.16641604010026,38.16641604010026,0.5844492808496389,23.918286722003337,38.268540061833,38.16641604010026,54.03550763377871,0.5082112977237073,0.7982030319470598,0.9920280413768044,1.5872150578814634,0.405655798712813,0.405655798712813,True,valid,57.61904761904762,53.00952380952381,7,10.811207686744886,41.12167179636229,1334.0481474966557,1808.4767189252293,-334.4465627092885,94,255.349449181094,255.349449181094,1.0,45.0,True,11.220418840728266,0.9672327620495984,192,RefineV9Candidates2DCG_v11_exclude_source_002_010,accepted,3.1544358496592526,1.5372058841824376,1.0934638875012659
202,core_confirmed,rescue_candidate_for_2dcg_refit,0.8166666666666667,True,16.573418458920752,4,294,0.0968675437559426,True,8.152394982653309,1,144,144,146,-540.6366525619385,2,10.21331255220584,40.63709955509797,1800.0000000000025,1310.9999999999925,-536.5128507648855,143,264.0,237.6,0.9,-65.0,25.0,3.49999999999992,24.11049458723757,24.11049458723757,24.11049458723757,53.77006608468229,False,10.21331255220584,40.63709955509797,1800.7624332109417,1313.4767189252173,264.0,211.2,0.8,1.25,20.0,-70.0,9.977324263038778,7.981859410431023,45.00617980395343,37.60376384188776,726.5916006615921,1474.094175261141,1865.4088224405496,45.44048864584769,85.37074906954149,137.99732221730994,15.989960106381634,17.266970142904214,13.51771753587374,0.3895079683985726,0.7902257979741704,True,10.223712538750192,49.0,131.0,252.0,214.0,4.686622471378891,3.979909559028106,37.52381627645411,0.368915921801453,44.25758507130373,0.3160750978973785,6.733768794849617,0.4858008078106223,13.861172494127702,0.1521494854272051,252,350,4.67764862700137,6.4742866437029765,2.108970262399259,2.668516238287164,8.66851623828646,9.069958802962574,85.0,1.0,"[{""iter"":1,""scan"":""position"",""reason"":""plateau_lite_2dcg_score_0.98"",""n_rows"":172},{""iter"":1,""scan"":""pa"",""reason"":""plateau_lite_2dcg_score_0.98"",""n_rows"":37},{""iter"":1,""scan"":""size"",""reason"":""plateau_lite_2dcg_score_0.95"",""n_rows"":23},{""iter"":2,""scan"":""position"",""reason"":""plateau_lite_2dcg_score_0.98"",""n_rows"":171},{""iter"":2,""scan"":""pa"",""reason"":""plateau_lite_2dcg_score_0.98"",""n_rows"":37},{""iter"":2,""scan"":""size"",""reason"":""plateau_lite_2dcg_score_0.95"",""n_rows"":22},{""iter"":3,""scan"":""position"",""reason"":""plateau_lite_2dcg_score_0.98"",""n_rows"":179},{""iter"":3,""scan"":""pa"",""reason"":""plateau_lite_2dcg_score_0.98"",""n_rows"":37},{""iter"":3,""scan"":""size"",""reason"":""plateau_lite_2dcg_score_0.95"",""n_rows"":22}]",0.7333333333333334,0.8,44.371837943749085,True,199,2250.7811344722286,1798.7975472314165,1.590667176751446,1130.8447005897403,0.969157894736842,33.84360902255639,24.81864661654136,0.5983324084415095,21.37809489013132,33.90492898676842,33.84360902255639,53.64628000307046,0.5920212855344649,0.7991881217065582,0.8866717691244459,1.4062311689248936,0.4731363791965909,0.4731363791965909,True,valid,57.61904761904762,53.00952380952381,7,10.212318691573186,40.63950355925148,1800.7624332109417,1313.4767189252173,-540.6366525619385,144,226.4280437841021,166.04723210834155,0.7333333333333334,20.0,True,11.911908042185011,0.8576819840306897,193,RefineV9Candidates2DCG_v11_exclude_source_002_010,accepted,3.053402967164289,8.421023476267443,2.0329508683258997
203,core_confirmed,rescue_candidate_for_2dcg_refit,0.815962165688193,True,18.484141031470173,4,405,0.290774790332373,True,14.803043208811324,0,117,117,119,-429.2940040415075,2,9.98093619471502,40.941205282566266,1978.857142857143,1625.0000000000048,-429.2940040415075,117,300.0,300.0,1.0,-90.0,0.0,3.49999999999992,24.11049458723757,24.11049458723757,24.11049458723757,53.77006608468229,True,9.98093619471502,40.941205282566266,1977.0481474966527,1624.9052903538009,345.0,345.0,1.0,1.0,-90.0,0.0,13.038548752834766,13.038548752834766,20.01305914036181,13.177785599088368,1191.6403164724688,2639.4032611910247,3636.3655239574746,58.70169431775231,110.03664585674429,176.01845365411134,20.29993052708358,23.986584111508087,20.65900164708405,0.3277009169242152,0.7258355200548017,True,14.972830163781856,106.0,281.0,532.0,448.0,9.893980772910991,8.331773282451362,13.125202419885497,0.2227581881273344,19.712130775907333,0.1889008488057589,6.586928356021838,0.2920697537529504,22.55258639891019,0.3341560803803386,532,752,9.892850108335114,13.97661171013508,7.536083873498766,-6.331483761713767,-0.331483761713677,6.340155211753492,0.0,1.15,"[{""iter"":1,""scan"":""position"",""reason"":""plateau_lite_2dcg_score_0.98"",""n_rows"":200},{""iter"":1,""scan"":""size"",""reason"":""plateau_lite_2dcg_score_0.95"",""n_rows"":34},{""iter"":2,""scan"":""position"",""reason"":""plateau_lite_2dcg_score_0.98"",""n_rows"":201},{""iter"":2,""scan"":""size"",""reason"":""plateau_lite_2dcg_score_0.95"",""n_rows"":39},{""iter"":3,""scan"":""position"",""reason"":""plateau_lite_2dcg_score_0.98"",""n_rows"":201},{""iter"":3,""scan"":""size"",""reason"":""plateau_lite_2dcg_score_0.95"",""n_rows"":39}]",1.0,1.0,20.391616453894613,True,425,5302.038698366056,3947.9674362103415,2.3771793967870214,1660.7780807567094,1.0774736842105264,49.170426065162914,49.170426065162914,0.4296936210377075,32.77068760830508,55.844559267770734,49.170426065162914,72.22061284753843,0.302420183701153,0.744613093342189,1.359187696865066,2.3161930198367218,0.1931531184154466,0.2251860284748285,True,valid,75.29761904761905,69.27380952380953,7,9.983265481699132,40.94112743301482,1977.0481474966527,1624.9052903538009,-429.2940040415075,117,328.97092560504603,328.97092560504603,1.0,-90.0,True,5.295725692739266,1.09656975201682,194,RefineV9Candidates2DCG_v11_exclude_source_002_010,accepted,3.2203116043106883,3.681097822658849,1.248671693430424
204,core_confirmed,rescue_candidate_for_2dcg_refit,0.8140337710385548,True,8.582562643909178,3,192,0.1884387151934888,False,,1,27,27,29,-58.15184230673751,2,11.270787365146626,41.94718463094173,983.7142857142946,2658.999999999969,-54.0280405096845,26,264.0,250.8,0.95,-15.0,75.0,3.49999999999992,24.11049458723757,24.11049458723757,24.11049458723757,53.77006608468229,True,11.270787365146626,41.94718463094173,983.6195760680912,2658.905290353766,303.6,273.23999999999995,0.9,1.1111111111111112,-15.0,75.0,11.473922902494593,10.326530612245133,37.44563800926392,30.03970321513385,1026.3240052332385,2067.5993037740736,2762.413678210516,104.41575726557194,192.1454751937909,310.0728080270228,9.829206166870744,10.760593252007462,8.908919475356807,0.371531611405171,0.7484756248070198,True,6.358812943917789,75.0,194.0,373.0,318.0,6.93694516596955,5.914071213882887,29.907154863524767,0.5624389233239584,36.96399388950544,0.4776953434465354,7.056839025980672,0.7379230201181672,9.56311001769619,0.1909111620101257,373,519,6.927166427682186,9.623618665492687,1.825704445909054,-0.3314837617124833,-0.3314837617112895,0.4687888315194011,0.0,1.15,"[{""iter"":1,""scan"":""position"",""reason"":""plateau_lite_2dcg_score_0.98"",""n_rows"":201},{""iter"":1,""scan"":""size"",""reason"":""plateau_lite_2dcg_score_0.95"",""n_rows"":27},{""iter"":2,""scan"":""position"",""reason"":""plateau_lite_2dcg_score_0.98"",""n_rows"":201},{""iter"":2,""scan"":""size"",""reason"":""plateau_lite_2dcg_score_0.95"",""n_rows"":31},{""iter"":3,""scan"":""position"",""reason"":""plateau_lite_2dcg_score_0.98"",""n_rows"":201},{""iter"":3,""scan"":""size"",""reason"":""plateau_lite_2dcg_score_0.95"",""n_rows"":31}]",0.9,0.9,37.40919378200854,True,288,3727.946398307311,2792.723445400461,3.9572450443752585,705.7241626646237,1.015578947368421,40.78436090225564,36.70592481203008,0.5197403795646505,26.792274717171235,45.59149297085431,40.78436090225564,63.1970718716281,0.4249768793597366,0.7491318669894257,1.1112287481382983,1.890939765084176,0.3020103597769241,0.3183637230620994,True,valid,66.26190476190476,60.96095238095238,7,11.270910320863562,41.94709192650984,983.6195760680912,2658.905290353766,-58.15184230673751,27,272.8646064291701,245.5781457862532,0.9000000000000001,-15.0,True,5.867718300966705,1.0335780546559474,195,RefineV9Candidates2DCG_v11_exclude_source_002_010,accepted,2.84863498711285,,
205,core_confirmed,rescue_candidate_for_2dcg_refit,0.8129094412331407,True,30.52769091928476,4,509,0.3678893741997922,True,21.35599757748193,1,71,71,73,-239.5991213770695,2,11.079685242356405,41.33060377014934,1126.9999999999925,2023.9999999999893,-235.4753195800165,70,319.0,287.1,0.9,-45.0,45.0,3.49999999999992,24.11049458723757,24.11049458723757,24.11049458723757,53.77006608468229,False,11.079685242356405,41.33060377014934,1121.7624332109317,2023.9052903537847,366.85,256.795,0.7,1.4285714285714286,70.0,-20.0,13.864323507180968,9.705026455026678,64.0432098405923,53.9757815102382,1611.0878549802271,3252.273755406656,4298.791897061197,47.37923226096692,86.95356239363244,141.02858591600253,34.00409373681456,37.4024210840707,30.48170602534144,0.3747768893120001,0.7565552911807669,True,22.014750202548345,88.0,223.0,427.0,350.0,7.941221409836455,6.509197876915127,54.06109743816282,0.2187901648946485,63.56314313005973,0.1906973981473704,9.50204569189691,0.2902320346116262,32.73947930872643,0.1494898651008226,427,591,7.921734416509602,10.941057765440446,4.8942203453326885,-18.33148376171315,-0.331483761713677,18.334480586867816,65.0,1.15,"[{""iter"":1,""scan"":""position"",""reason"":""plateau_lite_2dcg_score_0.98"",""n_rows"":138},{""iter"":1,""scan"":""pa"",""reason"":""plateau_lite_2dcg_score_0.98"",""n_rows"":37},{""iter"":1,""scan"":""size"",""reason"":""plateau_lite_2dcg_score_0.95"",""n_rows"":33},{""iter"":2,""scan"":""position"",""reason"":""plateau_lite_2dcg_score_0.98"",""n_rows"":201},{""iter"":2,""scan"":""pa"",""reason"":""plateau_lite_2dcg_score_0.98"",""n_rows"":37},{""iter"":2,""scan"":""size"",""reason"":""plateau_lite_2dcg_score_0.95"",""n_rows"":33},{""iter"":3,""scan"":""position"",""reason"":""plateau_lite_2dcg_score_0.98"",""n_rows"":201},{""iter"":3,""scan"":""pa"",""reason"":""plateau_lite_2dcg_score_0.98"",""n_rows"":37},{""iter"":3,""scan"":""size"",""reason"":""plateau_lite_2dcg_score_0.95"",""n_rows"":33}]",0.7,0.7,63.54162173200167,True,339,6022.425130766564,4120.118079310659,1.6414490685995913,2510.0492961537657,0.9536842105263156,46.277652464494565,32.3943567251462,0.4093907884661694,33.66353063419068,63.66476664703686,46.277652464494565,77.03942811298668,0.3060043265599601,0.6841293980164814,1.3962189996720271,2.640541711688344,0.1771695361985863,0.2093465557199043,True,valid,80.06646825396825,73.66115079365079,7,11.086465891587048,41.33048834445085,1121.7624332109317,2023.9052903537847,-239.5991213770695,71,309.61704797712895,216.73193358399024,0.7,70.0,True,6.276344291417106,0.970586357295075,196,RefineV9Candidates2DCG_v11_exclude_source_002_010,accepted,3.3996822508983,9.171693341802829,1.4294668656206253
206,core_confirmed,rescue_candidate_for_2dcg_refit,0.8099999999999999,True,48.51490077742134,2,469,0.1052262217370354,False,25.83765016505458,0,30,30,32,-70.5232476978965,2,11.504904352199356,42.187893126036094,806.9999999999911,2908.000000000015,-70.5232476978965,30,319.0,287.1,0.9,65.0,-25.0,3.49999999999992,24.11049458723757,24.11049458723757,24.11049458723757,53.77006608468229,False,11.504904352199356,42.187893126036094,809.4767189252162,2907.905290353812,366.85,330.165,0.9,1.1111111111111112,60.0,-30.0,13.864323507180968,12.47789115646287,54.85053494551665,37.314844537167446,3286.232002081463,7002.502417664338,9469.27282050857,57.29944325164335,105.45037511352449,166.71451384128463,57.35190109351044,66.40566626838141,56.79933079805815,0.3470416434685602,0.7394973775069934,True,41.19255333743599,109.0,286.0,540.0,456.0,10.042762438669053,8.480554948209422,37.509238535647725,0.2113899700444863,54.38166362058556,0.1729670374163816,16.87242508493783,0.2731360750029347,61.77296457363438,0.3102594507342538,540,763,10.037419685715918,14.172432111767057,19.165646058842327,8.668516238287653,-0.3314837617112895,8.67485188678948,5.0,1.15,"[{""iter"":1,""scan"":""position"",""reason"":""plateau_lite_2dcg_score_0.98"",""n_rows"":201},{""iter"":1,""scan"":""pa"",""reason"":""plateau_lite_2dcg_score_0.98"",""n_rows"":37},{""iter"":1,""scan"":""size"",""reason"":""plateau_lite_2dcg_score_0.95"",""n_rows"":35},{""iter"":2,""scan"":""position"",""reason"":""plateau_lite_2dcg_score_0.98"",""n_rows"":201},{""iter"":2,""scan"":""pa"",""reason"":""plateau_lite_2dcg_score_0.98"",""n_rows"":37},{""iter"":2,""scan"":""size"",""reason"":""plateau_lite_2dcg_score_0.95"",""n_rows"":40},{""iter"":3,""scan"":""position"",""reason"":""plateau_lite_2dcg_score_0.98"",""n_rows"":201},{""iter"":3,""scan"":""pa"",""reason"":""plateau_lite_2dcg_score_0.98"",""n_rows"":37},{""iter"":3,""scan"":""size"",""reason"":""plateau_lite_2dcg_score_0.95"",""n_rows"":40}]",0.9,0.9,54.7045975086332,True,427,14236.49009361044,10552.821855972652,2.391674691179238,4412.314891691847,1.1238947368421053,54.53714076858815,49.08342669172933,0.4095245891666933,35.16185982321019,61.69787050682395,54.53714076858815,76.50042239592578,0.2832093797870235,0.7412516558915687,1.4583632739671148,2.558963288106189,0.1738362921122048,0.2099294217311553,True,valid,80.06646825396825,73.66115079365079,7,11.501653333009203,42.18782373166067,809.4767189252162,2907.905290353812,-70.5232476978965,30,364.8765144869544,328.3888630382589,0.8999999999999999,60.0,True,7.704081451421168,1.1438135250374746,197,RefineV9Candidates2DCG_v11_exclude_source_002_010,accepted,3.6446664989730846,22.67725061236676,1.8776823924583412
207,core_confirmed,rescue_candidate_for_2dcg_refit,0.8099999999999999,True,27.088661114394387,2,914,0.6233433142130874,False,28.297468753604274,0,41,41,43,-115.8850674654795,2,11.124123338999407,41.96435764724966,1096.000000000004,2675.999999999995,-115.8850674654795,41,420.0,420.0,1.0,-90.0,0.0,3.49999999999992,24.11049458723757,24.11049458723757,24.11049458723757,53.77006608468229,True,11.124123338999407,41.96435764724966,1095.0481474966573,2679.333861782363,483.0,483.0,1.0,1.0,-90.0,0.0,18.253968253968672,18.253968253968672,20.187357545856614,13.556808370259017,2428.943538554835,5154.271110549391,6955.44608520188,60.51462560393381,110.1003821204716,177.52820955773083,40.13812387194112,46.81428902680464,39.17938508212139,0.3492146310676687,0.7410410558016408,True,28.41660817911458,210.0,542.0,1049.0,882.0,19.508995922525624,16.40317864982612,13.621962032666865,0.1146629051612222,20.31249490295757,0.0967741271710462,6.690532870290715,0.1500427056198643,44.59085726727224,0.329380162419957,1049,1463,19.49428799442549,27.14998724800397,14.687343809139248,-3.3314837617137223,11.6685162382873,12.134786988560474,0.0,1.15,"[{""iter"":1,""scan"":""position"",""reason"":""plateau_lite_2dcg_score_0.98"",""n_rows"":201},{""iter"":1,""scan"":""size"",""reason"":""plateau_lite_2dcg_score_0.95"",""n_rows"":46},{""iter"":2,""scan"":""position"",""reason"":""plateau_lite_2dcg_score_0.98"",""n_rows"":201},{""iter"":2,""scan"":""size"",""reason"":""plateau_lite_2dcg_score_0.95"",""n_rows"":48},{""iter"":3,""scan"":""position"",""reason"":""plateau_lite_2dcg_score_0.98"",""n_rows"":201},{""iter"":3,""scan"":""size"",""reason"":""plateau_lite_2dcg_score_0.95"",""n_rows"":48}]",1.0,1.0,20.10684383435409,True,831,11544.869900275453,,,,,,,,50.30768559343683,85.98189833490501,,101.34599457580676,0.15344361483407,,2.086547225790475,3.5661607033319784,0.1062269498933864,0.15344361483407,False,no_break,105.41666666666669,96.98333333333336,7,11.12539032823879,41.9675944118692,1095.0481474966573,2679.333861782363,-115.8850674654795,41,483.0,483.0,1.0,-90.0,False,0.0,1.15,198,RefineV9Candidates2DCG_v11_exclude_source_002_010,failed,,-1.208807639209887,0.9572821283155964
208,core_confirmed,rescue_candidate_for_2dcg_refit,0.80857855361596,True,23.62435104633881,2,357,0.1778495357338167,False,22.934383345485816,-1,64,64,66,-210.73250879769853,2,10.730287034976698,41.58779828865051,1397.0000000000014,2287.857142857129,-210.73250879769853,65,264.0,264.0,1.0,-45.0,45.0,3.49999999999992,24.11049458723757,24.11049458723757,24.11049458723757,53.77006608468229,True,10.730287034976698,41.58779828865051,1396.9052903537977,2286.04814749664,264.0,264.0,1.0,1.0,-45.0,45.0,9.977324263038778,9.977324263038778,21.287854271521013,12.991612707662298,904.2713716498056,1849.464877520445,2580.13112636006,37.61822421272445,67.72580612568903,107.52794990640764,24.03811957035265,27.30812644869982,23.99498110589672,0.3504749671097195,0.7168104204570377,True,16.530145904408435,66.0,165.0,311.0,271.0,5.783887256344585,5.039978927554284,12.947288106499268,0.2355384084776369,21.39480294881925,0.1990641695399846,8.44751484231999,0.3083907998997731,27.39224012216133,0.3948395721394664,311,438,5.781255126952526,8.137894493512182,10.815540369775704,-0.331483761713677,-6.33148376171138,6.340155211751108,0.0,1.0,"[{""iter"":1,""scan"":""position"",""reason"":""plateau_lite_2dcg_score_0.98"",""n_rows"":166},{""iter"":1,""scan"":""size"",""reason"":""plateau_lite_2dcg_score_0.95"",""n_rows"":26},{""iter"":2,""scan"":""position"",""reason"":""plateau_lite_2dcg_score_0.98"",""n_rows"":196},{""iter"":2,""scan"":""size"",""reason"":""plateau_lite_2dcg_score_0.95"",""n_rows"":26},{""iter"":3,""scan"":""position"",""reason"":""plateau_lite_2dcg_score_0.98"",""n_rows"":196},{""iter"":3,""scan"":""size"",""reason"":""plateau_lite_2dcg_score_0.95"",""n_rows"":26}]",1.0,1.0,21.56177083632164,True,245,3745.909770675295,2925.3220108030664,1.5651456882792734,1869.0413504056453,1.1393684210526316,39.7874686716792,39.7874686716792,0.5396813074288979,25.11667905592641,41.90644697747412,39.7874686716792,55.09817362453711,0.4586763410671299,0.7809376599788477,1.0417322201769117,1.7380998480079497,0.3509495240476041,0.3581976284806243,True,valid,57.61904761904762,53.00952380952381,7,10.730408902299894,41.58603946804767,1396.9052903537977,2286.04814749664,-210.73250879769853,64,266.19497620496594,266.19497620496594,1.0,-45.0,True,10.701709807240414,1.008314303806689,199,RefineV9Candidates2DCG_v11_exclude_source_002_010,accepted,3.2716189097546167,0.6899677008529927,1.0300844234815147
209,core_confirmed,rescue_candidate_for_2dcg_refit,0.7974074074074073,True,11.013566229465775,2,79,0.2407790334818806,False,,1,23,23,25,-41.6566351185255,2,11.69978888826684,42.14747123523619,657.9999999999982,2867.999999999989,-37.5328333214725,22,220.0,198.0,0.9,45.0,-45.0,3.49999999999992,24.11049458723757,24.11049458723757,24.11049458723757,53.77006608468229,False,11.69978888826684,42.14747123523619,658.7624332109375,2869.619576068072,220.0,198.0,0.9,1.1111111111111112,80.0,-10.0,8.314436885865648,7.482993197279083,70.09083018939172,52.25115139602581,1440.031338588274,2801.1674367680944,3478.7373647063523,192.0132475490651,353.90636731038444,554.959717202392,7.499645763870033,7.914995873220339,6.268450225978597,0.4139523015442789,0.8052253283583387,True,4.724057194532107,38.0,104.0,195.0,172.0,3.626553102852714,3.198805813798291,52.551145596443206,1.948384017165895,70.39268506860374,1.6460756158713017,17.841539472160534,2.5506401571985013,6.994926125430728,0.2534572939613316,195,270,3.604983703050829,5.0097072368541085,1.7729150472110942,2.668516238287562,5.668516238288801,6.265225874439661,35.0,1.0,"[{""iter"":1,""scan"":""position"",""reason"":""plateau_lite_2dcg_score_0.98"",""n_rows"":201},{""iter"":1,""scan"":""pa"",""reason"":""plateau_lite_2dcg_score_0.98"",""n_rows"":37},{""iter"":1,""scan"":""size"",""reason"":""plateau_lite_2dcg_score_0.95"",""n_rows"":17},{""iter"":2,""scan"":""position"",""reason"":""plateau_lite_2dcg_score_0.98"",""n_rows"":176},{""iter"":2,""scan"":""pa"",""reason"":""plateau_lite_2dcg_score_0.98"",""n_rows"":33},{""iter"":2,""scan"":""size"",""reason"":""plateau_lite_2dcg_score_0.95"",""n_rows"":17},{""iter"":3,""scan"":""position"",""reason"":""plateau_lite_2dcg_score_0.98"",""n_rows"":148},{""iter"":3,""scan"":""pa"",""reason"":""plateau_lite_2dcg_score_0.98"",""n_rows"":36},{""iter"":3,""scan"":""size"",""reason"":""plateau_lite_2dcg_score_0.95"",""n_rows"":17}]",0.9,0.9,70.78262999021658,True,153,4241.802290115367,3412.623759041658,6.54208273607256,521.6417915696333,0.9072631578947368,26.40183792815372,23.761654135338343,0.7120557338335619,16.90149232550004,26.219567549580653,26.40183792815372,41.37525228963839,0.7453431592493279,0.8045221171656359,0.7010014773585989,1.0874753089245823,0.5996450564941931,0.5996450564941931,True,valid,48.01587301587302,44.17460317460318,7,11.698814319673753,42.149054557749416,658.7624332109375,2869.619576068072,-41.6566351185255,23,176.6394509046718,158.9755058142046,0.8999999999999999,80.0,True,12.121502258112024,0.8029065950212355,200,RefineV9Candidates2DCG_v11_exclude_source_002_010,accepted,2.717372377817845,,
210,core_confirmed,rescue_candidate_for_2dcg_refit,0.7970804093249908,True,8.148767752261774,3,262,0.4161359287194475,False,,2,26,26,28,-54.0280405096845,2,11.397326677182496,42.00704336176432,887.428571428567,2721.285714285712,-45.780436915578505,24,319.0,303.05,0.95,70.0,-20.0,3.49999999999992,24.11049458723757,24.11049458723757,24.11049458723757,53.77006608468229,True,11.397326677182496,42.00704336176432,885.6195760680777,2721.1910046395083,366.85,330.165,0.9,1.1111111111111112,70.0,-20.0,13.864323507180968,12.47789115646287,53.55185188603293,43.006032978240455,2071.616233474237,4360.074375204042,5726.379666931312,162.63902341361717,297.82592442543734,473.15351264657096,12.737510285005737,14.63967377458981,12.102583017720756,0.3617671817042455,0.7614015536522302,True,8.983324644039135,109.0,285.0,543.0,469.0,10.098555563328324,8.72232515506627,43.10874995907844,0.5991966411301293,54.034473409717,0.4966943011372577,10.925723450638555,0.7782941882886303,14.038038077430372,0.2021991288375133,543,755,10.091826598494816,14.0130936103189,2.838479069844263,-6.331483761712573,-0.3314837617128812,6.340155211752258,0.0,1.15,"[{""iter"":1,""scan"":""position"",""reason"":""plateau_lite_2dcg_score_0.98"",""n_rows"":201},{""iter"":1,""scan"":""size"",""reason"":""plateau_lite_2dcg_score_0.95"",""n_rows"":35},{""iter"":2,""scan"":""position"",""reason"":""plateau_lite_2dcg_score_0.98"",""n_rows"":201},{""iter"":2,""scan"":""size"",""reason"":""plateau_lite_2dcg_score_0.95"",""n_rows"":42},{""iter"":3,""scan"":""position"",""reason"":""plateau_lite_2dcg_score_0.98"",""n_rows"":201},{""iter"":3,""scan"":""size"",""reason"":""plateau_lite_2dcg_score_0.95"",""n_rows"":42}]",0.9,0.9,53.53093285920474,True,426,8683.987215733283,6060.077093222215,6.413446938319722,944.9017278078412,1.0619999999999998,51.53369047619047,46.38032142857143,0.4004372923604403,35.09664315111185,62.77833529779727,51.53369047619047,76.97690793531429,0.2866903871847409,0.6978450039911185,1.4556583658673503,2.6037763377540903,0.1658220861209799,0.2000654543891508,True,valid,80.06646825396825,73.66115079365079,7,11.399692551077006,42.00693682644028,885.6195760680777,2721.1910046395083,-54.0280405096845,26,344.78216302883595,310.3039467259524,0.9,70.0,True,3.5289131401462352,1.0808218276766015,201,RefineV9Candidates2DCG_v11_exclude_source_002_010,accepted,2.975386643122947,,
211,no_dassa_core,low,0.7701919122686771,False,19.7597267081566,2,976,0.9850110723481696,False,44.53920006722886,2,42,42,44,-120.0088692625325,2,11.066320104826904,41.88788827571749,1139.8571428571531,2597.1428571428264,-111.76126566842647,40,504.0,504.0,1.0,-90.0,0.0,3.49999999999992,24.11049458723757,24.11049458723757,24.11049458723757,53.77006608468229,True,11.066320104826904,41.88788827571749,1124.333861782378,2604.762433210909,504.0,504.0,1.0,1.0,-90.0,0.0,19.047619047619484,19.047619047619484,34.54600717525905,28.03881670380558,2814.5328825173274,5559.638772898465,7424.704327928404,55.20326609897935,99.86649196524829,161.39562573288623,50.984897840480585,55.6707126033136,46.00313232910336,0.3790767629534173,0.7488027168954863,True,32.5098236978818,231.0,588.0,1141.0,964.0,21.21998507874332,17.928190723846235,28.02051252567717,0.0961299178535692,33.95621703614334,0.0806592420810388,5.935704510466177,0.1254865508316393,47.3015193351668,0.1748046463523352,1141,1596,21.206694825394592,29.624685891287168,8.26852535931198,-54.3314837617121,26.668516238288323,60.52371341962614,0.0,1.0,"[{""iter"":1,""scan"":""position"",""reason"":""plateau_lite_2dcg_score_0.98"",""n_rows"":11},{""iter"":1,""scan"":""size"",""reason"":""plateau_lite_2dcg_score_0.95"",""n_rows"":23},{""iter"":2,""scan"":""position"",""reason"":""plateau_lite_2dcg_score_0.98"",""n_rows"":174},{""iter"":2,""scan"":""size"",""reason"":""plateau_lite_2dcg_score_0.95"",""n_rows"":34},{""iter"":3,""scan"":""position"",""reason"":""plateau_lite_2dcg_score_0.98"",""n_rows"":194},{""iter"":3,""scan"":""size"",""reason"":""plateau_lite_2dcg_score_0.95"",""n_rows"":46}]",1.0,1.0,34.73943802659132,True,902,18787.749345349835,,,,,,,,70.02249591634431,96.44479607515368,,106.89955285701475,0.1038069379476756,,2.9042330783794608,4.000116867208725,0.0609130922219561,0.1038069379476756,False,no_break,110.0,101.2,7,11.08663947124468,41.89522850096927,1124.333861782378,2604.762433210909,-120.0088692625325,42,504.0,504.0,1.0,-90.0,False,0.0,1.0,202,RefineV9Candidates2DCG_v11_exclude_source_002_010,no_dassa_core,,-24.779473359072263,0.44364799274191385
212,core_confirmed,rescue_candidate_for_2dcg_refit,0.7572889227137392,True,7.398939123344817,3,497,0.2787676047792125,False,4.362163646158079,0,25,25,27,-49.9042387126315,2,11.552261786890972,42.19630380517408,770.999999999996,2917.000000000018,-49.9042387126315,25,420.0,420.0,1.0,-90.0,0.0,3.49999999999992,24.11049458723757,24.11049458723757,24.11049458723757,53.77006608468229,True,11.552261786890972,42.19630380517408,770.9052903537925,2916.048147496672,420.0,420.0,1.0,1.0,-90.0,0.0,15.873015873016238,15.873015873016238,47.80531855907853,35.77237197930811,2898.864343905191,6557.137130879713,9481.96190485909,274.41534273630293,505.6590165774806,808.0781030619394,10.563783770249428,12.967507581020229,11.733967136258729,0.30572410783676,0.6915380167810491,True,8.050323033428864,160.0,415.0,788.0,677.0,14.654994077168915,12.590648464775832,35.6038462541067,0.6953652549690289,46.90016102604519,0.5874598855560359,11.29631477193849,0.9102977287435432,12.409472654106755,0.2408587630576636,788,1112,14.644224550696348,20.620886314596213,2.988930233666056,-0.3314837617124833,-3.3314837617121307,3.347934518300898,0.0,1.0,"[{""iter"":1,""scan"":""position"",""reason"":""plateau_lite_2dcg_score_0.98"",""n_rows"":201},{""iter"":1,""scan"":""size"",""reason"":""plateau_lite_2dcg_score_0.95"",""n_rows"":45},{""iter"":2,""scan"":""position"",""reason"":""plateau_lite_2dcg_score_0.98"",""n_rows"":201},{""iter"":2,""scan"":""size"",""reason"":""plateau_lite_2dcg_score_0.95"",""n_rows"":45},{""iter"":3,""scan"":""position"",""reason"":""plateau_lite_2dcg_score_0.98"",""n_rows"":201},{""iter"":3,""scan"":""size"",""reason"":""plateau_lite_2dcg_score_0.95"",""n_rows"":45}]",1.0,1.0,47.6556561571358,True,640,14412.614016007989,10673.681204062785,11.797853723096068,904.7138110525524,1.154842105263158,64.15789473684211,64.15789473684211,0.3287150393560378,42.900521012116776,72.32098612574984,64.15789473684211,88.12269297450294,0.1856666073445654,0.7405791338203884,1.7793297792748448,2.9995646030435044,0.1030806265139075,0.1375008152466084,True,valid,91.66666666666669,84.33333333333334,7,11.552373370736836,42.19537739920921,770.9052903537925,2916.048147496672,-49.9042387126315,25,429.24342344480215,429.24342344480215,1.0,-90.0,True,1.8357307642185487,1.0220081510590526,203,RefineV9Candidates2DCG_v11_exclude_source_002_010,accepted,2.956511220158778,3.0367754771867386,1.6961626668594474
213,core_confirmed,rescue_candidate_for_2dcg_refit,0.7562237380249521,True,7.327831545140384,3,240,0.0775912389751911,False,4.969480528368504,0,26,26,28,-54.0280405096845,2,11.336851139695463,41.92447118359559,933.0000000000005,2635.9999999999936,-54.0280405096845,26,319.0,287.1,0.9,45.0,-45.0,3.49999999999992,24.11049458723757,24.11049458723757,24.11049458723757,53.77006608468229,False,11.336851139695463,41.92447118359559,932.9052903537968,2637.619576068076,319.0,287.1,0.9,1.1111111111111112,10.0,-80.0,12.055933484505193,10.85034013605467,53.32736561451045,43.96045122331996,1263.499169531602,2712.382200028931,3831.0679859969096,137.51793884974853,251.6248065518239,407.7710903845074,9.18788617761422,10.77947058240578,9.39514368805402,0.3298033796711174,0.7079963628792463,True,6.5464548209957405,81.0,210.0,409.0,347.0,7.60646266188082,6.453404752255855,44.06035539202736,0.6788007455167064,53.45201373863899,0.5676143806440715,9.391658346611628,0.8848483131181238,10.613862520137818,0.1757026104298603,409,572,7.603697734203241,10.633139988063268,1.8648833515318703,-0.3314837617124833,5.668516238288801,5.6782002278911285,35.0,1.0,"[{""iter"":1,""scan"":""position"",""reason"":""plateau_lite_2dcg_score_0.98"",""n_rows"":196},{""iter"":1,""scan"":""pa"",""reason"":""plateau_lite_2dcg_score_0.98"",""n_rows"":37},{""iter"":1,""scan"":""size"",""reason"":""plateau_lite_2dcg_score_0.95"",""n_rows"":33},{""iter"":2,""scan"":""position"",""reason"":""plateau_lite_2dcg_score_0.98"",""n_rows"":201},{""iter"":2,""scan"":""pa"",""reason"":""plateau_lite_2dcg_score_0.98"",""n_rows"":37},{""iter"":2,""scan"":""size"",""reason"":""plateau_lite_2dcg_score_0.95"",""n_rows"":33},{""iter"":3,""scan"":""position"",""reason"":""plateau_lite_2dcg_score_0.98"",""n_rows"":201},{""iter"":3,""scan"":""pa"",""reason"":""plateau_lite_2dcg_score_0.98"",""n_rows"":37},{""iter"":3,""scan"":""size"",""reason"":""plateau_lite_2dcg_score_0.95"",""n_rows"":33}]",0.9,0.9,53.73395556189759,True,332,5657.835435044,4422.131483452027,5.962225268003765,741.6914465113153,1.154842105263158,48.72944862155389,43.856503759398514,0.4727941218999892,30.648500257884173,50.40461678384701,48.72944862155389,65.8367718812799,0.3544181977955714,0.7815942217162839,1.2711684593192611,2.0905675162104607,0.2456947059094085,0.2770112154681176,True,valid,69.62301587301589,64.05317460317463,7,11.336990995401338,41.926045138430666,932.9052903537968,2637.619576068076,-54.0280405096845,26,326.02060018783783,293.4185401690541,0.9000000000000001,10.0,True,4.563517461538201,1.0220081510590528,204,RefineV9Candidates2DCG_v11_exclude_source_002_010,accepted,2.870223270579333,2.3583510167718797,1.4745669096214638
214,core_confirmed,rescue_candidate_for_2dcg_refit,0.7533333333333333,True,31.114088448605155,3,463,0.1886798409538382,True,13.15188886491565,2,30,30,32,-70.5232476978965,2,11.328471471778652,42.05592067282697,940.4285714285644,2771.14285714286,-62.275644103790505,28,319.0,287.1,0.9,-85.0,5.0,3.49999999999992,24.11049458723757,24.11049458723757,24.11049458723757,53.77006608468229,False,11.328471471778652,42.05592067282697,938.619576068075,2773.6195760680853,366.85,330.165,0.9,1.1111111111111112,-85.0,5.0,13.864323507180968,12.47789115646287,32.41813870998794,19.7240772811562,2404.4571874740523,5100.180320175019,6880.181294426802,47.1537018717014,86.65192774887787,139.05294711549757,50.99190714689257,58.85824415765598,49.47885993895631,0.3494758473038712,0.7412857455233558,True,35.89139518657132,110.0,284.0,542.0,459.0,10.079957855108567,8.536348072868694,19.70058801094553,0.1732677030933346,33.00282489315829,0.1463699727983935,13.302236882212757,0.2268168112646027,58.64749093352905,0.4030635839591537,542,765,10.071196688655272,14.1706780040309,23.6386678858802,-6.331483761712573,8.668516238288051,10.734563819657213,0.0,1.15,"[{""iter"":1,""scan"":""position"",""reason"":""plateau_lite_2dcg_score_0.98"",""n_rows"":201},{""iter"":1,""scan"":""pa"",""reason"":""plateau_lite_2dcg_score_0.98"",""n_rows"":37},{""iter"":1,""scan"":""size"",""reason"":""plateau_lite_2dcg_score_0.95"",""n_rows"":35},{""iter"":2,""scan"":""position"",""reason"":""plateau_lite_2dcg_score_0.98"",""n_rows"":201},{""iter"":2,""scan"":""pa"",""reason"":""plateau_lite_2dcg_score_0.98"",""n_rows"":37},{""iter"":2,""scan"":""size"",""reason"":""plateau_lite_2dcg_score_0.95"",""n_rows"":42},{""iter"":3,""scan"":""position"",""reason"":""plateau_lite_2dcg_score_0.98"",""n_rows"":201},{""iter"":3,""scan"":""pa"",""reason"":""plateau_lite_2dcg_score_0.98"",""n_rows"":37},{""iter"":3,""scan"":""size"",""reason"":""plateau_lite_2dcg_score_0.95"",""n_rows"":42}]",0.9,0.9,32.83238810242121,True,441,9499.329474292956,7726.526860487689,1.9339165364337527,3995.274209059624,1.108421052631579,53.78627819548873,48.40765037593985,0.4557865150140531,33.26864813664759,52.49901408693268,53.78627819548873,73.96072459859911,0.3027917896839528,0.8133760263181924,1.3798409657783506,2.177434141675469,0.2096625895237292,0.2462835826949074,True,valid,80.06646825396825,73.66115079365079,7,11.330864696196585,42.05831569622382,938.619576068075,2773.6195760680853,-70.5232476978965,30,359.8529266224248,323.8676339601823,0.8999999999999999,-85.0,True,8.723260918813374,1.1280656006972565,205,RefineV9Candidates2DCG_v11_exclude_source_002_010,accepted,3.601546591758822,17.962199583689504,2.36575056010441
215,core_confirmed,rescue_candidate_for_2dcg_refit,0.7533333333333333,True,28.40369281464816,3,957,0.3002418989262316,True,19.14256758034271,0,41,41,43,-115.8850674654795,2,11.30456330632144,41.69421406365684,955.9999999999972,2398.999999999998,-115.8850674654795,41,420.0,420.0,1.0,-90.0,0.0,3.49999999999992,24.11049458723757,24.11049458723757,24.11049458723757,53.77006608468229,True,11.30456330632144,41.69421406365684,957.6195760680794,2401.4767189252234,483.0,483.0,1.0,1.0,-90.0,0.0,18.253968253968672,18.253968253968672,32.74045174669533,23.82803754832029,3052.47649523591,6673.900783202756,9295.648008905166,63.77004311480017,117.73966761734223,190.9649783045764,47.866934788499016,56.68353680845398,48.67723962494961,0.3283769450297235,0.7179597137078777,True,34.69054744604619,211.0,543.0,1043.0,892.0,19.39740967320708,16.589155732023695,23.41851255447822,0.1223471832297409,32.564931906482975,0.1067209393092051,9.146419352004756,0.162352062294542,56.33694591086351,0.2808671419387768,1043,1462,19.327756727832185,27.169416995917008,15.823196983543692,5.668516238287607,8.668516238288051,10.357376604005182,0.0,1.15,"[{""iter"":1,""scan"":""position"",""reason"":""plateau_lite_2dcg_score_0.98"",""n_rows"":201},{""iter"":1,""scan"":""size"",""reason"":""plateau_lite_2dcg_score_0.95"",""n_rows"":46},{""iter"":2,""scan"":""position"",""reason"":""plateau_lite_2dcg_score_0.98"",""n_rows"":201},{""iter"":2,""scan"":""size"",""reason"":""plateau_lite_2dcg_score_0.95"",""n_rows"":46},{""iter"":3,""scan"":""position"",""reason"":""plateau_lite_2dcg_score_0.98"",""n_rows"":201},{""iter"":3,""scan"":""size"",""reason"":""plateau_lite_2dcg_score_0.95"",""n_rows"":47}]",1.0,1.0,32.79834020049395,True,841,12309.44216832262,9107.13932697861,2.3492811178970583,3876.564306246499,0.9846315789473684,62.907017543859645,62.907017543859645,0.3335962353010408,43.93198627729063,75.48049620541131,62.907017543859645,101.50722332714476,0.1783293787588705,0.7398498812899187,1.8221105385596352,3.1306075423838653,0.0977415327287234,0.1319369697052553,True,valid,105.41666666666669,96.98333333333336,7,11.30247770272998,41.69663320596219,957.6195760680794,2401.4767189252234,-115.8850674654795,41,420.8745265097147,420.8745265097147,1.0,-90.0,True,3.703970625663695,1.0020822059755112,206,RefineV9Candidates2DCG_v11_exclude_source_002_010,accepted,3.5884469926435543,9.26112523430545,1.4837974422937703
216,core_confirmed,rescue_candidate_for_2dcg_refit,0.7533333333333333,True,20.916525761661887,3,412,0.4031078537389758,True,18.31018282880668,-2,33,33,35,-82.89465308905551,2,11.174892500680716,41.93498647907273,1056.9999999999982,2645.999999999999,-91.14225668316148,35,300.0,285.0,0.95,-75.0,15.0,3.49999999999992,24.11049458723757,24.11049458723757,24.11049458723757,53.77006608468229,True,11.174892500680716,41.93498647907273,1052.6195760680805,2654.4767189252243,270.0,243.0,0.9,1.1111111111111112,-75.0,15.0,10.204081632653295,9.183673469387966,50.96298938839419,44.77110503694327,638.6018494590276,1335.0895634661274,1808.03023062367,69.94398237131038,128.46923028963764,205.5311392108937,9.130190015045086,10.392290515449725,8.796867655019737,0.3532030818083973,0.7384221462965228,True,6.311831981020313,59.0,153.0,292.0,254.0,5.430530800169191,4.723817887818407,44.895078850959656,0.4800126580070746,51.20251335848378,0.4047721148811705,6.307434507524121,0.6278953868538869,10.04535889191344,0.1231860331418484,292,410,5.427376906296199,7.613669323539136,1.237447913381011,-15.331483761712311,29.66851623828757,33.39573700515054,0.0,0.9,"[{""iter"":1,""scan"":""position"",""reason"":""plateau_lite_2dcg_score_0.98"",""n_rows"":2},{""iter"":1,""scan"":""size"",""reason"":""plateau_lite_2dcg_score_0.95"",""n_rows"":23},{""iter"":2,""scan"":""position"",""reason"":""plateau_lite_2dcg_score_0.98"",""n_rows"":143},{""iter"":2,""scan"":""size"",""reason"":""plateau_lite_2dcg_score_0.95"",""n_rows"":27},{""iter"":3,""scan"":""position"",""reason"":""plateau_lite_2dcg_score_0.98"",""n_rows"":198},{""iter"":3,""scan"":""size"",""reason"":""plateau_lite_2dcg_score_0.95"",""n_rows"":27}]",0.9,0.9,51.08222515700225,True,233,2527.863973396452,1808.8101949583868,2.607481321333856,693.7001543056465,1.0001052631578946,35.71804511278196,32.14624060150376,0.5374712812510593,24.99447758839998,44.99639966305065,35.71804511278196,56.71877417077735,0.4825810787622434,0.7155488641772364,1.0366638269473878,1.8662578447008973,0.3391490573225494,0.3453103427817487,True,valid,58.92857142857144,54.21428571428572,7,11.180681473653731,41.9432039906254,1052.6195760680805,2654.4767189252243,-82.89465308905551,33,238.9688132045626,215.0719318841064,0.9,-75.0,True,6.831427269133795,0.7965627106818753,207,RefineV9Candidates2DCG_v11_exclude_source_002_010,accepted,2.8411717911033714,2.606342932855206,1.1423439054226565
217,core_confirmed,rescue_candidate_for_2dcg_refit,0.7502405498281787,True,30.86782278943612,3,1345,0.361109462400664,True,20.813111728586268,1,98,98,100,-350.9417698975005,2,10.703371107782482,40.97321940754685,1417.571428571429,1655.714285714292,-346.8179681004475,97,504.0,504.0,1.0,-90.0,0.0,3.49999999999992,24.11049458723757,24.11049458723757,24.11049458723757,53.77006608468229,True,10.703371107782482,40.97321940754685,1417.476718925225,1654.7624332109451,579.5999999999999,579.5999999999999,1.0,1.0,-90.0,0.0,21.90476190476241,21.90476190476241,32.464577029319706,20.29577678540011,5807.999615035498,13064.91944912589,18338.38196758683,84.540383226156,153.79289113308374,246.5261750940158,68.7008905495304,84.95138723818022,74.38715974315207,0.3167127626254684,0.7124357793516458,True,52.70720363506808,305.0,786.0,1507.0,1286.0,28.02674628717456,23.916652770608152,20.528601503287693,0.1108001799936665,31.60029773786011,0.0940100753506143,11.071696234572418,0.1453085481107601,76.19439034056768,0.3503668328196633,1507,2110,27.984011439387267,39.01620322485868,26.695987222249844,-0.331483761713677,-3.3314837617137223,3.3479345183026004,0.0,1.15,"[{""iter"":1,""scan"":""position"",""reason"":""plateau_lite_2dcg_score_0.98"",""n_rows"":201},{""iter"":1,""scan"":""size"",""reason"":""plateau_lite_2dcg_score_0.95"",""n_rows"":48},{""iter"":2,""scan"":""position"",""reason"":""plateau_lite_2dcg_score_0.98"",""n_rows"":201},{""iter"":2,""scan"":""size"",""reason"":""plateau_lite_2dcg_score_0.95"",""n_rows"":47},{""iter"":3,""scan"":""position"",""reason"":""plateau_lite_2dcg_score_0.98"",""n_rows"":201},{""iter"":3,""scan"":""size"",""reason"":""plateau_lite_2dcg_score_0.95"",""n_rows"":47}]",1.0,1.0,32.15789792150941,True,1199,27471.220408354024,19343.26631725619,3.296801594098624,5867.282505529369,1.0619999999999998,81.41999999999999,81.41999999999999,0.2424131811002672,57.90579681048696,103.70359081159478,81.41999999999999,122.96070447963952,0.1036967211018407,0.7041283943604444,2.401684320533941,4.301180568335926,0.0471149701849826,0.0730158057298819,True,valid,126.5,116.38,7,10.703492801558426,40.97229396327819,1417.476718925225,1654.7624332109451,-350.9417698975005,98,544.7342011490073,544.7342011490073,1.0,-90.0,False,1.925483293100044,1.0808218276766015,208,RefineV9Candidates2DCG_v11_exclude_source_002_010,failed,3.7684369996938725,10.05471106084985,1.4830950408554222
218,core_confirmed,rescue_candidate_for_2dcg_refit,0.7413570527528623,True,7.426387656089241,3,202,0.144098015240445,False,,0,23,23,25,-41.6566351185255,2,11.656032968212443,42.18965555615812,691.8571428571413,2911.000000000002,-41.6566351185255,23,319.0,287.1,0.9,45.0,-45.0,3.49999999999992,24.11049458723757,24.11049458723757,24.11049458723757,53.77006608468229,False,11.656032968212443,42.18965555615812,695.1910046395092,2910.9052903537986,366.85,330.165,0.9,1.1111111111111112,45.0,-45.0,13.864323507180968,12.47789115646287,63.75540726411825,49.003256108911565,2823.204989938685,6033.000120824239,8054.67453074285,328.8565871694467,605.2006669270988,973.671491768148,8.584912390652525,9.968594634002546,8.27247649627277,0.3505051605950255,0.7490060706733286,True,6.0848502142109,109.0,284.0,546.0,464.0,10.154348687987598,8.629336613967483,48.97241907482811,1.2106130174614,63.26921291722952,1.0195060213806275,14.296793842401414,1.5827117253872711,9.033100351173015,0.2259676260095864,546,759,10.136232172809674,14.055247943228988,2.041188241860928,11.6685162382873,-0.3314837617112895,11.673223748710235,0.0,1.15,"[{""iter"":1,""scan"":""position"",""reason"":""plateau_lite_2dcg_score_0.98"",""n_rows"":201},{""iter"":1,""scan"":""pa"",""reason"":""plateau_lite_2dcg_score_0.98"",""n_rows"":37},{""iter"":1,""scan"":""size"",""reason"":""plateau_lite_2dcg_score_0.95"",""n_rows"":35},{""iter"":2,""scan"":""position"",""reason"":""plateau_lite_2dcg_score_0.98"",""n_rows"":201},{""iter"":2,""scan"":""pa"",""reason"":""plateau_lite_2dcg_score_0.98"",""n_rows"":37},{""iter"":2,""scan"":""size"",""reason"":""plateau_lite_2dcg_score_0.95"",""n_rows"":42},{""iter"":3,""scan"":""position"",""reason"":""plateau_lite_2dcg_score_0.98"",""n_rows"":201},{""iter"":3,""scan"":""pa"",""reason"":""plateau_lite_2dcg_score_0.98"",""n_rows"":37},{""iter"":3,""scan"":""size"",""reason"":""plateau_lite_2dcg_score_0.95"",""n_rows"":42}]",0.9,0.9,63.642065944106974,True,434,11624.391602779862,8220.646919175691,12.493579197438027,657.9897393103686,1.015578947368421,49.281102756892224,44.352992481203,0.4125988058154728,34.141149301109515,61.35343029904052,49.281102756892224,76.74563239502953,0.2915886877242677,0.7071894340870108,1.4160285753400297,2.544677384242328,0.1732887727581181,0.206208439057899,True,valid,80.06646825396825,73.66115079365079,7,11.651656886697069,42.18959963607912,695.1910046395092,2910.9052903537986,-41.6566351185255,23,329.71139943524724,296.7402594917225,0.8999999999999999,45.0,True,3.0860872385378446,1.0335780546559474,209,RefineV9Candidates2DCG_v11_exclude_source_002_010,accepted,2.818219121280168,,
219,ambiguous_core_and_anti,ambiguous_check_artifact,0.7,True,27.7865326308494,5,547,0.2321298049969629,True,27.33032135615983,-1,81,81,83,-280.83713934759953,2,10.982110733422898,41.22783953283764,1201.999999999998,1917.9999999999943,-280.83713934759953,82,319.0,319.0,1.0,-90.0,0.0,3.49999999999992,24.11049458723757,24.11049458723757,24.11049458723757,53.77006608468229,True,10.982110733422898,41.22783953283764,1197.6195760680798,1919.619576068076,414.7,373.23,0.9,1.1111111111111112,-90.0,0.0,15.672713529856749,14.105442176871072,39.40581206207204,29.928788260072025,2234.3692867056925,4676.7326986243625,6577.054518588007,53.60444982212618,98.25223605791945,159.98442993000432,41.6825337097932,47.59924950580708,41.11059133357897,0.3397218740381336,0.7110679538092661,True,28.42084775555327,140.0,358.0,694.0,588.0,12.90680950451171,10.935452433217414,30.081965266558843,0.1547806294764095,40.2420715276194,0.1332366522548441,10.16010626106056,0.2042279333617021,49.74885704330314,0.2524747329194363,694,968,12.89037889555448,17.9593757242245,12.560329395055176,-15.331483761713107,5.668516238286413,16.345839552601433,0.0,1.3,"[{""iter"":1,""scan"":""position"",""reason"":""plateau_lite_2dcg_score_0.98"",""n_rows"":198},{""iter"":1,""scan"":""size"",""reason"":""plateau_lite_2dcg_score_0.95"",""n_rows"":35},{""iter"":2,""scan"":""position"",""reason"":""plateau_lite_2dcg_score_0.98"",""n_rows"":201},{""iter"":2,""scan"":""size"",""reason"":""plateau_lite_2dcg_score_0.95"",""n_rows"":45},{""iter"":3,""scan"":""position"",""reason"":""plateau_lite_2dcg_score_0.98"",""n_rows"":201},{""iter"":3,""scan"":""size"",""reason"":""plateau_lite_2dcg_score_0.95"",""n_rows"":46}]",0.9,0.9,37.893159878350325,True,561,7528.40265686941,6076.282949679891,2.132171164852973,2849.810113672975,1.0619999999999998,58.25547619047619,52.42992857142857,0.4276692083896607,36.57025720159351,57.45630996562269,58.25547619047619,83.50512161286547,0.2634048079423297,0.8071145004625239,1.5167775621223163,2.383041532297561,0.1726226979512068,0.2125978399818004,True,valid,90.50992063492065,83.269126984127,7,10.987780551445775,41.2293993959271,1197.6195760680798,1919.619576068076,-280.83713934759953,81,389.753749510858,350.77837455977226,0.9000000000000001,-90.0,True,6.0136706901597154,1.2217985878083324,210,RefineV9Candidates2DCG_v11_exclude_source_002_010,accepted,3.4548159234010085,0.4562112746895721,1.016692495808753
220,ambiguous_core_and_anti,ambiguous_check_artifact,0.7,True,19.396964729646548,5,572,0.4544504586010364,True,26.919726971174,0,110,110,112,-400.4273914621365,2,10.62960428069496,40.97431879753765,1474.8571428571431,1656.857142857123,-400.4273914621365,110,360.0,342.0,0.95,-55.0,35.0,3.49999999999992,24.11049458723757,24.11049458723757,24.11049458723757,53.77006608468229,True,10.62960428069496,40.97431879753765,1476.476718925225,1658.476718925205,414.0,372.6,0.9,1.1111111111111112,-55.0,35.0,15.64625850340172,14.081632653061549,26.909283224577337,17.79821510221179,2003.1528447215592,4471.511027644012,6286.637004432227,59.73643161364156,109.66238576773203,174.9547536735312,33.53318553872432,40.77524847138376,35.93293050020925,0.3186366324808143,0.7112723423495728,True,25.50650277415636,137.0,360.0,690.0,589.0,12.83241867163268,10.95405014143717,18.2504156020707,0.1737488354757626,27.53370412384941,0.1431537425830953,9.283288521778712,0.2251258577878844,41.23599400352095,0.3371609021445692,690,972,12.800717721445215,17.999886323577645,13.903164939055168,5.668516238286413,5.668516238286413,8.016492542716765,0.0,1.15,"[{""iter"":1,""scan"":""position"",""reason"":""plateau_lite_2dcg_score_0.98"",""n_rows"":180},{""iter"":1,""scan"":""size"",""reason"":""plateau_lite_2dcg_score_0.95"",""n_rows"":40},{""iter"":2,""scan"":""position"",""reason"":""plateau_lite_2dcg_score_0.98"",""n_rows"":201},{""iter"":2,""scan"":""size"",""reason"":""plateau_lite_2dcg_score_0.95"",""n_rows"":45},{""iter"":3,""scan"":""position"",""reason"":""plateau_lite_2dcg_score_0.98"",""n_rows"":201},{""iter"":3,""scan"":""size"",""reason"":""plateau_lite_2dcg_score_0.95"",""n_rows"":45}]",0.75,0.9,26.837361878965943,True,552,8747.317603548498,,,,,,,,43.30416502603449,71.93768816891182,,87.16836156342548,0.1904236516723094,,1.7960712033239132,2.983667046257552,0.1420885604454458,0.1904236516723094,False,no_break,90.35714285714286,83.12857142857143,7,10.62751737655101,40.97589238647528,1476.476718925225,1658.476718925205,-400.4273914621365,110,414.0,372.6,0.9,-55.0,False,0.0,1.15,211,RefineV9Candidates2DCG_v11_exclude_source_002_010,ambiguous_core_and_anti,,-7.522762241527452,0.7205483454723398
221,core_confirmed,rescue_candidate_for_2dcg_refit,0.69,True,20.857601666151336,2,424,0.7583970578489844,True,19.78909829674341,0,35,35,37,-91.14225668316148,2,11.210083368207984,41.92316580605402,1030.000000000004,2634.0000000000045,-91.14225668316148,35,382.8,267.96,0.7,50.0,-40.0,3.49999999999992,24.11049458723757,24.11049458723757,24.11049458723757,53.77006608468229,False,11.210083368207984,41.92316580605402,1030.762433210943,2633.905290353801,440.22,264.13199999999995,0.6,1.6666666666666667,75.0,-15.0,16.63718820861716,9.982312925170296,49.12785478326235,38.16013427532816,1976.813959066165,4126.1551978194,5736.1178256495805,86.07348573694291,159.00995031905205,254.8910579459152,22.966584217440527,25.94903771456004,22.50419403440475,0.3446257589456512,0.7193288776895266,True,15.716954176642846,104.0,273.0,523.0,449.0,9.726601398933177,8.35037099067112,38.27876258890367,0.3323651474145254,48.54061780804975,0.2775083323559731,10.261855219146078,0.432986680791537,23.700163710316723,0.2114075939396943,523,737,9.72323719416346,13.6868370912972,5.010394585974917,2.6685162382863683,-0.3314837617128812,2.689025919971273,25.0,1.15,"[{""iter"":1,""scan"":""position"",""reason"":""plateau_lite_2dcg_score_0.98"",""n_rows"":201},{""iter"":1,""scan"":""pa"",""reason"":""plateau_lite_2dcg_score_0.98"",""n_rows"":37},{""iter"":1,""scan"":""size"",""reason"":""plateau_lite_2dcg_score_0.95"",""n_rows"":42},{""iter"":2,""scan"":""position"",""reason"":""plateau_lite_2dcg_score_0.98"",""n_rows"":201},{""iter"":2,""scan"":""pa"",""reason"":""plateau_lite_2dcg_score_0.98"",""n_rows"":37},{""iter"":2,""scan"":""size"",""reason"":""plateau_lite_2dcg_score_0.95"",""n_rows"":38},{""iter"":3,""scan"":""position"",""reason"":""plateau_lite_2dcg_score_0.98"",""n_rows"":201},{""iter"":3,""scan"":""pa"",""reason"":""plateau_lite_2dcg_score_0.98"",""n_rows"":37},{""iter"":3,""scan"":""size"",""reason"":""plateau_lite_2dcg_score_0.95"",""n_rows"":39}]",0.6,0.6,49.002754238248855,True,417,8301.04224592081,6392.093419290001,3.828754649964262,1669.4967433731138,1.1857894736842105,69.04870927318296,41.429225563909775,0.3581222270647682,42.93487073041297,73.39441225882419,69.04870927318296,92.05164783228956,0.2113263031591588,0.7700350425792762,1.7807544583983654,3.044085719322992,0.1219444459930571,0.1627286588512839,True,valid,96.07976190476192,88.39338095238097,7,11.209086352242675,41.92307820154353,1030.762433210943,2633.905290353801,-91.14225668316148,35,461.9650391340872,277.17902348045226,0.5999999999999999,75.0,True,3.092271519180128,1.2068052223983468,212,RefineV9Candidates2DCG_v11_exclude_source_002_010,accepted,3.222585576228685,1.0685033694079245,1.0539945455515658
222,core_confirmed,rescue_candidate_for_2dcg_refit,0.6771875354231004,True,7.129060987020602,2,297,0.2723669751501261,False,3.310531366257302,2,25,25,27,-49.9042387126315,2,11.682416289992794,42.23388743427446,672.2857142857149,2956.714285714282,-41.6566351185255,23,382.8,363.66,0.95,30.0,-60.0,3.49999999999992,24.11049458723757,24.11049458723757,24.11049458723757,53.77006608468229,True,11.682416289992794,42.23388743427446,672.1910046395113,2959.191004639508,497.64,497.64,1.0,1.0,30.0,-60.0,18.80725623582809,18.80725623582809,68.98824041043544,52.55215441397023,5922.759297546831,12917.62674408761,18129.002854101127,361.8216064585863,655.4727897780217,1047.369016649994,16.369280307821374,19.70734246415052,17.309088359408108,0.326700775834838,0.712539285698518,True,12.228545314760128,226.0,577.0,1103.0,947.0,20.51327216639253,17.612029684110357,52.72138036306649,0.6477424525900563,70.06537625678847,0.5409483117781917,17.34399589372198,0.8439166788866403,20.55178707524007,0.2475401806186913,1103,1553,20.50237921355657,28.75621106458709,5.087393084641812,-0.3314837617124833,8.668516238288051,8.674851886789922,0.0,1.3,"[{""iter"":1,""scan"":""position"",""reason"":""plateau_lite_2dcg_score_0.98"",""n_rows"":201},{""iter"":1,""scan"":""size"",""reason"":""plateau_lite_2dcg_score_0.95"",""n_rows"":43},{""iter"":2,""scan"":""position"",""reason"":""plateau_lite_2dcg_score_0.98"",""n_rows"":201},{""iter"":2,""scan"":""size"",""reason"":""plateau_lite_2dcg_score_0.95"",""n_rows"":48},{""iter"":3,""scan"":""position"",""reason"":""plateau_lite_2dcg_score_0.98"",""n_rows"":201},{""iter"":3,""scan"":""size"",""reason"":""plateau_lite_2dcg_score_0.95"",""n_rows"":48}]",1.0,1.0,69.24586842479412,True,890,24691.976452239825,19137.78631862773,13.946923250523971,1372.1869673233302,1.0465263157894735,68.88801002506266,68.88801002506266,0.3285500715737524,45.51504029312015,72.64431746671232,68.88801002506266,101.588185775949,0.1639512964629834,0.7750609334835864,1.8877688356178584,3.0129750015648864,0.0924860637800081,0.1270722448824441,True,valid,108.61190476190475,99.9229523809524,7,11.682578729994422,42.23629447806074,672.1910046395113,2959.191004639508,-49.9042387126315,25,460.88989326636346,460.88989326636346,1.0,30.0,True,1.9953682912355952,1.2039965863802595,213,RefineV9Candidates2DCG_v11_exclude_source_002_010,accepted,3.137413290193394,3.8185296207633,2.1534491591542637
223,ambiguous_core_and_anti,ambiguous_check_artifact,0.6366666666666667,True,25.329722279068147,4,578,0.3275053781667445,True,62.25116715568807,-1,81,81,83,-280.83713934759953,2,10.595448916371517,41.47027154216654,1500.8571428571415,2166.9999999999973,-280.83713934759953,82,432.0,302.4,0.7,50.0,-40.0,3.49999999999992,24.11049458723757,24.11049458723757,24.11049458723757,53.77006608468229,False,10.595448916371517,41.47027154216654,1503.3338617823665,2165.191004639508,496.8,298.08,0.6,1.6666666666666667,50.0,-40.0,18.775510204082064,11.265306122449235,46.17400623708538,35.72371371860237,2337.6042717815662,5018.925880508512,6949.444524791201,49.32961927324799,92.09525581697451,149.75026263108947,47.38743793729776,54.49711644737568,46.406893735546845,0.3363728228123097,0.722205330599327,True,32.98717590315746,131.0,344.0,665.0,562.0,12.36747596613874,10.451912019503718,35.625768560444314,0.1515212410340512,45.35459652076055,0.1289495652716693,9.72882796031623,0.1989640089771301,48.89742627489229,0.2145058870904732,665,932,12.346479417171684,17.276218878797312,10.488785799536783,8.66851623828646,-6.331483761712971,10.73456381965616,0.0,1.15,"[{""iter"":1,""scan"":""position"",""reason"":""plateau_lite_2dcg_score_0.98"",""n_rows"":179},{""iter"":1,""scan"":""pa"",""reason"":""plateau_lite_2dcg_score_0.98"",""n_rows"":37},{""iter"":1,""scan"":""size"",""reason"":""plateau_lite_2dcg_score_0.95"",""n_rows"":39},{""iter"":2,""scan"":""position"",""reason"":""plateau_lite_2dcg_score_0.98"",""n_rows"":201},{""iter"":2,""scan"":""pa"",""reason"":""plateau_lite_2dcg_score_0.98"",""n_rows"":37},{""iter"":2,""scan"":""size"",""reason"":""plateau_lite_2dcg_score_0.95"",""n_rows"":36},{""iter"":3,""scan"":""position"",""reason"":""plateau_lite_2dcg_score_0.98"",""n_rows"":201},{""iter"":3,""scan"":""pa"",""reason"":""plateau_lite_2dcg_score_0.98"",""n_rows"":37},{""iter"":3,""scan"":""size"",""reason"":""plateau_lite_2dcg_score_0.95"",""n_rows"":36}]",0.6,0.6,46.564969518049786,True,531,10620.459538424384,7658.505832984882,2.090206403659657,3663.995010050642,1.108421052631579,72.83909774436091,43.70345864661655,0.3034268005177009,49.04596979024911,86.14817853862499,72.83909774436091,104.8995131151225,0.1606457137533774,0.7211087058216948,2.034216660831613,3.5730572936577527,0.0812215508595542,0.1158430227405004,True,valid,108.42857142857144,99.75428571428571,7,10.592237863439404,41.46851026576634,1503.3338617823665,2165.191004639508,-280.83713934759953,81,487.3243395012148,292.39460370072885,0.6,50.0,True,2.9505332758771514,1.1280656006972565,214,RefineV9Candidates2DCG_v11_exclude_source_002_010,accepted,3.5639548735359474,-36.92144487661993,0.4068955400582187
224,ambiguous_core_and_anti,ambiguous_check_artifact,0.6366666666666667,True,22.73791357871644,4,1769,0.8402180987907717,True,32.2557673540757,-1,146,146,148,-548.8842561560446,2,9.856464929353448,40.33503151441425,2081.428571428563,1002.4285714285832,-553.0080579530975,147,604.8,604.8,1.0,-90.0,0.0,3.49999999999992,24.11049458723757,24.11049458723757,24.11049458723757,53.77006608468229,True,9.856464929353448,40.33503151441425,2071.905290353788,1002.3338617823796,695.5199999999999,695.5199999999999,1.0,1.0,-90.0,0.0,26.285714285714885,26.285714285714885,46.65967429065132,32.83839085163829,9361.904170228949,20419.45471343366,29992.185062658275,147.55739256068009,265.36957445402896,425.0928134277668,63.445849833508326,76.947233892373,70.55443920779113,0.3121447854056146,0.6808258441582128,True,47.62796388156343,439.0,1123.0,2170.0,1837.0,40.357026836873786,34.163989999694536,32.77153466024882,0.1340669756160582,45.28946688513,0.1105471379001691,12.517932224881186,0.1737660025688447,72.03901821889282,0.2763983125840509,2170,3040,40.21830716387387,56.27968229110829,19.91146307591368,-33.33148376171258,-0.3314837617124833,33.33313203468268,0.0,1.15,"[{""iter"":1,""scan"":""position"",""reason"":""plateau_lite_2dcg_score_0.98"",""n_rows"":201},{""iter"":1,""scan"":""size"",""reason"":""plateau_lite_2dcg_score_0.95"",""n_rows"":48},{""iter"":2,""scan"":""position"",""reason"":""plateau_lite_2dcg_score_0.98"",""n_rows"":201},{""iter"":2,""scan"":""size"",""reason"":""plateau_lite_2dcg_score_0.95"",""n_rows"":48},{""iter"":3,""scan"":""position"",""reason"":""plateau_lite_2dcg_score_0.98"",""n_rows"":201},{""iter"":3,""scan"":""size"",""reason"":""plateau_lite_2dcg_score_0.95"",""n_rows"":48}]",1.0,1.0,46.70313252800736,True,1734,45517.252188289785,32568.028684643057,5.989286897062644,5437.713912254823,1.108421052631579,101.97473684210529,101.97473684210529,0.2065658791075102,71.4338375584382,121.58208112029725,101.97473684210529,146.200184720888,0.0753108292087336,0.7155095511899514,2.962769481976961,5.042703735519983,0.0218285769037285,0.0375728686642513,True,valid,151.79999999999998,139.65599999999998,7,9.868612471184283,40.33502708333232,2071.905290353788,1002.3338617823796,-548.8842561560446,146,682.2540753017006,682.2540753017006,1.0,-90.0,False,1.1471605208385085,1.1280656006972565,215,RefineV9Candidates2DCG_v11_exclude_source_002_010,ambiguous_core_and_anti,3.7354163548518082,-9.51785377535926,0.7049255201130218
225,ambiguous_core_and_anti,ambiguous_check_artifact,0.6366666666666667,True,16.619947924237984,4,447,0.1019191112950509,True,20.097017740078098,-1,114,114,116,-416.9225986503485,2,10.237412354030845,41.08110348564346,1778.8571428571386,1767.5714285714262,-416.9225986503485,115,382.8,306.24,0.8,30.0,-60.0,3.49999999999992,24.11049458723757,24.11049458723757,24.11049458723757,53.77006608468229,False,10.237412354030845,41.08110348564346,1778.762433210935,1766.6195760680794,382.8,267.96,0.7,1.4285714285714286,35.0,-55.0,14.46712018140623,10.12698412698436,18.70355478319672,11.417708574513323,1067.2058545159782,2341.401616437365,3344.2034097856786,46.18836523386879,84.09073080571093,134.83690848117843,23.10551259202009,27.843753931061705,24.80183984826742,0.3191210951442612,0.7001373210690613,True,17.2640155840056,93.0,239.0,459.0,393.0,8.536348072868694,7.308899330364699,11.402952645231313,0.2002874193886433,18.766328390631028,0.1671573326993025,7.363375745399715,0.2608766456402481,28.225507604670344,0.3923716771937037,459,648,8.526707974844921,12.017396332007555,11.07488975848814,-0.331483761713677,-3.3314837617137223,3.3479345183026004,5.0,1.0,"[{""iter"":1,""scan"":""position"",""reason"":""plateau_lite_2dcg_score_0.98"",""n_rows"":201},{""iter"":1,""scan"":""pa"",""reason"":""plateau_lite_2dcg_score_0.98"",""n_rows"":37},{""iter"":1,""scan"":""size"",""reason"":""plateau_lite_2dcg_score_0.95"",""n_rows"":40},{""iter"":2,""scan"":""position"",""reason"":""plateau_lite_2dcg_score_0.98"",""n_rows"":201},{""iter"":2,""scan"":""pa"",""reason"":""plateau_lite_2dcg_score_0.98"",""n_rows"":37},{""iter"":2,""scan"":""size"",""reason"":""plateau_lite_2dcg_score_0.95"",""n_rows"":40},{""iter"":3,""scan"":""position"",""reason"":""plateau_lite_2dcg_score_0.98"",""n_rows"":201},{""iter"":3,""scan"":""pa"",""reason"":""plateau_lite_2dcg_score_0.98"",""n_rows"":37},{""iter"":3,""scan"":""size"",""reason"":""plateau_lite_2dcg_score_0.95"",""n_rows"":40}]",0.7,0.7,18.80713271950585,True,367,5032.254666924611,4005.642666943927,2.078886101735687,1926.8216106690825,1.2167368421052631,61.609373433583976,43.12656140350879,0.3846158238255114,37.76804141104853,62.1769228802756,61.609373433583976,79.1523955027475,0.2357149830068783,0.7959936314971747,1.5664565185253525,2.5788323277776204,0.1499124182552887,0.1876276253219399,True,valid,83.54761904761907,76.86380952380955,7,10.237540808118345,41.08017855487783,1778.762433210935,1766.6195760680794,-416.9225986503485,114,412.1927391382245,288.53491739675724,0.7000000000000002,35.0,True,3.979560313686996,1.076783540068507,216,RefineV9Candidates2DCG_v11_exclude_source_002_010,accepted,3.2848415085899263,-3.477069815840114,0.8269857816313695
226,ambiguous_core_and_anti,ambiguous_check_artifact,0.6366666666666667,True,14.913507136826189,4,330,0.1647263119155256,True,14.95819390133324,1,53,53,55,-165.3706890301155,2,11.14219553141424,42.08777304122345,1082.857142857142,2803.000000000004,-161.2468872330625,52,264.0,264.0,1.0,-45.0,45.0,3.49999999999992,24.11049458723757,24.11049458723757,24.11049458723757,53.77006608468229,True,11.14219553141424,42.08777304122345,1082.762433210938,2802.0481474966577,264.0,264.0,1.0,1.0,-45.0,45.0,9.977324263038778,9.977324263038778,25.81388541842192,20.159990198274627,627.4009528452393,1278.0170968840855,1752.707518245662,40.25554868157488,73.2550780543481,117.9869056967934,15.585452773431037,17.446122928651064,14.855101995384356,0.3579610096459356,0.7291673502737591,True,10.388642963369088,65.0,163.0,310.0,269.0,5.7652895481248265,5.002783511114769,20.13985692717455,0.2553630100239789,25.40465260609928,0.2224540060829998,5.264795678924724,0.3386680553445838,15.545592788690874,0.2072374600257563,310,437,5.760134087452392,8.110562907463567,3.2216291641230104,-0.331483761713677,-3.3314837617121307,3.3479345183010163,0.0,1.0,"[{""iter"":1,""scan"":""position"",""reason"":""plateau_lite_2dcg_score_0.98"",""n_rows"":180},{""iter"":1,""scan"":""size"",""reason"":""plateau_lite_2dcg_score_0.95"",""n_rows"":23},{""iter"":2,""scan"":""position"",""reason"":""plateau_lite_2dcg_score_0.98"",""n_rows"":194},{""iter"":2,""scan"":""size"",""reason"":""plateau_lite_2dcg_score_0.95"",""n_rows"":23},{""iter"":3,""scan"":""position"",""reason"":""plateau_lite_2dcg_score_0.98"",""n_rows"":195},{""iter"":3,""scan"":""size"",""reason"":""plateau_lite_2dcg_score_0.95"",""n_rows"":23}]",1.0,1.0,25.689433758437723,True,251,2559.2094940420657,1757.405779334761,1.5328500928123794,1146.4955298468751,1.0310526315789472,36.00501253132832,36.00501253132832,0.5039960115164511,25.576320440062364,46.914354979005616,36.00501253132832,55.93737451140729,0.4577113559888565,0.6866986791921751,1.0607961751892347,1.945806412608343,0.3051700627926262,0.3143097836088072,True,valid,57.61904761904762,53.00952380952381,7,11.142312932572938,42.086847062758615,1082.762433210938,2802.0481474966577,-165.3706890301155,53,240.888746482598,240.888746482598,1.0,-45.0,True,7.8109700042239645,0.912457373040144,217,RefineV9Candidates2DCG_v11_exclude_source_002_010,accepted,3.059372365767554,-0.04468676450705189,0.9970125561413488
227,ambiguous_core_and_anti,ambiguous_check_artifact,0.6366666666666667,True,12.463488644419838,4,691,0.3526162275900795,True,25.537068672384056,0,155,155,157,-585.9984723295215,2,10.108882103660244,40.712460823891256,1881.000000000001,1388.999999999995,-585.9984723295215,155,420.0,420.0,1.0,-90.0,0.0,3.49999999999992,24.11049458723757,24.11049458723757,24.11049458723757,53.77006608468229,True,10.108882103660244,40.712460823891256,1880.905290353797,1392.3338617823626,483.0,483.0,1.0,1.0,-90.0,0.0,18.253968253968672,18.253968253968672,17.0420933304192,11.690764334937258,1689.6859518509643,3802.511333688924,5608.192787265072,85.86559858349871,154.9729495138787,248.65258205167632,19.678264400705885,24.53661329681531,22.554331593868376,0.3012888493576497,0.6780279276995541,True,15.206225305129024,212.0,542.0,1048.0,884.0,19.490398214305863,16.440374066265637,11.69748147221105,0.1624922669118955,16.932498793945243,0.1335095590346659,5.235017321734192,0.210305822933645,24.89240311423012,0.3091698033137401,1048,1462,19.463156874643065,27.08596186461504,7.695979374832857,-0.331483761713677,11.668516238286504,11.673223748709509,0.0,1.15,"[{""iter"":1,""scan"":""position"",""reason"":""plateau_lite_2dcg_score_0.98"",""n_rows"":201},{""iter"":1,""scan"":""size"",""reason"":""plateau_lite_2dcg_score_0.95"",""n_rows"":46},{""iter"":2,""scan"":""position"",""reason"":""plateau_lite_2dcg_score_0.98"",""n_rows"":201},{""iter"":2,""scan"":""size"",""reason"":""plateau_lite_2dcg_score_0.95"",""n_rows"":47},{""iter"":3,""scan"":""position"",""reason"":""plateau_lite_2dcg_score_0.98"",""n_rows"":201},{""iter"":3,""scan"":""size"",""reason"":""plateau_lite_2dcg_score_0.95"",""n_rows"":47}]",1.0,1.0,14.080731272202147,True,834,5432.645265333485,,,,,,,,53.07939674091285,91.9840095180404,,102.70953961944748,0.1445198909864511,,2.201505927174526,3.815102555661813,0.0974019599067792,0.1445198909864511,False,no_break,105.41666666666669,96.98333333333336,7,10.1089755485705,40.71570277047695,1880.905290353797,1392.3338617823626,-585.9984723295215,155,483.0,483.0,1.0,-90.0,False,0.0,1.15,218,RefineV9Candidates2DCG_v11_exclude_source_002_010,ambiguous_core_and_anti,,-13.073580027964217,0.4880547882889132
228,ambiguous_core_and_anti,ambiguous_check_artifact,0.6243253968253968,True,13.06170225103421,4,609,0.0729720345515081,True,21.553915509297155,1,28,28,30,-62.275644103790505,2,11.24689496483105,41.86368402493786,1001.4285714285744,2572.9999999999845,-58.15184230673751,27,382.8,344.52000000000004,0.9,-45.0,45.0,3.49999999999992,24.11049458723757,24.11049458723757,24.11049458723757,53.77006608468229,False,11.24689496483105,41.86368402493786,1005.6195760680852,2578.9052903537813,440.22,396.198,0.9,1.1111111111111112,-55.0,35.0,16.63718820861716,14.973469387755449,33.90302161301489,21.93254431123197,3135.406697103018,6805.292070803473,9325.001818088898,114.5713854957083,209.3086909608763,334.8557950952503,27.366402907124364,32.51318442422206,27.8478137594614,0.3362365775651506,0.729789892115879,True,20.104973257658607,157.0,407.0,779.0,659.0,14.487614703191095,12.255889716820196,21.68286435969922,0.2903795919725267,33.34705029832042,0.2449700566398164,11.664185938621198,0.3799087207267635,30.702601183536057,0.3497816398834137,779,1102,14.458888365920329,20.27451714790421,10.739206190663682,14.668516238287344,20.66851623828823,25.34468252169049,10.0,1.15,"[{""iter"":1,""scan"":""position"",""reason"":""plateau_lite_2dcg_score_0.98"",""n_rows"":140},{""iter"":1,""scan"":""pa"",""reason"":""plateau_lite_2dcg_score_0.98"",""n_rows"":37},{""iter"":1,""scan"":""size"",""reason"":""plateau_lite_2dcg_score_0.95"",""n_rows"":43},{""iter"":2,""scan"":""position"",""reason"":""plateau_lite_2dcg_score_0.98"",""n_rows"":201},{""iter"":2,""scan"":""pa"",""reason"":""plateau_lite_2dcg_score_0.98"",""n_rows"":37},{""iter"":2,""scan"":""size"",""reason"":""plateau_lite_2dcg_score_0.95"",""n_rows"":46},{""iter"":3,""scan"":""position"",""reason"":""plateau_lite_2dcg_score_0.98"",""n_rows"":201},{""iter"":3,""scan"":""pa"",""reason"":""plateau_lite_2dcg_score_0.98"",""n_rows"":37},{""iter"":3,""scan"":""size"",""reason"":""plateau_lite_2dcg_score_0.95"",""n_rows"":46}]",0.9,0.9,33.519887565346366,True,622,14003.24551353696,10173.520109359397,4.741073721948074,2145.826179049409,1.1238947368421055,65.44456892230578,58.9001120300752,0.3363681737736969,43.40853477118506,75.8173694402783,65.44456892230578,92.37786599139494,0.1968225100786932,0.7265115861551265,1.800400013119703,3.1445796006362623,0.1065694702708993,0.1429938339883048,True,valid,96.07976190476192,88.39338095238097,7,11.241473731029334,41.86945171241199,1005.6195760680852,2578.9052903537813,-62.275644103790505,28,437.8518173843452,394.0666356459107,0.9,-55.0,True,3.066810440519693,1.1438135250374744,219,RefineV9Candidates2DCG_v11_exclude_source_002_010,accepted,3.33159453937407,-8.492213258262945,0.6060013664524259
229,ambiguous_core_and_anti,ambiguous_check_artifact,0.6065565749235473,True,13.737821634601865,4,647,0.3393454662383525,True,24.110412152178395,1,36,36,38,-95.2660584802145,2,11.119534255881646,41.94881794328128,1099.4285714285757,2659.999999999988,-91.14225668316148,35,522.0,365.4,0.7,-90.0,0.0,3.49999999999992,24.11049458723757,24.11049458723757,24.11049458723757,53.77006608468229,False,11.119534255881646,41.94881794328128,1108.7624332109435,2665.905290353785,690.3449999999999,345.1725,0.5,2.0,-70.0,20.0,26.090136054422363,13.04506802721118,36.68553059096357,21.50814135885325,5079.110561801303,11222.841834928138,13917.665925845162,111.8803934567906,214.8411115702074,324.3941873173948,45.39768233620762,52.23786896699542,42.90356137678816,0.3649398245987047,0.8063738485120034,True,34.507431194789014,215.0,535.0,917.0,644.0,17.054098437517634,11.976924093523834,22.25770611242456,0.2219484009686645,37.76331434105523,0.2079124338062933,15.505608228630674,0.3041195041818321,50.98524762607767,0.4105997712116441,917,1073,16.670382617339474,19.46951251862561,20.934531010436512,32.66851623828682,20.66851623828823,38.65772260109995,20.0,1.3224999999999998,"[{""iter"":1,""scan"":""position"",""reason"":""plateau_lite_2dcg_score_0.98"",""n_rows"":147},{""iter"":1,""scan"":""pa"",""reason"":""plateau_lite_2dcg_score_0.98"",""n_rows"":37},{""iter"":1,""scan"":""size"",""reason"":""plateau_lite_2dcg_score_0.95"",""n_rows"":48},{""iter"":2,""scan"":""position"",""reason"":""plateau_lite_2dcg_score_0.98"",""n_rows"":201},{""iter"":2,""scan"":""pa"",""reason"":""plateau_lite_2dcg_score_0.98"",""n_rows"":37},{""iter"":2,""scan"":""size"",""reason"":""plateau_lite_2dcg_score_0.95"",""n_rows"":48},{""iter"":3,""scan"":""position"",""reason"":""plateau_lite_2dcg_score_0.98"",""n_rows"":201},{""iter"":3,""scan"":""pa"",""reason"":""plateau_lite_2dcg_score_0.98"",""n_rows"":37},{""iter"":3,""scan"":""size"",""reason"":""plateau_lite_2dcg_score_0.95"",""n_rows"":48}]",0.5,0.5,39.69629626007364,True,615,7020.689450495131,,,,,,,,95.221078464365,141.21869754613817,,148.69008246952438,0.0698493128715943,,3.949362304445154,5.857146440326013,0.0086447148716454,0.0171796440708287,False,no_break,150.6705357142857,138.61689285714286,7,11.10737102120034,41.95460431918066,1108.7624332109435,2665.905290353785,-95.2660584802145,36,690.3449999999999,345.1725,0.5,-70.0,False,0.0,1.3224999999999998,220,RefineV9Candidates2DCG_v11_exclude_source_002_010,ambiguous_core_and_anti,,-10.37259051757653,0.5697879218278167
230,core_confirmed,rescue_candidate_for_2dcg_refit,0.6017531326083531,True,5.57048564083737,3,81,2.2012887033885295e-12,False,3.699423864836852,0,24,24,26,-45.780436915578505,2,11.356374662081532,42.04103977605474,919.0000000000072,2755.9999999999773,-45.780436915578505,24,264.0,211.2,0.8,40.0,-50.0,3.49999999999992,24.11049458723757,24.11049458723757,24.11049458723757,53.77006608468229,False,11.356374662081532,42.04103977605474,918.0481474966608,2755.905290353774,264.0,184.8,0.7,1.4285714285714286,45.0,-45.0,9.977324263038778,6.984126984127144,51.58153077594062,42.619680471181866,701.8030043950041,1459.9327577199938,1953.683366437408,137.73830305887606,261.4157756729008,412.0571239486866,5.09519130706162,5.584715589417028,4.741292536616112,0.3592204430110698,0.7472719391485729,True,3.43423135301796,43.0,117.0,218.0,191.0,4.0543003919071365,3.5521622699736835,42.62117749062234,1.2862508130534456,52.2605929212059,1.0768554909020909,9.63941543058356,1.677515693627524,5.746244561050228,0.1844490253893035,218,316,4.051999628064359,5.864126389584018,1.0598892089343006,-3.3314837617125286,-0.3314837617112895,3.347934518301176,5.0,1.0,"[{""iter"":1,""scan"":""position"",""reason"":""plateau_lite_2dcg_score_0.98"",""n_rows"":201},{""iter"":1,""scan"":""pa"",""reason"":""plateau_lite_2dcg_score_0.98"",""n_rows"":37},{""iter"":1,""scan"":""size"",""reason"":""plateau_lite_2dcg_score_0.95"",""n_rows"":26},{""iter"":2,""scan"":""position"",""reason"":""plateau_lite_2dcg_score_0.98"",""n_rows"":201},{""iter"":2,""scan"":""pa"",""reason"":""plateau_lite_2dcg_score_0.98"",""n_rows"":37},{""iter"":2,""scan"":""size"",""reason"":""plateau_lite_2dcg_score_0.95"",""n_rows"":26},{""iter"":3,""scan"":""position"",""reason"":""plateau_lite_2dcg_score_0.98"",""n_rows"":201},{""iter"":3,""scan"":""pa"",""reason"":""plateau_lite_2dcg_score_0.98"",""n_rows"":37},{""iter"":3,""scan"":""size"",""reason"":""plateau_lite_2dcg_score_0.95"",""n_rows"":26}]",0.7,0.7,52.03828415740812,True,168,2741.4401883686305,2061.800537619128,5.461926485206973,377.4859554047986,1.0465263157894735,36.5453634085213,25.58175438596491,0.5547705943368706,24.383420005854628,40.61805203092787,36.5453634085213,54.40205942024925,0.4889339435400045,0.7520866391201695,1.0113197768560716,1.6846627465049286,0.3656569327789246,0.3677206863487727,True,valid,57.61904761904762,53.00952380952381,7,11.357619765746898,42.04094052960192,918.0481474966608,2755.905290353774,-45.780436915578505,24,244.503922157222,171.15274551005538,0.7,45.0,True,5.270041325879972,0.9261512202925076,221,RefineV9Candidates2DCG_v11_exclude_source_002_010,accepted,2.5769007980747096,1.8710617760005186,1.5057711266300204
231,anti_control_excess,low,0.5733333333333333,False,25.73167033429352,3,1285,0.9701624509664246,True,46.46509941613876,-1,101,101,103,-363.3131752886595,2,10.721964403368649,40.997798539236726,1403.1428571428564,1681.0000000000032,-363.3131752886595,102,504.0,504.0,1.0,-90.0,0.0,3.49999999999992,24.11049458723757,24.11049458723757,24.11049458723757,53.77006608468229,True,10.721964403368649,40.997798539236726,1402.1910046395096,1680.9052903537993,504.0,504.0,1.0,1.0,-90.0,0.0,19.047619047619484,19.047619047619484,34.95444897609927,25.30629913280462,3861.6039510085566,7906.905040815167,10979.594521669314,71.62742089290357,130.70080447263004,212.4805674195505,53.91236907416196,60.49622320779935,51.67340550248866,0.3517073370412085,0.7201454502905466,True,35.78401757164095,233.0,589.0,1138.0,964.0,21.164191954084043,17.928190723846235,25.32117220505138,0.1255107563991457,34.42854351924827,0.1069351257718023,9.107371314196891,0.1648880562554999,55.23366289238498,0.2645296716982859,1138,1603,21.11049343549328,29.787333557474536,14.610942711616396,-3.3314837617137223,-0.331483761713677,3.3479345183026004,0.0,1.0,"[{""iter"":1,""scan"":""position"",""reason"":""plateau_lite_2dcg_score_0.98"",""n_rows"":201},{""iter"":1,""scan"":""size"",""reason"":""plateau_lite_2dcg_score_0.95"",""n_rows"":46},{""iter"":2,""scan"":""position"",""reason"":""plateau_lite_2dcg_score_0.98"",""n_rows"":201},{""iter"":2,""scan"":""size"",""reason"":""plateau_lite_2dcg_score_0.95"",""n_rows"":46},{""iter"":3,""scan"":""position"",""reason"":""plateau_lite_2dcg_score_0.98"",""n_rows"":201},{""iter"":3,""scan"":""size"",""reason"":""plateau_lite_2dcg_score_0.95"",""n_rows"":46}]",1.0,1.0,32.558748108017944,True,905,12900.08784541938,9835.226462800038,3.080985955229776,3192.2334621829004,1.154842105263158,76.98947368421054,76.98947368421054,0.3214237609910731,48.19581307358867,83.5749738948647,76.98947368421054,105.29770714130235,0.170012929856333,0.7624154641933212,1.998955803216919,3.466331791430919,0.0916794611961852,0.1296204868352827,True,valid,110.0,101.2,7,10.723190491939029,40.99770605683677,1402.1910046395096,1680.9052903537993,-363.3131752886595,101,515.0921081337626,515.0921081337626,1.0,-90.0,True,3.0875020386214627,1.0220081510590528,222,RefineV9Candidates2DCG_v11_exclude_source_002_010,accepted,3.504094645720696,-20.733429081845244,0.5537848978615575
232,ambiguous_core_and_anti,ambiguous_check_artifact,0.5733333333333333,True,25.166093364455666,3,464,0.3672245166794093,True,25.74028647200337,1,154,154,156,-581.8746705324686,2,10.09521699730309,40.68294475272764,1891.8571428571368,1358.7142857142994,-573.6270669383625,153,319.0,287.1,0.9,45.0,-45.0,3.49999999999992,24.11049458723757,24.11049458723757,24.11049458723757,53.77006608468229,False,10.09521699730309,40.68294475272764,1882.3338617823613,1347.4767189252386,414.7,290.29,0.7,1.4285714285714286,5.0,-85.0,15.672713529856749,10.970899470899722,49.3398544966393,40.26471940935825,1744.320585526434,3705.56203044444,4891.497812044483,59.31152106967022,108.22388770620708,174.1995645902987,29.40947313553921,34.2397793036584,28.07985096603906,0.3566025484528156,0.7575516074688049,True,20.83096112870589,110.0,281.0,539.0,466.0,10.024164730449296,8.666532030406998,40.330634483165696,0.2192609406323067,48.59188542303298,0.1862102263915092,8.261250939867288,0.2876623167878286,28.718571942673144,0.1700129737289712,539,758,10.014219221304936,14.083941859261524,4.8825298172232605,-33.33148376171258,-39.33148376171188,51.555343318177165,40.0,1.3,"[{""iter"":1,""scan"":""position"",""reason"":""plateau_lite_2dcg_score_0.98"",""n_rows"":9},{""iter"":1,""scan"":""pa"",""reason"":""plateau_lite_2dcg_score_0.98"",""n_rows"":37},{""iter"":1,""scan"":""size"",""reason"":""plateau_lite_2dcg_score_0.95"",""n_rows"":32},{""iter"":2,""scan"":""position"",""reason"":""plateau_lite_2dcg_score_0.98"",""n_rows"":123},{""iter"":2,""scan"":""pa"",""reason"":""plateau_lite_2dcg_score_0.98"",""n_rows"":37},{""iter"":2,""scan"":""size"",""reason"":""plateau_lite_2dcg_score_0.95"",""n_rows"":36},{""iter"":3,""scan"":""position"",""reason"":""plateau_lite_2dcg_score_0.98"",""n_rows"":201},{""iter"":3,""scan"":""pa"",""reason"":""plateau_lite_2dcg_score_0.98"",""n_rows"":37},{""iter"":3,""scan"":""size"",""reason"":""plateau_lite_2dcg_score_0.95"",""n_rows"":37}]",0.7,0.7,49.20970822267216,True,427,7505.212656357256,4826.517852672511,2.13652610239038,2259.049326508356,0.969157894736842,53.16266917293233,37.21386842105263,0.3358783643835411,40.355418772954685,75.78498534154018,53.16266917293233,87.95956241906886,0.2234523000332988,0.6430887535990378,1.6737698443695983,3.143236446989167,0.11107283949029,0.1436996611172523,True,valid,90.50992063492065,83.269126984127,7,10.10752112521389,40.67208119156021,1882.3338617823613,1347.4767189252386,-581.8746705324686,154,355.68071877752703,248.9765031442689,0.7,5.0,True,3.567218534715598,1.1149865792398967,223,RefineV9Candidates2DCG_v11_exclude_source_002_010,accepted,3.353925713875879,-0.5741931075477034,0.9776928237309158
233,ambiguous_core_and_anti,ambiguous_check_artifact,0.5733333333333333,True,25.08400135705547,3,354,0.2534250952559068,True,29.4761927926752,-1,48,48,50,-144.7516800448505,2,11.028154030756664,41.83342015853376,1168.8571428571556,2540.9999999999886,-144.7516800448505,49,264.0,264.0,1.0,-45.0,45.0,3.49999999999992,24.11049458723757,24.11049458723757,24.11049458723757,53.77006608468229,True,11.028154030756664,41.83342015853376,1167.9052903538088,2540.9052903537854,264.0,264.0,1.0,1.0,-45.0,45.0,9.977324263038778,9.977324263038778,46.65995850608699,37.33884421886216,986.3441513166332,2064.1463009320405,2908.187657614148,36.32274967171266,65.06683044966661,103.13955913186408,27.154996805893685,31.72348009987656,28.196626804425502,0.3391611090619308,0.7097706695535076,True,19.45585187609052,65.0,164.0,312.0,272.0,5.802484964564342,5.058576635774042,37.34063706106302,0.2281936147495779,46.17967262304259,0.1872457017193148,8.839035561979571,0.2951834660424554,29.944209546981465,0.1914053318249184,312,440,5.800191871172854,8.178181555167061,5.731481364574879,-3.3314837617137223,-0.3314837617112895,3.347934518302364,0.0,1.0,"[{""iter"":1,""scan"":""position"",""reason"":""plateau_lite_2dcg_score_0.98"",""n_rows"":191},{""iter"":1,""scan"":""size"",""reason"":""plateau_lite_2dcg_score_0.95"",""n_rows"":25},{""iter"":2,""scan"":""position"",""reason"":""plateau_lite_2dcg_score_0.98"",""n_rows"":201},{""iter"":2,""scan"":""size"",""reason"":""plateau_lite_2dcg_score_0.95"",""n_rows"":25},{""iter"":3,""scan"":""position"",""reason"":""plateau_lite_2dcg_score_0.98"",""n_rows"":201},{""iter"":3,""scan"":""size"",""reason"":""plateau_lite_2dcg_score_0.95"",""n_rows"":25}]",1.0,1.0,46.2014106047223,True,248,3854.950476000942,2879.271046257765,1.351091019601408,2131.071115480579,1.015578947368421,35.464661654135334,35.464661654135334,0.5532750404502054,24.64168337456137,41.899514125299234,35.464661654135334,55.63018856496911,0.4837239316903416,0.7469022142262824,1.0220314347099697,1.7378123030075847,0.3573791357574513,0.3612944756537591,True,valid,57.61904761904762,53.00952380952381,7,11.029395556419674,41.83332441117343,1167.9052903538088,2540.9052903537854,-144.7516800448505,48,237.273570807974,237.273570807974,1.0,-45.0,True,12.354854184301129,0.8987635257877803,224,RefineV9Candidates2DCG_v11_exclude_source_002_010,accepted,3.328597942696585,-4.392191435619729,0.8509919016165757
234,ambiguous_core_and_anti,ambiguous_check_artifact,0.5733333333333333,True,21.638771778849907,3,342,0.0895993016885289,True,30.78397672703636,0,111,111,113,-404.5511932591895,2,10.388751452913873,41.23089839186892,1661.000000000003,1921.1428571428603,-404.5511932591895,111,264.0,264.0,1.0,45.0,-45.0,3.49999999999992,24.11049458723757,24.11049458723757,24.11049458723757,53.77006608468229,True,10.388751452913873,41.23089839186892,1659.1910046395135,1922.7624332109424,303.6,242.88,0.8,1.25,45.0,-45.0,11.473922902494593,9.179138321995676,24.957930850765287,15.644640652485128,927.8524273264006,2101.651541393082,3054.759185035892,34.05156187106769,64.04969685615848,101.9528605783858,27.24845429527159,32.81282573613001,29.962466650823007,0.3037399582499328,0.6879925434673465,True,20.43847287139638,65.0,174.0,328.0,280.0,6.100048296080462,5.207358301532102,15.668989038582236,0.2100616241461641,24.722379462101426,0.1781851899625184,9.05339042351919,0.2754557094360237,32.86695506168804,0.3662022273138284,328,463,6.096362912410861,8.584708896731602,12.035952148613667,-6.331483761712971,5.668516238286413,8.498221164958688,0.0,1.15,"[{""iter"":1,""scan"":""position"",""reason"":""plateau_lite_2dcg_score_0.98"",""n_rows"":150},{""iter"":1,""scan"":""size"",""reason"":""plateau_lite_2dcg_score_0.95"",""n_rows"":26},{""iter"":2,""scan"":""position"",""reason"":""plateau_lite_2dcg_score_0.98"",""n_rows"":193},{""iter"":2,""scan"":""size"",""reason"":""plateau_lite_2dcg_score_0.95"",""n_rows"":31},{""iter"":3,""scan"":""position"",""reason"":""plateau_lite_2dcg_score_0.98"",""n_rows"":193},{""iter"":3,""scan"":""size"",""reason"":""plateau_lite_2dcg_score_0.95"",""n_rows"":31}]",0.8,0.8,24.079861294334044,True,262,4417.584436761999,3246.735195818268,1.4637048011034102,2218.1625648633008,1.1393684210526316,45.75558897243108,36.60447117794486,0.4454189257742366,30.983782668521165,51.802265534831136,45.75558897243108,63.41531975615289,0.3420134117536911,0.7349571337674441,1.2850745369994123,2.1485359973599074,0.2217384397702698,0.2513651968125175,True,valid,66.26190476190476,60.96095238095238,7,10.39108295507033,41.232478941291845,1659.1910046395135,1922.7624332109424,-404.5511932591895,111,306.1242226357108,244.8993781085686,0.7999999999999999,45.0,True,7.174778347788924,1.1595614493776925,225,RefineV9Candidates2DCG_v11_exclude_source_002_010,accepted,3.3459933715858705,-9.145204948186453,0.7029232113421338
235,ambiguous_core_and_anti,ambiguous_check_artifact,0.5733333333333333,True,20.67109571843152,3,809,0.2413276155398533,True,31.58228531182681,-2,50,50,52,-152.9992836389565,2,11.277075932490431,41.53698954068072,975.9999999999848,2237.142857142885,-161.2468872330625,52,432.0,410.4,0.95,-90.0,0.0,3.49999999999992,24.11049458723757,24.11049458723757,24.11049458723757,53.77006608468229,True,11.277075932490431,41.53698954068072,970.7940030929916,2240.508288807321,259.2,181.44,0.7,1.4285714285714286,-90.0,0.0,9.795918367347165,6.857142857143014,47.501002237646624,43.257690336710006,333.2568431986558,691.1468398685765,899.5821229985631,38.04462418723219,68.5254553700645,110.76451340956302,8.759630310936206,10.08598682250429,8.121573374969536,0.3704573875788193,0.7682976597676124,True,6.038992580028156,44.0,110.0,212.0,179.0,3.942714142588591,3.3289897713365937,43.21183298589739,0.3529097820186859,47.00342235773935,0.3029720568010657,3.791589371841965,0.465120824567923,8.151837483011402,0.0806662404916917,212,289,3.940716219726841,5.367401837568271,0.6575780828537852,-18.22098917447526,11.779010825525988,21.696763411260285,0.0,0.6,"[{""iter"":1,""scan"":""size"",""reason"":""plateau_lite_2dcg_score_0.95"",""n_rows"":3},{""iter"":2,""scan"":""position"",""reason"":""plateau_lite_2dcg_score_0.98"",""n_rows"":83},{""iter"":2,""scan"":""size"",""reason"":""plateau_lite_2dcg_score_0.95"",""n_rows"":18},{""iter"":3,""scan"":""position"",""reason"":""plateau_lite_2dcg_score_0.98"",""n_rows"":167},{""iter"":3,""scan"":""size"",""reason"":""plateau_lite_2dcg_score_0.95"",""n_rows"":17}]",0.5,0.7,46.82742954775427,True,164,1197.0546915348805,767.4083082811417,1.231091891491792,623.3558303687829,1.0465263157894735,35.8809022556391,17.94045112781955,0.3493804409367648,28.227468985896465,45.78937008267723,35.8809022556391,53.53535098070762,0.3847520719668345,0.6410804065244169,1.1707544564779742,1.899146859762676,0.2279610040381524,0.2466570147076099,True,valid,56.57142857142858,52.04571428571429,7,11.283868072427806,41.54022673751175,970.7940030929916,2240.508288807321,-152.9992836389565,50,240.058396299818,120.029198149909,0.5,-90.0,True,3.3561979578551693,0.5556907321755046,226,RefineV9Candidates2DCG_v11_exclude_source_002_010,accepted,2.794736025873595,-10.911189593395289,0.6545155144517262
236,ambiguous_core_and_anti,ambiguous_check_artifact,0.5733333333333333,True,19.498691096363267,3,343,0.2712148244225112,True,26.76345708402953,0,82,82,84,-284.96094114465245,2,10.992556047445817,41.289062559943446,1194.14285714287,1980.9999999999984,-284.96094114465245,82,264.0,250.8,0.95,45.0,-45.0,3.49999999999992,24.11049458723757,24.11049458723757,24.11049458723757,53.77006608468229,True,10.992556047445817,41.289062559943446,1191.4767189252375,1982.6195760680805,303.6,303.6,1.0,1.0,45.0,-45.0,11.473922902494593,11.473922902494593,31.847994002892097,22.859011194806985,1135.1889856536168,2460.1103175299304,3694.471934122981,46.49353587348588,83.45391053411993,134.39139883300948,24.4160605195224,29.47867034372368,27.490389758600667,0.3072669128079587,0.6658895672769343,True,18.0961802308991,84.0,212.0,411.0,349.0,7.6436580783203345,6.490600168695369,23.155359406538025,0.2240383650961062,32.59136384614304,0.1835124246548981,9.436004439605014,0.2896031751166686,32.58253102992968,0.2895246877102291,411,580,7.63241291172355,10.754441399478704,9.43344712124924,-9.331483761713017,5.668516238286413,10.918272094925571,0.0,1.15,"[{""iter"":1,""scan"":""position"",""reason"":""plateau_lite_2dcg_score_0.98"",""n_rows"":176},{""iter"":1,""scan"":""size"",""reason"":""plateau_lite_2dcg_score_0.95"",""n_rows"":26},{""iter"":2,""scan"":""position"",""reason"":""plateau_lite_2dcg_score_0.98"",""n_rows"":196},{""iter"":2,""scan"":""size"",""reason"":""plateau_lite_2dcg_score_0.95"",""n_rows"":33},{""iter"":3,""scan"":""position"",""reason"":""plateau_lite_2dcg_score_0.98"",""n_rows"":194},{""iter"":3,""scan"":""size"",""reason"":""plateau_lite_2dcg_score_0.95"",""n_rows"":33}]",1.0,1.0,33.45294649644976,True,335,6029.836440081466,4538.925184435715,1.996946034128466,2272.933322615628,1.1703157894736842,46.99839598997494,46.99839598997494,0.4452585229174902,31.177586248721408,51.553870699039,46.99839598997494,63.62434895134457,0.3352083535653875,0.752744328894996,1.293112679041626,2.138233643963821,0.2218932750423161,0.2523261871445741,True,valid,66.26190476190476,60.96095238095238,7,10.996013276010796,41.29062790249132,1191.4767189252375,1982.6195760680805,-284.96094114465245,82,314.43912668734595,314.43912668734595,1.0,45.0,True,7.1157457496505865,1.1910572980581289,227,RefineV9Candidates2DCG_v11_exclude_source_002_010,accepted,3.3565866957140433,-7.264765987666262,0.7285565177601311
237,ambiguous_core_and_anti,ambiguous_check_artifact,0.5733333333333333,True,18.934352970388066,3,329,0.3672327593354902,True,36.353699530190205,-1,123,123,125,-454.0368148238255,2,10.278511196626258,41.07972790844988,1747.0000000000064,1766.0000000000027,-458.1606166208785,124,319.0,223.3,0.7,35.0,-55.0,3.49999999999992,24.11049458723757,24.11049458723757,24.11049458723757,53.77006608468229,False,10.278511196626258,41.07972790844988,1746.0797173787275,1765.9368602358668,223.3,200.97,0.9,1.1111111111111112,40.0,-50.0,8.439153439153632,7.595238095238269,43.84488790322076,41.0009833450211,252.7391675619108,477.1402246514531,565.9370070817331,31.90744500329572,57.49930970827652,92.88767402648293,7.921009267141428,8.298190483889808,6.092702966384761,0.4465853344087993,0.8430977629680685,True,4.727367358316042,41.0,103.0,199.0,172.0,3.700943935731744,3.198805813798291,41.048081538908754,0.3172185173975685,42.749677719347865,0.2678250928791406,1.701596180439111,0.4151600512520825,4.09865105110008,0.039803719494919,199,279,3.692789678616428,5.153618647251342,0.1631415567455425,-3.2209891744758297,-0.2209891744757846,3.228561208545685,5.0,0.7,"[{""iter"":1,""scan"":""size"",""reason"":""plateau_lite_2dcg_score_0.95"",""n_rows"":8},{""iter"":2,""scan"":""position"",""reason"":""plateau_lite_2dcg_score_0.98"",""n_rows"":69},{""iter"":2,""scan"":""pa"",""reason"":""plateau_lite_2dcg_score_0.98"",""n_rows"":37},{""iter"":2,""scan"":""size"",""reason"":""plateau_lite_2dcg_score_0.95"",""n_rows"":8},{""iter"":3,""scan"":""position"",""reason"":""plateau_lite_2dcg_score_0.98"",""n_rows"":76},{""iter"":3,""scan"":""pa"",""reason"":""plateau_lite_2dcg_score_0.98"",""n_rows"":37},{""iter"":3,""scan"":""size"",""reason"":""plateau_lite_2dcg_score_0.95"",""n_rows"":8}]",0.7,0.9,43.58157460844897,True,154,804.1178698232306,570.4723643812157,1.1935076974840246,477.97962726491056,1.1393684210526318,33.65356725146199,23.557497076023395,0.4292529821579978,22.09122444264131,39.830615469821566,33.65356725146199,47.24267814119044,0.5323880105846066,0.7094387350285136,0.9162493271429974,1.6520032521815264,0.3776966767734902,0.3776966767734902,True,valid,48.73611111111111,44.83722222222222,7,10.27969853047171,41.07967070156737,1746.0797173787275,1765.9368602358668,-454.0368148238255,123,225.1565840400337,157.6096088280236,0.7000000000000001,40.0,True,4.996274382848487,0.7058200126646824,228,RefineV9Candidates2DCG_v11_exclude_source_002_010,accepted,2.6794093862460406,-17.41934655980214,0.5208370321337967
238,ambiguous_core_and_anti,ambiguous_check_artifact,0.5733333333333333,True,18.58063585144025,3,539,0.5151732718828168,True,31.991737111526103,0,147,147,149,-553.0080579530975,2,10.176137074853736,40.61568869172776,1829.1428571428569,1289.1428571428532,-553.0080579530975,147,360.0,342.0,0.95,-50.0,40.0,3.49999999999992,24.11049458723757,24.11049458723757,24.11049458723757,53.77006608468229,True,10.176137074853736,40.61568869172776,1828.19100463951,1288.1910046395064,414.0,331.2,0.8,1.25,-50.0,40.0,15.64625850340172,12.517006802721376,39.48445082285068,31.353509925556622,1696.7867818162554,3712.451610406493,5016.790533630432,70.18310807036987,129.58535903679115,211.1549596659583,24.176569383546727,28.64869641139377,23.7588098407296,0.3382215722266492,0.7400053052882705,True,17.457643709173304,123.0,318.0,617.0,523.0,11.47478597159038,9.726601398933177,30.77781519891764,0.2294345858544899,37.37057930790496,0.1970410856711817,6.592764108987318,0.3024325025996698,21.799125597668205,0.1764158926910923,617,860,11.409033349424334,15.888076051702734,3.845712202197879,-3.3314837617137223,-3.3314837617137223,4.711429518641283,0.0,1.15,"[{""iter"":1,""scan"":""position"",""reason"":""plateau_lite_2dcg_score_0.98"",""n_rows"":180},{""iter"":1,""scan"":""size"",""reason"":""plateau_lite_2dcg_score_0.95"",""n_rows"":39},{""iter"":2,""scan"":""position"",""reason"":""plateau_lite_2dcg_score_0.98"",""n_rows"":198},{""iter"":2,""scan"":""size"",""reason"":""plateau_lite_2dcg_score_0.95"",""n_rows"":39},{""iter"":3,""scan"":""position"",""reason"":""plateau_lite_2dcg_score_0.98"",""n_rows"":200},{""iter"":3,""scan"":""size"",""reason"":""plateau_lite_2dcg_score_0.95"",""n_rows"":39}]",0.8,0.8,38.87522075304106,True,494,7813.797630686321,5144.181334832146,2.7279449078607083,1885.7350527897145,1.0310526315789472,56.4624060150376,45.16992481203008,0.326298821641601,41.78524996411944,76.45552433817346,56.4624060150376,88.01724661308688,0.2039264936102293,0.6583458617650825,1.7330731152333,3.171047531254034,0.1019810124590312,0.134254163172558,True,valid,90.35714285714286,83.12857142857143,7,10.177363212947878,40.61476864773779,1828.19100463951,1288.1910046395064,-553.0080579530975,147,377.7573524386197,302.20588195089573,0.8,-50.0,True,2.889545212943472,1.0493259789961658,229,RefineV9Candidates2DCG_v11_exclude_source_002_010,accepted,3.2754806739822153,-13.411101260085854,0.5807948404510347
239,ambiguous_core_and_anti,ambiguous_check_artifact,0.5733333333333333,True,18.26632863334684,3,467,0.3068624777639006,True,30.61889418307652,0,113,113,115,-412.7987968532954,2,10.019985209821485,40.98935640333051,1948.1428571428617,1674.2857142856951,-412.7987968532954,113,319.0,287.1,0.9,-30.0,60.0,3.49999999999992,24.11049458723757,24.11049458723757,24.11049458723757,53.77006608468229,False,10.019985209821485,40.98935640333051,1946.333861782372,1674.1910046394912,421.8775,379.68975,0.9,1.1111111111111112,-90.0,0.0,15.943972033258111,14.3495748299323,36.10679169536358,28.68631068447871,2099.034596926152,4163.125128262542,5342.746327837111,70.06311526442087,126.87332064941064,204.68522308683995,29.95919591934094,32.813243217354696,26.10225715009428,0.3928755864731272,0.7792107041600622,True,19.23683976631771,146.0,372.0,720.0,607.0,13.390349918225404,11.288808889392806,28.711767075222443,0.1929629532186537,35.205156599592094,0.1615102956104139,6.49338952436965,0.2516352060086737,25.804773614014195,0.1844442732700381,720,1004,13.33524146494786,18.60587323577917,4.759542716134703,-6.331483761713767,-0.331483761713677,6.340155211753492,60.0,1.3224999999999998,"[{""iter"":1,""scan"":""position"",""reason"":""plateau_lite_2dcg_score_0.98"",""n_rows"":201},{""iter"":1,""scan"":""pa"",""reason"":""plateau_lite_2dcg_score_0.98"",""n_rows"":37},{""iter"":1,""scan"":""size"",""reason"":""plateau_lite_2dcg_score_0.95"",""n_rows"":35},{""iter"":2,""scan"":""position"",""reason"":""plateau_lite_2dcg_score_0.98"",""n_rows"":201},{""iter"":2,""scan"":""pa"",""reason"":""plateau_lite_2dcg_score_0.98"",""n_rows"":37},{""iter"":2,""scan"":""size"",""reason"":""plateau_lite_2dcg_score_0.95"",""n_rows"":41},{""iter"":3,""scan"":""position"",""reason"":""plateau_lite_2dcg_score_0.98"",""n_rows"":201},{""iter"":3,""scan"":""pa"",""reason"":""plateau_lite_2dcg_score_0.98"",""n_rows"":37},{""iter"":3,""scan"":""size"",""reason"":""plateau_lite_2dcg_score_0.95"",""n_rows"":41}]",0.85,0.9,35.98807231440531,True,573,7284.677069691382,5140.083028339111,2.401446973773291,2140.4107958556,0.9536842105263158,53.21930033416876,45.23640528404345,0.3631501965738679,37.31364960465953,70.0455740231585,53.21930033416876,89.55226154363814,0.2553476194765164,0.7056020437371113,1.547610293503095,2.9051902593585024,0.1448307696664248,0.1801738021660361,True,valid,92.07643849206347,84.71032341269841,7,10.022316140688888,40.989277763118125,1946.333861782372,1674.1910046394912,-412.7987968532954,113,356.05960517369834,302.6506643976436,0.85,-90.0,True,4.29009257081889,1.1161743108893365,230,RefineV9Candidates2DCG_v11_exclude_source_002_010,accepted,3.3304971328127246,-12.352565549729679,0.5965704876253464
240,ambiguous_core_and_anti,ambiguous_check_artifact,0.5729426547863834,True,11.58831807428201,3,778,0.2881699495232153,True,33.30236959411517,0,129,129,131,-478.7796256061435,2,10.239162785374864,40.57580932172498,1780.142857142846,1247.8571428571736,-478.7796256061435,129,504.0,504.0,1.0,-90.0,0.0,3.49999999999992,24.11049458723757,24.11049458723757,24.11049458723757,53.77006608468229,True,10.239162785374864,40.57580932172498,1777.4767189252136,1248.6195760681126,504.0,504.0,1.0,1.0,-90.0,0.0,19.047619047619484,19.047619047619484,25.086489905642487,15.799284829106384,3549.7601078077305,7543.597030007679,10587.413787251156,104.8007628024706,191.66659689116176,305.8366393957161,33.871510215038704,39.357911875960966,34.617872496147555,0.3352811346697507,0.7125061116522439,True,24.15817673219861,228.0,596.0,1140.0,971.0,21.201387370523555,18.05837468138454,16.129177170985997,0.1821029360079804,25.02300838754461,0.1531404961059275,8.893831216558617,0.2379358965147886,37.37910650235085,0.355426137369861,1140,1587,21.06392460721477,29.18936296327612,13.28551144246722,-9.331483761713017,2.6685162382863683,9.705543164043512,0.0,1.0,"[{""iter"":1,""scan"":""position"",""reason"":""plateau_lite_2dcg_score_0.98"",""n_rows"":201},{""iter"":1,""scan"":""size"",""reason"":""plateau_lite_2dcg_score_0.95"",""n_rows"":46},{""iter"":2,""scan"":""position"",""reason"":""plateau_lite_2dcg_score_0.98"",""n_rows"":201},{""iter"":2,""scan"":""size"",""reason"":""plateau_lite_2dcg_score_0.95"",""n_rows"":46},{""iter"":3,""scan"":""position"",""reason"":""plateau_lite_2dcg_score_0.98"",""n_rows"":201},{""iter"":3,""scan"":""size"",""reason"":""plateau_lite_2dcg_score_0.95"",""n_rows"":46}]",0.9333333333333332,1.0,22.73643784939299,True,913,11990.36200047022,8025.195399456189,3.8490304702279854,2084.9913923858444,1.0310526315789472,68.73684210526315,64.15438596491228,0.2736535705023642,49.37061651496418,92.05878921913371,68.73684210526315,107.0897215620784,0.160957785618562,0.669303845800608,2.047681615834524,3.8182040972259137,0.0752842439750458,0.1077296649260533,True,valid,110.0,101.2,7,10.24257056901846,40.576563868817935,1777.4767189252136,1248.6195760681126,-478.7796256061435,129,459.8785160122325,429.2199482780837,0.9333333333333336,-90.0,True,2.0112462195098173,0.9124573730401438,231,RefineV9Candidates2DCG_v11_exclude_source_002_010,accepted,3.3191042663855335,-21.71405151983316,0.3479727783794031
241,core_confirmed,rescue_candidate_for_2dcg_refit,0.5559735591077796,True,7.4870204261459,2,259,0.8409210769682206,True,6.086840863030468,0,25,25,27,-49.9042387126315,2,11.32461274989421,42.04427376961238,943.2857142857184,2759.142857142844,-49.9042387126315,25,319.0,287.1,0.9,45.0,-45.0,3.49999999999992,24.11049458723757,24.11049458723757,24.11049458723757,53.77006608468229,False,11.32461274989421,42.04427376961238,945.7624332109436,2758.191004639498,366.85,330.165,0.9,1.1111111111111112,45.0,-45.0,13.864323507180968,12.47789115646287,41.16892052140527,30.601475774387115,2009.605227672453,4207.222771218661,5706.420163389805,191.25943993725852,347.8142942566542,556.4108408059383,10.50722112504194,12.09617557613698,10.255767402238764,0.3521656608052289,0.7372788281890954,True,7.352243145854513,111.0,283.0,540.0,464.0,10.042762438669053,8.629336613967483,30.995255568862813,0.7012146574027194,41.20073411084334,0.5906833918798791,10.20547854198053,0.9168472420197008,11.13105659727909,0.2477013762552017,540,755,10.027703644932952,14.015335195895686,2.7571780383205726,8.668516238287653,-3.3314837617121307,9.28665482442458,0.0,1.15,"[{""iter"":1,""scan"":""position"",""reason"":""plateau_lite_2dcg_score_0.98"",""n_rows"":189},{""iter"":1,""scan"":""pa"",""reason"":""plateau_lite_2dcg_score_0.98"",""n_rows"":37},{""iter"":1,""scan"":""size"",""reason"":""plateau_lite_2dcg_score_0.95"",""n_rows"":35},{""iter"":2,""scan"":""position"",""reason"":""plateau_lite_2dcg_score_0.98"",""n_rows"":201},{""iter"":2,""scan"":""pa"",""reason"":""plateau_lite_2dcg_score_0.98"",""n_rows"":37},{""iter"":2,""scan"":""size"",""reason"":""plateau_lite_2dcg_score_0.95"",""n_rows"":42},{""iter"":3,""scan"":""position"",""reason"":""plateau_lite_2dcg_score_0.98"",""n_rows"":201},{""iter"":3,""scan"":""pa"",""reason"":""plateau_lite_2dcg_score_0.98"",""n_rows"":37},{""iter"":3,""scan"":""size"",""reason"":""plateau_lite_2dcg_score_0.95"",""n_rows"":42}]",0.9,0.9,40.616032132139935,True,436,8250.034616444791,6755.293964224437,9.127418032742144,740.1100661755216,1.2941052631578946,62.7966290726817,56.516966165413535,0.4205182333581736,35.79255374352712,60.67246199109904,62.7966290726817,76.64506445166408,0.2813570515638039,0.8188200751011532,1.484521755205852,2.5164337368348653,0.1890832257627361,0.2303808020917129,True,valid,80.06646825396825,73.66115079365079,7,11.321361018700358,42.04336599101917,945.7624332109436,2758.191004639498,-49.9042387126315,25,420.1359809967796,378.12238289710166,0.9,45.0,True,3.218776270588705,1.3170406927798737,232,RefineV9Candidates2DCG_v11_exclude_source_002_010,accepted,2.869296311052735,1.4001795631154321,1.230033870545175
242,ambiguous_core_and_anti,ambiguous_check_artifact,0.51,True,17.100727068130272,2,544,0.3773387241315687,True,25.78089781218337,-1,125,125,127,-462.28441841793153,2,10.25008263766848,41.03198435847176,1769.2857142857106,1716.9999999999982,-462.28441841793153,126,360.0,360.0,1.0,-90.0,0.0,3.49999999999992,24.11049458723757,24.11049458723757,24.11049458723757,53.77006608468229,True,10.25008263766848,41.03198435847176,1767.4767189252211,1716.0481474966514,414.0,414.0,1.0,1.0,-90.0,0.0,15.64625850340172,15.64625850340172,22.11288078877568,14.820088025706776,1747.6506747140368,3874.317071681885,5608.157634799984,65.80967900300594,120.68626723979028,193.8481974973081,26.556134313224817,32.102385468464654,28.93066691980905,0.3116265248803705,0.6908359792957324,True,19.96463794448457,156.0,402.0,769.0,655.0,14.301637620993525,12.181498883941169,14.901514931747068,0.1707320913116889,22.017685029001584,0.1445407642879589,7.116170097254516,0.223699529603015,31.81128771206233,0.3232024660122593,769,1077,14.296280467772672,19.959549023405057,10.281486635564027,-6.331483761712971,-3.3314837617137223,7.154472075520125,0.0,1.15,"[{""iter"":1,""scan"":""position"",""reason"":""plateau_lite_2dcg_score_0.98"",""n_rows"":189},{""iter"":1,""scan"":""size"",""reason"":""plateau_lite_2dcg_score_0.95"",""n_rows"":40},{""iter"":2,""scan"":""position"",""reason"":""plateau_lite_2dcg_score_0.98"",""n_rows"":201},{""iter"":2,""scan"":""size"",""reason"":""plateau_lite_2dcg_score_0.95"",""n_rows"":43},{""iter"":3,""scan"":""position"",""reason"":""plateau_lite_2dcg_score_0.98"",""n_rows"":201},{""iter"":3,""scan"":""size"",""reason"":""plateau_lite_2dcg_score_0.95"",""n_rows"":43}]",1.0,1.0,20.61292784553137,True,620,6377.060956240248,4699.679632083977,2.52510951765907,1861.1785347198984,1.0310526315789472,56.4624060150376,56.4624060150376,0.3761872731359556,38.776133560623215,71.85726238229383,56.4624060150376,88.2091949652539,0.2298930047766188,0.736966396327939,1.6082678611308376,2.9803313292598355,0.1335962447331035,0.1694234192712264,True,valid,90.35714285714286,83.12857142857143,7,10.252420216643834,41.031067727809386,1767.4767189252211,1716.0481474966514,-462.28441841793153,125,377.7573524386197,377.7573524386197,1.0,-90.0,True,3.730988178499849,1.0493259789961658,233,RefineV9Candidates2DCG_v11_exclude_source_002_010,accepted,3.2697880350999693,-8.680170744053097,0.6633099899278496
243,core_confirmed,rescue_candidate_for_2dcg_refit,0.5016492043979728,True,4.598826587348438,2,73,0.3391354282038892,False,,0,23,23,25,-41.6566351185255,2,11.646671334973972,42.10416180331588,697.9999999999961,2823.000000000002,-41.6566351185255,23,420.0,420.0,1.0,-90.0,0.0,3.49999999999992,24.11049458723757,24.11049458723757,24.11049458723757,53.77006608468229,True,11.646671334973972,42.10416180331588,697.9052903537926,2822.9052903537986,420.0,420.0,1.0,1.0,-90.0,0.0,15.873015873016238,15.873015873016238,45.16248463158886,35.07444558720361,2683.9742108045366,5963.07425335195,7959.462806019961,376.0575450184161,693.695055292066,1107.1052599692136,7.13713697905755,8.596103154924927,7.189436356070874,0.3372054466759456,0.7491804910303635,True,5.38565181843829,158.0,414.0,789.0,678.0,14.673591785388671,12.609246172995588,35.079896943441604,0.9581055708093502,44.55888793424486,0.7981549532380968,9.478990990803254,1.247003453962506,7.601415185084373,0.212729523339795,789,1111,14.665706495839014,20.60583292373276,1.617045429030879,-0.3314837617124833,-0.3314837617112895,0.4687888315194011,0.0,1.0,"[{""iter"":1,""scan"":""position"",""reason"":""plateau_lite_2dcg_score_0.98"",""n_rows"":201},{""iter"":1,""scan"":""size"",""reason"":""plateau_lite_2dcg_score_0.95"",""n_rows"":45},{""iter"":2,""scan"":""position"",""reason"":""plateau_lite_2dcg_score_0.98"",""n_rows"":201},{""iter"":2,""scan"":""size"",""reason"":""plateau_lite_2dcg_score_0.95"",""n_rows"":45},{""iter"":3,""scan"":""position"",""reason"":""plateau_lite_2dcg_score_0.98"",""n_rows"":201},{""iter"":3,""scan"":""size"",""reason"":""plateau_lite_2dcg_score_0.95"",""n_rows"":45}]",1.0,1.0,45.2282951437464,True,646,11777.630386006207,8404.172462913168,14.291782385997468,588.0422914322603,1.015578947368421,56.42105263157895,56.42105263157895,0.3556623307863943,39.48930709000352,68.86825296365072,56.42105263157895,87.36349362207721,0.2138297669803329,0.7135707427954887,1.637847243121525,2.8563600267289746,0.1192253211227356,0.1525826656559424,True,valid,91.66666666666669,84.33333333333334,7,11.646794047300974,42.10406870063385,697.9052903537926,2822.9052903537986,-41.6566351185255,23,377.48068083086775,377.48068083086775,1.0,-90.0,True,1.844209749269593,0.8987635257877804,234,RefineV9Candidates2DCG_v11_exclude_source_002_010,accepted,2.76940856123801,,
244,ambiguous_core_and_anti,ambiguous_check_artifact,0.4925475285171102,True,21.204722455204863,2,362,0.33546963431691,True,27.524865219407136,0,102,102,104,-367.4369770857125,2,10.47362561838162,41.31233499235971,1595.1428571428614,2004.714285714286,-367.4369770857125,102,319.0,287.1,0.9,-45.0,45.0,3.49999999999992,24.11049458723757,24.11049458723757,24.11049458723757,53.77006608468229,False,10.47362561838162,41.31233499235971,1589.9052903538006,2002.0481474966537,550.275,495.2475,0.9,1.1111111111111112,-70.0,20.0,20.79648526077145,18.716836734694308,26.98940872389734,14.511688172228784,4953.5515146229245,10097.316791279884,12215.688420083516,72.88881110314574,132.47660727569362,197.83204609250964,67.9603829401621,76.21962094988302,61.74777373717932,0.4055073561371221,0.8265859805886282,True,48.96859747486431,245.0,587.0,979.0,594.0,18.2071563471426,11.04703868253596,14.111472766396249,0.1181486056198473,25.21021120663632,0.1246287118218957,11.098738440240073,0.1717306286609915,64.62876498373375,0.4402477372866455,979,966,17.523822877504887,17.596726768233946,28.45266754771917,-18.33148376171236,-9.331483761713017,20.56987812557569,25.0,1.725,"[{""iter"":1,""scan"":""position"",""reason"":""plateau_lite_2dcg_score_0.98"",""n_rows"":200},{""iter"":1,""scan"":""pa"",""reason"":""plateau_lite_2dcg_score_0.98"",""n_rows"":37},{""iter"":1,""scan"":""size"",""reason"":""plateau_lite_2dcg_score_0.95"",""n_rows"":35},{""iter"":2,""scan"":""position"",""reason"":""plateau_lite_2dcg_score_0.98"",""n_rows"":201},{""iter"":2,""scan"":""pa"",""reason"":""plateau_lite_2dcg_score_0.98"",""n_rows"":37},{""iter"":2,""scan"":""size"",""reason"":""plateau_lite_2dcg_score_0.95"",""n_rows"":45},{""iter"":3,""scan"":""position"",""reason"":""plateau_lite_2dcg_score_0.98"",""n_rows"":201},{""iter"":3,""scan"":""pa"",""reason"":""plateau_lite_2dcg_score_0.98"",""n_rows"":37},{""iter"":3,""scan"":""size"",""reason"":""plateau_lite_2dcg_score_0.95"",""n_rows"":44}]",0.7,0.9,30.241393114596544,True,554,1802.921050370233,,,,,,,,108.95566738556808,116.94242165350391,,119.48894380305396,0.0777062915465337,,4.519014199038524,4.850270542164869,0.0113349684836425,0.0240958455003587,False,no_break,120.09970238095238,110.4917261904762,7,10.480413047414007,41.30975510002402,1589.9052903538006,2002.0481474966537,-367.4369770857125,102,550.275,495.2475,0.9,-70.0,False,0.0,1.725,235,RefineV9Candidates2DCG_v11_exclude_source_002_010,ambiguous_core_and_anti,,-6.320142764202274,0.7703842429809215
245,core_confirmed,rescue_candidate_for_2dcg_refit,0.4698544863654134,True,4.8824172687301335,2,68,0.1622490121804715,False,5.300666427840237,2,25,25,27,-49.9042387126315,2,11.40565839579245,41.95045818619891,880.571428571428,2663.1428571428523,-41.6566351185255,23,522.0,417.6,0.8,-90.0,0.0,3.49999999999992,24.11049458723757,24.11049458723757,24.11049458723757,53.77006608468229,False,11.40565839579245,41.95045818619891,875.3654316644349,2663.9368602358595,281.88,225.504,0.8,1.25,-5.0,85.0,10.653061224490042,8.522448979592033,78.23371082566494,74.30715288516384,501.4679914913686,921.7820521896284,1111.215897161812,150.5812513045461,275.1203053761386,442.49442829952335,3.3302153299095947,3.350468991844813,2.511253986704738,0.4512786334070474,0.8295256165286854,True,1.887291524534868,58.0,148.0,283.0,243.0,5.263151426191374,4.519243097401074,74.33785886897711,1.0581299691156152,78.18379505613257,0.8956004438478933,3.845936187155459,1.3862680788942503,2.7743091294601188,0.0491909632219086,283,401,5.259252123746768,7.436934687899455,0.136470938353478,-18.22098917447526,2.7790108255250563,18.43169410729057,85.0,0.54,"[{""iter"":1,""scan"":""size"",""reason"":""plateau_lite_2dcg_score_0.95"",""n_rows"":11},{""iter"":2,""scan"":""position"",""reason"":""plateau_lite_2dcg_score_0.98"",""n_rows"":135},{""iter"":2,""scan"":""pa"",""reason"":""plateau_lite_2dcg_score_0.98"",""n_rows"":37},{""iter"":2,""scan"":""size"",""reason"":""plateau_lite_2dcg_score_0.95"",""n_rows"":22},{""iter"":3,""scan"":""position"",""reason"":""plateau_lite_2dcg_score_0.98"",""n_rows"":184},{""iter"":3,""scan"":""pa"",""reason"":""plateau_lite_2dcg_score_0.98"",""n_rows"":37},{""iter"":3,""scan"":""size"",""reason"":""plateau_lite_2dcg_score_0.95"",""n_rows"":25}]",0.7333333333333334,0.8,77.916104508368,True,222,1747.094170725817,1105.7232632338505,5.379381531656969,205.54839933304805,1.0001052631578946,37.28963909774436,27.34573533834587,0.43368521497396,27.301528340191908,51.23688928915029,37.28963909774436,59.82209011952016,0.4308429840032818,0.6328927666071291,1.1323504062269816,2.125086613373396,0.2562469690357207,0.2726774081191081,True,valid,61.52142857142858,56.5997142857143,7,11.412472741508056,41.95118795588736,875.3654316644349,2663.9368602358595,-49.9042387126315,25,249.48344098556333,182.9545233894132,0.7333333333333334,-5.0,True,2.6788641561682307,0.4779376264091252,236,RefineV9Candidates2DCG_v11_exclude_source_002_010,accepted,2.3129140991483252,-0.4182491591101032,0.9210949859222665
246,core_confirmed,rescue_candidate_for_2dcg_refit,0.4094465290191801,True,3.8699244316202126,2,74,0.1038905523686064,False,,0,22,22,24,-37.5328333214725,2,11.659317504855322,42.159483711409344,688.9999999999965,2880.000000000005,-37.5328333214725,22,504.0,504.0,1.0,-90.0,0.0,3.49999999999992,24.11049458723757,24.11049458723757,24.11049458723757,53.77006608468229,True,11.659317504855322,42.159483711409344,690.6195760680787,2879.905290353802,504.0,504.0,1.0,1.0,-90.0,0.0,19.047619047619484,19.047619047619484,44.86136733941163,34.46054622165561,4119.807270749634,8712.932088427646,11856.936074241865,507.6546674515632,921.7172468351724,1485.6841478960698,8.115373569657402,9.45293376937944,7.980791940893288,0.347459684774682,0.7348384130497012,True,5.730655650817405,230.0,590.0,1140.0,967.0,21.201387370523555,17.98398384850551,34.573136734951795,0.8811784106448617,45.36630372372657,0.7492231818845065,10.793166988774772,1.1566376993941312,9.331501985823596,0.2379115357183033,1140,1594,21.14930766943174,29.52026201704455,2.2200719680056893,5.668516238287607,-0.3314837617112895,5.678200227889867,0.0,1.0,"[{""iter"":1,""scan"":""position"",""reason"":""plateau_lite_2dcg_score_0.98"",""n_rows"":201},{""iter"":1,""scan"":""size"",""reason"":""plateau_lite_2dcg_score_0.95"",""n_rows"":48},{""iter"":2,""scan"":""position"",""reason"":""plateau_lite_2dcg_score_0.98"",""n_rows"":201},{""iter"":2,""scan"":""size"",""reason"":""plateau_lite_2dcg_score_0.95"",""n_rows"":48},{""iter"":3,""scan"":""position"",""reason"":""plateau_lite_2dcg_score_0.98"",""n_rows"":201},{""iter"":3,""scan"":""size"",""reason"":""plateau_lite_2dcg_score_0.95"",""n_rows"":48}]",1.0,1.0,45.21061007781441,True,911,18732.566008590755,12882.817806990188,19.854174642001663,648.8719898603331,1.0619999999999998,70.8,70.8,0.2879524076891159,49.87112184879404,89.08190775078758,70.8,105.9677217912339,0.1514384714332654,0.6877230701379687,2.0684404323747203,3.694735810104093,0.0724149610504081,0.1041477305110864,True,valid,110.0,101.2,7,11.657191905380191,42.15940927586493,690.6195760680787,2879.905290353802,-37.5328333214725,22,473.6819140426151,473.6819140426151,1.0,-90.0,True,1.1108014683133456,0.9398450675448712,237,RefineV9Candidates2DCG_v11_exclude_source_002_010,accepted,2.8121590271844137,,
247,no_dassa_core,low,0.0932786885245901,False,,0,0,,False,,1,23,23,25,-41.6566351185255,2,11.459012498512609,41.97623075261234,839.9999999999987,2690.000000000004,-37.5328333214725,22,420.0,378.0,0.9,30.0,-60.0,3.49999999999992,24.11049458723757,24.11049458723757,24.11049458723757,53.77006608468229,False,11.459012498512609,41.97623075261234,842.4767189252238,2689.905290353801,420.0,378.0,0.9,1.1111111111111112,30.0,-60.0,15.873015873016238,14.285714285714612,26.89697947678555,19.464519511641484,1854.9123549925605,3835.458597443645,5291.911495182576,310.8415618794835,573.2982184747984,927.27471118214,5.967388478480651,6.690163119026416,5.706951167077728,0.350518400899402,0.7247775403906898,True,3.9972001464112776,143.0,370.0,712.0,603.0,13.241568252467344,11.214418056513775,19.307551275154456,0.8766377120263468,26.0332733538098,0.7463346615412145,6.725722078655345,1.1513075632360916,5.841811774214968,0.2583509951763741,712,995,13.203640394925406,18.37427359306965,1.5092378855014967,8.668516238287653,-0.3314837617112895,8.67485188678948,0.0,1.0,"[{""iter"":1,""scan"":""position"",""reason"":""plateau_lite_2dcg_score_0.98"",""n_rows"":201},{""iter"":1,""scan"":""pa"",""reason"":""plateau_lite_2dcg_score_0.98"",""n_rows"":37},{""iter"":1,""scan"":""size"",""reason"":""plateau_lite_2dcg_score_0.95"",""n_rows"":46},{""iter"":2,""scan"":""position"",""reason"":""plateau_lite_2dcg_score_0.98"",""n_rows"":201},{""iter"":2,""scan"":""pa"",""reason"":""plateau_lite_2dcg_score_0.98"",""n_rows"":37},{""iter"":2,""scan"":""size"",""reason"":""plateau_lite_2dcg_score_0.95"",""n_rows"":46},{""iter"":3,""scan"":""position"",""reason"":""plateau_lite_2dcg_score_0.98"",""n_rows"":201},{""iter"":3,""scan"":""pa"",""reason"":""plateau_lite_2dcg_score_0.98"",""n_rows"":37},{""iter"":3,""scan"":""size"",""reason"":""plateau_lite_2dcg_score_0.95"",""n_rows"":44}]",0.9,0.9,27.05794206301203,True,571,7352.189128896989,5547.873659860108,12.386549515029456,447.89500523357935,1.0619999999999998,59.0,53.1,0.3860801283667485,38.6819325500077,65.34224745298616,59.0,87.63686823311154,0.2374863216298823,0.7545879958466775,1.604360806869687,2.7101164273740705,0.1414807882934553,0.1792043274796924,True,valid,91.66666666666669,84.33333333333334,7,11.455772380566284,41.97616008924619,842.4767189252238,2689.905290353801,-41.6566351185255,23,394.7349283688459,355.2614355319613,0.9,30.0,True,1.9404576084294096,0.9398450675448712,238,RefineV9Candidates2DCG_v11_exclude_source_002_010,accepted,2.651176219373489,,
