new_candidate_id,cluster_id,representative_candidate_id,n_members,RA_deg,Dec_deg,v_center_kms,channel_center,nch,Maj_pc,Min_pc,q_b_over_a,PA_astro_deg,joint_2dcg_score,cg2d_detection_score,cg2d_beam_fraction_deficit,cg2d_growth_score,cg2d_growth_locality_score,seed_lite_2dcg_score,representative_score,link_radius_arcsec,beam_geom_arcsec,member_candidate_ids,RA_mean_deg,Dec_mean_deg,v_mean_kms,v_std_kms,max_sep_to_rep_arcsec,median_sep_to_rep_arcsec,Maj_median_pc,Min_median_pc,q_median_b_over_a,PA_circular_mean_deg,joint_2dcg_score_max,cg2d_detection_score_max,cg2d_beam_fraction_deficit_max,bb86_relation_class,strict_status,loose_status,strict_matched_Seq,loose_matched_Seq,nearest_Seq,matched_Seq,strict_sep_arcsec,loose_sep_arcsec,strict_dv_kms,loose_dv_kms,crossmatch_status,reference_source,v5_keep,v5_reject_reason,v5_channel_start,v5_channel_stop_exclusive,v5_nch_slab,v5_vel_lo_kms,v5_vel_hi_kms,v5_inner_valid_fraction,v5_outer_valid_fraction,v5_bg_valid_fraction,v5_bg_signal_sn,v5_bg_success,v5_bg_n_fit,v5_2dcg_score,v5_2dcg_peak_sn,v5_2dcg_beam_fraction,v5_2dcg_r50_scale,v5_2dcg_r80_scale,v5_2dcg_break_scale,v5_core_median_deficit_sn,v5_nch_2dcg_contiguous,v5_support_channel_start,v5_support_channel_stop_exclusive,v5_support_channel_scores,v9_foreground_confusion_zone,v9_x_pix,v9_y_pix,v9_n_fit_pixels,v9_inner_valid_fraction,v9_outer_valid_fraction,v9_min_mask_distance_beams,v9_bic_bg_only,v9_bic_bg_plus_cavity,v9_delta_bic_cavity,v9_cavity_amp,v9_cavity_amp_err,v9_cavity_amp_sn,v9_chi2_bg_only,v9_chi2_bg_plus_cavity,v9_core_median_deficit_sn,v9_core_positive_fraction,v9_deficit_peak_r_ell,v9_deficit_peak_sn,v9_gradient_to_core_ratio,v9_growth_fraction_inside_ellipse,v9_tail_growth_after_ellipse,v9_pv_major_deficit_sn,v9_pv_minor_deficit_sn,v9_pv_best_deficit_sn,v9_final_score,v9_score,v9_keep,v9_reject_reason,v9_channel_start,v9_channel_stop_exclusive,v9_vel_lo_kms,v9_vel_hi_kms,axis_ratio,geom_mean_size_pc,area_ellipse_pc2,PA_mod_180_deg
2,8,27,9.0,10.119621597251442,40.65612128656917,-569.5032651413095,151.5,2.0,220.0,198.0,0.9,-45.0,0.101091713538933,0.6463622657265224,0.6145700759462865,0.5044685271696023,0.5044685271696023,21.18805679786924,9.13972431077694,24.0,24.11049458723757,"24,27,43,99,102,136,202,210,215",10.12126941328798,40.65611395669938,-569.5032651413095,6.147400762630883,14.764839515573524,7.826750770037217,264.0,210.0,0.9,-54.72199193452631,0.1084513593597038,0.6537613006391433,0.6304920884922567,new_non_BB86,not_matched,not_matched,,,6,,192.1975935534262,192.1975935534262,3.2967348586904563,3.2967348586904563,new_candidate,table_fits,True,ok,151,153,2,-571.565166039836,-567.441364242783,1.0,1.0,1.0,103.89823346958384,True,158,0.9032207902798818,356.08893461042334,3.2917943548970787,0.7183098591549295,1.1530985915492955,0.5733802816901408,25.323573084814285,7,148,155,"0.627,0.822,0.886,0.903,0.914,0.867,0.744",False,1873.000000000009,1330.999999999969,679,1.0,1.0,7.699221092906247,179432.61692347864,74711.6725842276,104720.94433925104,37.50597229578817,0.1158964498814348,323.6162309903175,179413.05506009597,74685.59009971737,36.603910032110726,1.0,0.112507296516152,44.94184514645396,0.465490646168564,0.8186463317964331,0.1813536682035668,9.16639981134718,14.770988834892492,14.770988834892492,0.8838567345962123,0.8838567345962123,True,ok,151,153,-571.565166039836,-567.441364242783,0.9,208.71032557111303,34211.94399759285,135.0
4,9,25,1.0,11.02269691385971,41.823713343714594,-152.9992836389565,50.5,2.0,220.0,198.0,0.9,-45.0,0.1075810081930058,0.6579979976406096,0.6397554860040884,0.5055318348488177,0.5055318348488177,14.917275333772489,9.079573934837091,24.0,24.11049458723757,25,11.02269691385971,41.823713343714594,-152.9992836389565,0.0,0.0,0.0,220.0,198.0,0.9,-45.0,0.1075810081930058,0.6579979976406096,0.6397554860040884,new_non_BB86,not_matched,not_matched,,,118,,111.00794910148814,111.00794910148814,25.49928363895652,25.49928363895652,new_candidate,table_fits,True,ok,51,53,2,-159.18498633453598,-155.061184537483,1.0,1.0,1.0,65.99205288638332,True,157,0.8133602593550425,143.0355661670909,2.6594722754253235,0.7804225352112675,1.2980281690140845,0.6147887323943662,10.38837476963892,7,48,55,"0.671,0.717,0.925,0.858,0.750,0.706,0.672",False,1172.9999999999995,2531.000000000001,679,1.0,1.0,4.509470827139845,56528.6625839798,38683.54180729227,17845.12077668753,12.376161543093875,0.092628982262594,133.61003479460325,56509.100720597125,38657.45932278204,15.409234274089702,1.0,0.1125072965148457,19.223657657555783,0.5896961631379469,0.7384857604458868,0.2615142395541133,-4.866412098306606,-6.945717492456608,-4.866412098306606,0.8110531578258251,0.8110531578258251,True,ok,51,53,-159.18498633453598,-155.061184537483,0.9,208.71032557111303,34211.94399759285,135.0
5,7,22,2.0,10.548559287185212,40.84605423401776,-404.5511932591895,111.5,2.0,220.0,198.0,0.9,45.0,0.1179338584942964,0.6600509057615253,0.6569694016257004,0.5215043878216914,0.5215043878216914,13.20436147945011,9.06829573934837,24.0,24.11049458723757,"22,48",10.547916681982956,40.846053468020834,-406.613094157716,2.061900898526517,3.500005715460976,1.7500028577304878,242.0,204.6,0.8500000000000001,47.5,0.1179338584942964,0.6600509057615253,0.6569694016257004,new_non_BB86,not_matched,not_matched,,,33,,110.40328717405252,110.40328717405252,9.051193259189516,9.051193259189516,new_candidate,table_fits,True,ok,111,113,2,-406.613094157716,-402.489292360663,1.0,1.0,1.0,83.78323389168993,True,158,0.9219801309897028,231.53726527693271,2.547886026106778,0.6769014084507041,1.0909859154929578,0.5733802816901408,15.798293186285203,7,108,115,"0.660,0.661,0.683,0.784,0.966,0.983,0.716",False,1537.999999999997,1525.000000000006,679,1.0,1.0,7.904497635720171,67395.69854447363,26964.035991463457,40431.662553010174,19.838893620699583,0.0986555747599807,201.092474185728,67376.13668109095,26937.95350695322,22.66865976422944,1.0,0.1125072965141078,30.130887231572867,0.5680573420763292,0.8483412652823349,0.1516587347176651,3.804318263200836,4.879958689878104,4.879958689878104,0.874072577794209,0.874072577794209,True,ok,111,113,-406.613094157716,-402.489292360663,0.9,208.71032557111303,34211.94399759285,45.0
6,10,26,3.0,11.125138666790564,41.35085662100794,-227.2277159859105,68.5,2.0,220.0,198.0,0.9,-45.0,0.1016495828510845,0.6453499114108159,0.613479178623932,0.5067050810514226,0.5067050810514226,15.867140059715425,9.06516290726817,24.0,24.11049458723757,"26,44,372",11.126437885668514,41.35145352503617,-231.3515177829635,3.367070067717391,7.615905187663544,4.949812129084623,264.0,211.2,0.8,-63.45875558298252,0.1016495828510845,0.6453499114108159,0.613479178623932,new_non_BB86,not_matched,not_matched,,,71,,178.2421520541088,178.2421520541088,19.8722840140895,19.8722840140895,new_candidate,table_fits,True,ok,68,70,2,-229.28961688443692,-225.16581508738403,1.0,1.0,1.0,96.37588675106042,True,158,0.9004151228971244,273.1876581065415,3.1058172726995035,0.7183098591549295,1.1530985915492955,0.5733802816901408,19.27963389244122,7,65,72,"0.782,0.784,0.822,0.900,0.912,0.958,0.858",False,1091.99999999999,2045.000000000001,679,1.0,1.0,5.779317556410294,103743.15811140236,42135.36826834414,61607.78984305824,24.755571421343703,0.0997314559237605,248.22230049732795,103723.59624801968,42109.285783833904,27.7172907479185,1.0,1.140861262358599e-12,36.44511013642423,0.217929551243867,0.8195986507449754,0.1804013492550246,8.504087806783431,10.888736607900436,10.888736607900436,0.93487131335549,0.93487131335549,True,ok,68,70,-229.28961688443695,-225.16581508738403,0.9,208.71032557111303,34211.94399759285,135.0
9,5,8,7.0,11.69978888826684,42.14747123523619,-37.5328333214725,22.5,2.0,220.0,198.0,0.9,45.0,0.2458437401249165,0.7208400698932079,0.804180763699244,0.6512283177026186,0.6512283177026186,4.5350195108055535,9.030701754385964,24.0,24.11049458723757,"8,12,13,61,126,149,450",11.696904182014938,42.1495203645132,-41.6566351185255,4.24816537975004,26.70696155197901,10.261213086342751,300.0,210.0,0.9,68.8616981220427,0.2458437401249165,0.728670328980229,0.804180763699244,new_non_BB86,not_matched,not_matched,,,141,,1070.6550958271996,1070.6550958271996,19.96716667852749,19.96716667852749,new_candidate,table_fits,True,ok,22,24,2,-39.594734219999,-35.47093242294601,0.9735449735449736,0.9905838041431262,1.0,17.120534098622933,True,158,0.9119281936900056,79.36103040338816,1.2646441589435105,0.5526760563380282,0.9046478873239436,0.4491549295774648,3.5374787092037008,5,21,26,"0.000,0.324,0.676,0.876,0.935,0.899,0.821",True,657.9999999999982,2867.999999999989,674,0.9794238683127572,1.0,0.1451650022083154,9259.204723029088,1716.23421363964,7542.970509389448,50.96536765383109,0.5865655255731336,86.88776518877886,9239.665032696352,1690.1812931959907,8.95583337925337,1.0,0.2407790334818806,21.21549744084233,1.6609049786689751,0.8968785382141293,0.1031214617858707,4.4101430445257135,4.528304495625927,4.528304495625927,0.1164331565526431,0.1164331565526431,False,foreground_confusion_velocity;near_mask_edge;background_gradient_dominates;low_v9_final_score,22,24,-39.594734219999,-35.47093242294601,0.9,208.71032557111303,34211.94399759285,45.0
10,12,29,3.0,10.245165659497909,41.05141053697335,-445.7892112297195,121.5,2.0,220.0,198.0,0.9,45.0,0.091452063672221,0.6329039943679622,0.6430650807892605,0.4740240461277445,0.4740240461277445,13.868976219418812,8.996867167919799,24.0,24.11049458723757,"29,39,441",10.24516567211439,41.0514105321906,-445.7892112297195,3.367070067717391,4.949861210599553,4.949860406738522,220.0,198.0,0.9,57.18685021236931,0.091452063672221,0.6329039943679622,0.6430650807892605,new_non_BB86,not_matched,not_matched,,,37,,311.21781461199873,311.21781461199873,21.4892112297195,21.4892112297195,new_candidate,table_fits,True,ok,122,124,2,-451.974913925299,-447.851112128246,1.0,1.0,1.0,78.70696948510857,True,158,0.7212898949774169,193.76767638875003,1.9155639466350232,0.6769014084507041,1.4222535211267604,0.5733802816901408,11.870880849918615,7,119,126,"0.784,0.835,0.853,0.848,0.717,0.683,0.683",False,1773.0000000000014,1736.999999999991,679,1.0,1.0,5.601563633726104,66206.76281971227,42346.79015915986,23859.972660552405,14.900574135418148,0.0964514356359266,154.48784185715036,66187.20095632959,42320.70767464963,19.94687416373234,1.0,0.150526826836311,28.90793451386524,0.6185127608676482,0.7745747782330459,0.2254252217669541,11.813241178988289,1.5841973259989124,11.813241178988289,0.8484915677859036,0.8484915677859036,True,ok,122,124,-451.974913925299,-447.851112128246,0.9,208.71032557111303,34211.94399759285,45.0
11,11,28,2.0,10.99935105499478,41.31821113427335,-264.3419321593875,77.5,2.0,220.0,198.0,0.9,-45.0,0.1008082473399339,0.6476443866121758,0.6264969120291878,0.4984484638108647,0.4984484638108647,11.30819127608578,8.963659147869675,24.0,24.11049458723757,"28,130",10.998705818152295,41.318629555095896,-266.403833057914,2.0619008985264884,4.609787290794699,2.3048936453973496,242.0,217.8,0.9,-62.49999999999999,0.1008082473399339,0.6476443866121758,0.6264969120291878,new_non_BB86,not_matched,not_matched,,,65,,47.59814914443628,47.59814914443628,11.558067840612466,11.558067840612466,new_candidate,table_fits,True,ok,77,79,2,-266.403833057914,-262.28003126086105,1.0,1.0,1.0,102.52805752125934,True,158,0.925517648351378,192.8913137377771,3.2917943548970787,0.7183098591549295,1.1116901408450703,0.5733802816901408,13.072533029011986,7,74,81,"0.827,0.750,0.717,0.781,0.903,0.962,0.913",False,1188.9999999999948,2010.9999999999895,679,1.0,1.0,7.80118396638696,44760.7090927578,19007.59650224346,25753.11259051434,14.459837200542518,0.0900935221968422,160.4980785294387,44741.14722937513,18981.514017733225,18.07849961014623,1.0,0.2407790334803909,24.494347539673715,1.30333030335898,0.8630811326608806,0.1369188673391194,4.785081562416943,5.438129348221585,5.438129348221585,0.8199278816065216,0.8199278816065216,False,background_gradient_dominates,77,79,-266.403833057914,-262.28003126086105,0.9,208.71032557111303,34211.94399759285,135.0
12,16,35,1.0,10.906838736364437,41.79024003242813,-173.6182926242215,55.5,2.0,264.0,237.6,0.9,45.0,0.0798570051468849,0.6422080614394843,0.5730140103437176,0.4658391800819114,0.4658391800819114,11.376050977579617,8.889724310776943,24.0,24.11049458723757,35,10.906838736364437,41.79024003242813,-173.6182926242215,0.0,0.0,0.0,264.0,237.6,0.9,45.0,0.0798570051468849,0.6422080614394843,0.5730140103437176,new_non_BB86,not_matched,not_matched,,,102,,56.64390536453436,56.64390536453436,23.981707375778484,23.981707375778484,new_candidate,table_fits,True,ok,55,57,2,-175.68019352274803,-171.556391725695,1.0,1.0,1.0,70.1190892098671,True,186,0.9753222262957076,202.25437831530908,3.756737060391016,0.6561971830985915,1.0288732394366198,0.8425352112676057,11.111463756403367,7,52,59,"0.750,0.705,0.728,0.837,0.786,0.695,0.694",False,1261.7142857142776,2496.2857142857297,976,1.0,1.0,4.471930354440582,75167.94176095408,38515.94232070456,36651.99944024953,14.394125456081508,0.0751788486422898,191.4650957820666,75147.29137319485,38488.4084703589,17.783277265969303,1.0,0.2150383240515224,24.579694630579105,0.7180846379736793,0.8515350448089583,0.1484649551910417,9.4950203016205,5.576735257176246,9.4950203016205,0.8399859545124342,0.8399859545124342,True,ok,55,57,-175.68019352274803,-171.556391725695,0.9,250.45239068533564,49265.1993565337,45.0
14,15,32,1.0,10.679637565337757,41.01627684238913,-371.5607788827655,103.5,2.0,220.0,198.0,0.9,-45.0,0.0884732391164679,0.6257680316887088,0.6111798883334919,0.4809664134333871,0.4809664134333871,10.494749017140691,8.882832080200501,24.0,24.11049458723757,32,10.679637565337757,41.01627684238913,-371.5607788827655,0.0,0.0,0.0,220.0,198.0,0.9,-45.0,0.0884732391164679,0.6257680316887088,0.6111798883334919,new_non_BB86,not_matched,not_matched,,,43,,206.68738828447985,206.68738828447985,15.739221117234536,15.739221117234536,new_candidate,table_fits,True,ok,103,105,2,-373.622679781292,-369.498877984239,1.0,1.0,1.0,74.01390808580918,True,158,0.8913992626451099,178.7165174947236,2.6594722754253235,0.7183098591549295,1.1530985915492955,0.5733802816901408,12.769312859545924,7,100,107,"0.716,0.750,0.795,0.849,0.791,0.773,0.773",False,1436.0000000000005,1700.0000000000025,679,1.0,1.0,7.089345083344754,44973.07284048256,21945.39533829895,23027.677502183607,14.312678616797578,0.0943049242471737,151.77021487535447,44953.51097709988,21919.312853788717,16.934157446234792,1.0,0.1125072965147623,21.78464378936117,1.268758635290993,0.8090919415452593,0.1909080584547407,2.0800510477973875,2.0255556760528863,2.0800510477973875,0.8043935856393359,0.8043935856393359,False,background_gradient_dominates,103,105,-373.622679781292,-369.498877984239,0.9,208.71032557111303,34211.94399759285,135.0
15,17,37,2.0,10.125270132634984,40.92060844881801,-478.7796256061435,129.5,2.0,264.0,264.0,1.0,45.0,0.0783337940998217,0.6379332530039149,0.5747418671182045,0.4622219265591079,0.4622219265591079,8.247250301754915,8.812030075187971,24.0,24.11049458723757,"37,403",10.122145370799675,40.92059315485268,-480.84152650467,2.0619008985264884,17.000468029965532,8.500234014982766,312.0,303.0,0.975,67.5,0.0783337940998217,0.6379332530039149,0.5747418671182045,new_non_BB86,not_matched,not_matched,,,26,,222.8136976312701,222.8136976312701,73.32037439385653,73.32037439385653,new_candidate,table_fits,True,ok,129,131,2,-480.84152650467,-476.717724707617,1.0,1.0,1.0,26.1343191920106,True,188,0.9336346611807383,127.92975695381364,4.147288933005924,0.6561971830985915,1.1116901408450703,0.6769014084507041,6.524423171680743,7,126,133,"0.682,0.688,0.752,0.815,0.894,0.827,0.882",False,1866.8571428571456,1603.0000000000018,1091,1.0,1.0,3.1704515044625565,74999.08126121318,53212.46710704866,21786.614154164527,13.59121655452604,0.092064829841585,147.6265863730188,74978.09671125568,53184.48770710533,13.030422417833783,1.0,0.2043178437828488,17.11184810943771,0.6230927909623339,0.7521752346434589,0.247824765356541,6.767790490199822,3.035892061566458,6.767790490199822,0.8359843696487339,0.8359843696487339,True,ok,129,131,-480.84152650467,-476.717724707617,1.0,264.0,54739.11039614856,45.0
18,33,72,4.0,11.093016540375544,41.39180825260956,-227.2277159859105,68.5,2.0,300.0,285.0,0.95,85.0,0.0413458082013282,0.5836799265923622,0.4818009887922396,0.3797848029010962,0.3871252141106749,22.539124204394763,8.75877192982456,24.0,24.11049458723757,"72,88,116,229",11.093022863964062,41.39281518825579,-225.165815087384,2.0619008985264884,7.500017711080532,3.50000825591338,300.0,285.0,0.95,63.70809565840591,0.0413458082013282,0.5836799265923622,0.4818009887922396,new_non_BB86,not_matched,not_matched,,,71,,66.56045016648355,66.56045016648355,19.8722840140895,19.8722840140895,new_candidate,table_fits,True,ok,68,70,2,-229.28961688443692,-225.16581508738403,1.0,1.0,1.0,94.86224635254204,True,296,0.994818164686516,375.0759554407947,4.333266015203499,0.6354929577464788,0.9874647887323944,0.8632394366197182,16.566241712179618,7,65,72,"0.884,0.806,0.817,0.994,0.823,0.773,0.750",False,1117.0000000000018,2087.0,1337,1.0,1.0,7.1853010216722,161499.68827938818,50218.25877080128,111281.42950858692,23.381881910602186,0.0700896787162024,333.5995019363252,161478.09372865688,50189.46603649287,27.283500851520813,1.0,0.0821326519832821,37.80991222855782,0.1559381084133371,0.8900170322842016,0.1099829677157983,11.852774230166553,-0.8983834116170787,11.852774230166553,0.9454408735891768,0.9454408735891768,True,ok,68,70,-229.28961688443695,-225.16581508738403,0.95,292.4038303442689,67151.54297048182,85.0
19,27,62,2.0,11.172711370890278,41.99152844759467,-132.3802746536915,45.5,2.0,264.0,264.0,1.0,-45.0,0.0460063731511672,0.583592712937311,0.5045858466642015,0.3952633401227953,0.3952633401227953,15.562924861341369,8.737468671679197,24.0,24.11049458723757,"62,408",11.17263443502451,41.993681753151336,-134.44217555221798,2.0619008985265026,15.509265271933378,7.754632635966689,323.4,265.98,0.85,-7.5,0.0460063731511672,0.583592712937311,0.5045858466642015,new_non_BB86,not_matched,not_matched,,,133,,144.45184157759118,144.45184157759118,15.819725346308502,15.819725346308502,new_candidate,table_fits,True,ok,45,47,2,-134.44217555221798,-130.318373755165,1.0,1.0,1.0,81.59013899677319,True,248,0.934864157004706,325.2389263236657,4.3704614316430135,0.6976056338028169,1.1116901408450703,0.6769014084507041,17.529655365623064,7,42,49,"0.695,0.695,0.717,0.913,0.886,0.847,0.778",True,1058.999999999998,2704.1428571428582,1091,1.0,1.0,7.493945523772087,124402.27954276004,50366.62620512116,74035.65333763888,16.079928654745068,0.0590939670785498,272.10778781141994,124381.29499280256,50338.64680517783,24.22781440779371,1.0,0.0126712547628366,31.785240920828496,0.5954184933498695,0.8749549239960058,0.1250450760039941,1.3359310259686328,8.833200358747371,8.833200358747371,0.1335500888768269,0.1335500888768269,False,foreground_confusion_velocity;low_v9_final_score,45,47,-134.44217555221798,-130.318373755165,1.0,264.0,54739.11039614856,135.0
21,24,56,1.0,11.38582936116263,41.74333919314675,-140.6278782477975,47.5,2.0,264.0,211.2,0.8,45.0,0.0492765752007974,0.589503115231768,0.5058063389744567,0.4065229532273673,0.4065229532273673,12.74401722443918,8.731829573934837,24.0,24.11049458723757,56,11.38582936116263,41.74333919314675,-140.6278782477975,0.0,0.0,0.0,264.0,211.2,0.8,45.0,0.0492765752007974,0.589503115231768,0.5058063389744567,new_non_BB86,not_matched,not_matched,,,123,,84.38470063590414,84.38470063590414,25.42787824779749,25.42787824779749,new_candidate,table_fits,True,ok,47,49,2,-142.689779146324,-138.565977349271,1.0,1.0,1.0,57.53165238876412,True,204,0.9538192355668,245.0676435530388,3.849725601489804,0.6976056338028169,1.070281690140845,0.5940845070422536,15.796042129797163,7,44,51,"0.713,0.676,0.666,0.971,0.923,0.901,0.836",False,894.0000000000117,2449.99999999999,867,1.0,1.0,4.407855872482821,68407.33312445342,24943.224908923366,43464.10821553005,17.133756026806108,0.0821775891712466,208.49669842591464,68387.03800752308,24916.164753016245,20.612078524229386,1.0,0.1254390223628866,25.06443395413133,0.7266634217290796,0.8674133941685258,0.1325866058314741,4.225647668464342,8.655378523178388,8.655378523178388,0.8544485927765397,0.8544485927765397,True,ok,47,49,-142.689779146324,-138.565977349271,0.7999999999999999,236.1287784239778,43791.28831691884,45.0
22,20,47,2.0,10.231816017319815,40.5535562566013,-470.5320220120375,127.5,2.0,264.0,211.2,0.8,0.0,0.0605176841563517,0.6083323623699952,0.5342695985803902,0.4315095965099186,0.4315095965099186,8.37536363555563,8.709899749373433,24.0,24.11049458723757,"47,79",10.232367691546116,40.55307228436799,-472.593922910564,2.061900898526517,4.609843783996939,2.304921891998469,264.0,224.4,0.8500000000000001,5.0,0.0605176841563517,0.6083323623699952,0.5342695985803902,new_non_BB86,not_matched,not_matched,,,8,,92.76462173691137,92.76462173691137,48.66797798796256,48.66797798796256,new_candidate,table_fits,True,ok,127,129,2,-472.593922910564,-468.47012111351097,1.0,1.0,1.0,50.6593186733315,True,190,0.9578980322165104,161.50445144178846,3.2174035220180484,0.6561971830985915,1.0495774647887324,0.5733802816901408,9.12134006218754,7,124,131,"0.717,0.680,0.683,0.705,0.988,0.827,0.717",False,1785.999999999998,1225.000000000001,869,1.0,1.0,7.595889651482039,35349.81009355444,14527.489722626164,20822.32037092828,16.1152717407549,0.1116612560191425,144.32285929142864,35329.50806417865,14500.4203501251,14.325114551995494,1.0,0.1419873323576022,20.16711057239785,1.5209517597832771,0.8663453456745469,0.1336546543254531,4.749762854779354,-1.5554548822383227,4.749762854779354,0.8324948029924254,0.8324948029924254,False,background_gradient_dominates,127,129,-472.593922910564,-468.47012111351097,0.7999999999999999,236.1287784239778,43791.28831691884,0.0
23,19,42,1.0,10.355282770420954,41.2024742113697,-412.7987968532954,113.5,2.0,220.0,198.0,0.9,45.0,0.0673368824374537,0.5635177962396264,0.6195229662248694,0.439181441160406,0.439181441160406,8.954742385572194,8.708020050125311,24.0,24.11049458723757,42,10.355282770420954,41.2024742113697,-412.7987968532954,0.0,0.0,0.0,220.0,198.0,0.9,45.0,0.0673368824374537,0.5635177962396264,0.6195229662248694,new_non_BB86,not_matched,not_matched,,,42,,67.42033632003971,67.42033632003971,9.098796853295426,9.098796853295426,new_candidate,table_fits,True,ok,113,115,2,-414.860697751822,-410.736895954769,1.0,1.0,1.0,72.97479894934457,True,158,0.7393363117933966,164.1366256008864,2.3991043603487183,0.7183098591549295,1.4222535211267604,0.5733802816901408,10.14904990976445,7,110,117,"0.643,0.657,0.717,0.753,0.678,0.694,0.694",False,1687.0000000000043,1891.999999999994,679,1.0,1.0,2.8923921782596613,64011.639429499766,46920.48126092585,17091.158168573915,11.756454646689464,0.0899099582268471,130.75809263560507,63992.07756611709,46894.39877641562,15.50393543614662,1.0,0.1125072965153521,21.94710608382515,0.2599621786586986,0.7398860745503556,0.2601139254496444,6.593673084478627,2.0320773434422903,6.593673084478627,0.8978705644836191,0.8978705644836191,True,ok,113,115,-414.860697751822,-410.736895954769,0.9,208.71032557111303,34211.94399759285,45.0
24,25,57,2.0,10.19144996784348,40.62339523910754,-524.1414453737265,140.5,2.0,264.0,264.0,1.0,45.0,0.0487891446761033,0.5808206353222867,0.5317898468648001,0.3974390744954188,0.3974390744954188,12.260059430798837,8.692982456140351,24.0,24.11049458723757,"57,288",10.189795837718354,40.62436038371759,-526.2033462722529,2.061900898526517,11.401771132766,5.700885566383,290.4,274.56,0.95,57.5,0.0487891446761033,0.5808206353222867,0.5317898468648001,new_non_BB86,not_matched,not_matched,,,8,,183.08257550248564,183.08257550248564,4.941445373726424,4.941445373726424,new_candidate,table_fits,True,ok,140,142,2,-526.2033462722529,-522.0795444752,1.0,1.0,1.0,67.57332524183974,True,248,0.910089319232866,240.6688428149776,3.961311850808349,0.6561971830985915,1.1530985915492955,0.6769014084507041,12.06753200855058,7,137,144,"0.806,0.828,0.828,0.843,0.910,0.750,0.695",False,1817.1428571428576,1296.9999999999957,1091,1.0,1.0,3.8104084885705647,94718.87824390832,45921.93150041451,48796.946743493805,23.428320242980988,0.1060507397944252,220.91614154126376,94697.8936939508,45893.95210047118,19.65171181993984,1.0,0.0126712547627963,27.624957792862237,1.395636621291502,0.825076238557785,0.174923761442215,11.583294877673392,12.13585573150257,12.13585573150257,0.844892305271385,0.844892305271385,False,background_gradient_dominates,140,142,-526.2033462722529,-522.0795444752,1.0,264.0,54739.11039614856,45.0
25,23,52,1.0,9.807067193201023,40.33618974495808,-561.2556615472035,149.5,2.0,264.0,264.0,1.0,-45.0,0.0557851664294553,0.6063301356247763,0.5208615815200717,0.4202847451506814,0.4202847451506814,8.423746643687766,8.667919799498748,24.0,24.11049458723757,52,9.807067193201023,40.33618974495808,-561.2556615472035,0.0,0.0,0.0,264.0,264.0,1.0,-45.0,0.0557851664294553,0.6063301356247763,0.5208615815200717,new_non_BB86,not_matched,not_matched,,,1,,982.603783321309,982.603783321309,54.45566154720353,54.45566154720353,new_candidate,table_fits,True,ok,150,152,2,-567.441364242783,-563.31756244573,1.0,1.0,1.0,49.15246408338283,True,248,0.8824043474925102,112.42346821334488,5.44912850838895,0.7597183098591549,1.2152112676056337,0.6769014084507041,6.637239283387968,7,147,154,"0.694,0.717,0.932,0.914,0.827,0.646,0.597",False,2120.142857142866,1003.9999999999908,1091,1.0,1.0,7.493945523772087,23652.5447051927,13766.73424152048,9885.81046367222,10.876468441065525,0.1093523631684871,99.46258248033791,23631.5601552352,13738.754841577149,8.803757669055074,1.0,0.1778495357328468,11.185061021460989,0.3496953756152171,0.7788086688958875,0.2211913311041124,2.962606212232006,4.252409348176371,4.252409348176371,0.8774106640094388,0.8774106640094388,True,ok,150,152,-567.441364242783,-563.31756244573,1.0,264.0,54739.11039614856,135.0
26,32,71,5.0,10.871670934220091,41.80377457928627,-185.9896980153805,58.5,2.0,264.0,250.8,0.95,-10.0,0.0419765805340403,0.5706114778494037,0.4877873720522638,0.3866447096335773,0.3900532752938067,17.148030024175757,8.663533834586465,24.0,24.11049458723757,"71,185,482,868,1059",10.869804792263327,41.80274971563769,-181.86589621832752,2.020242040630421,15.207413580788367,5.315270091793136,360.0,303.05,0.95,43.31813629418849,0.0419765805340403,0.5706114778494037,0.4877873720522638,new_non_BB86,not_matched,not_matched,,,103,,36.90394534654065,36.90394534654065,28.110301984619497,28.110301984619497,new_candidate,table_fits,True,ok,58,60,2,-188.051598913907,-183.927797116854,1.0,1.0,1.0,73.63372335216869,True,237,0.9345813311015002,345.661346822641,4.314668306983742,0.7183098591549295,1.1116901408450703,0.8425352112676057,20.00912263554748,7,55,62,"0.906,0.984,0.984,0.971,0.850,0.706,0.683",False,1288.7142857142833,2510.1428571428737,1029,1.0,1.0,3.051919398810195,181227.3424902467,86882.71404161697,94344.62844862972,22.408566117292303,0.0729523882696931,307.1669982132933,181206.5334620392,86854.96867067364,28.389783557506924,1.0,0.1790065993903521,36.11035645592208,0.901935131468364,0.8241492908150623,0.1758507091849377,12.324222439263636,4.737032238410559,12.324222439263636,0.8212331069079846,0.8212331069079846,False,background_gradient_dominates,58,60,-188.051598913907,-183.927797116854,0.9500000000000001,257.3153707029566,52002.154876341134,170.0
27,30,66,2.0,10.927450229081105,41.17866152662334,-293.2085447387585,84.5,2.0,264.0,237.6,0.9,45.0,0.042974166805503,0.5676254856659517,0.4947786584365399,0.3903675290909156,0.3919773155317525,14.354578936103689,8.640350877192985,24.0,24.11049458723757,"66,217",10.92754378193622,41.17900855385146,-291.146643840232,2.061900898526517,2.5495108155669155,1.2747554077834578,282.0,253.8,0.9,15.0,0.042974166805503,0.5676254856659517,0.4947786584365399,new_non_BB86,not_matched,not_matched,,,57,,54.48897470150854,54.48897470150854,3.391455261241504,3.391455261241504,new_candidate,table_fits,True,ok,84,86,2,-295.27044563728504,-291.146643840232,1.0,1.0,1.0,78.96195070747271,True,225,0.9098116119770084,273.8615717363424,3.9241164343688335,0.6976056338028169,1.1530985915492955,0.883943661971831,15.518730191895584,7,81,88,"0.882,0.839,0.892,0.891,0.864,0.695,0.672",False,1244.1428571428592,1867.285714285709,980,1.0,1.0,7.595889651482039,107565.43332051956,45913.45576932951,61651.97755119005,18.11687918673279,0.0729601343126041,248.312031733788,107544.77066280456,45885.90555904285,23.75101479690494,1.0,0.1870888345233277,30.655727377321337,1.036575539661371,0.8028816083768822,0.1971183916231178,19.889818027175387,16.674407243840562,19.889818027175387,0.816041098346365,0.816041098346365,False,background_gradient_dominates,84,86,-295.27044563728504,-291.146643840232,0.9,250.45239068533564,49265.1993565337,45.0
28,21,49,1.0,11.270787365146626,41.94718463094173,-54.0280405096845,26.5,2.0,264.0,250.8,0.95,-15.0,0.0578410742883219,0.608393344238543,0.5154382605683671,0.4294747363736776,0.4294747363736776,3.784852878232184,8.635964912280702,24.0,24.11049458723757,49,11.270787365146626,41.94718463094173,-54.0280405096845,0.0,0.0,0.0,264.0,250.8,0.95,-15.0,0.0578410742883219,0.608393344238543,0.5154382605683671,new_non_BB86,not_matched,not_matched,,,130,,206.9876903468393,206.9876903468393,15.771959490315496,15.771959490315496,new_candidate,table_fits,True,ok,26,28,2,-56.08994140821101,-51.966139611158,1.0,1.0,1.0,14.861347601724322,True,237,0.9791728192572112,77.45429366673781,4.314668306983742,0.6769014084507041,1.0288732394366198,0.883943661971831,4.274789534414858,5,25,30,"0.000,0.160,0.783,0.934,0.979,0.915,0.772",True,983.7142857142946,2658.999999999969,1032,1.0,1.0,3.5941165996589426,6944.632836625867,2296.624489118992,4648.008347506875,16.273278550094936,0.2385160782750868,68.22717641418932,6923.815074787743,2268.8674733348257,6.365140444223783,1.0,0.0664726701917902,7.814997325256012,1.1160773874545538,0.8822819099061608,0.1177180900938391,3.5874874660751965,4.349076384739387,4.349076384739387,0.1264478611137682,0.1264478611137682,False,foreground_confusion_velocity;background_gradient_dominates;low_v9_final_score,26,28,-56.08994140821101,-51.966139611158,0.9500000000000001,257.3153707029566,52002.154876341134,165.0
29,29,64,4.0,10.041545363122705,40.493331778274815,-536.5128507648855,143.5,2.0,264.0,264.0,1.0,-45.0,0.0446936524376193,0.5793487131669491,0.4967905359311655,0.3932596664763187,0.3948690368175893,11.225199545822564,8.604636591478696,24.0,24.11049458723757,"64,182,222,631",10.042910471048968,40.49382561888646,-538.5747516634119,2.061900898526517,8.277219051986748,5.500295584911158,309.5,286.05,0.925,-87.5,0.0446936524376193,0.5793487131669491,0.4967905359311655,new_non_BB86,not_matched,not_matched,,,1,,187.2998606487092,187.2998606487092,29.712850764885445,29.712850764885445,new_candidate,table_fits,True,ok,143,145,2,-538.5747516634119,-534.450949866359,1.0,1.0,1.0,46.8225749938089,True,248,0.93554723558583,242.6795130214097,4.519243097401074,0.6976056338028169,1.1116901408450703,0.883943661971831,13.041605716618648,7,140,147,"0.725,0.683,0.683,0.811,0.958,0.995,0.917",False,1935.1428571428623,1163.999999999974,1091,1.0,1.0,7.493945523772087,77149.89646387537,31175.97743467819,45973.919029197175,21.682445668255184,0.101115903663144,214.4316065303411,77128.91191391787,31147.998034734857,19.01167606322809,1.0,0.0895993016910901,25.23349813428304,0.5044219960988019,0.8474563181936052,0.1525436818063947,7.223231285164665,3.740062342672038,7.223231285164665,0.8870822303320858,0.8870822303320858,True,ok,143,145,-538.5747516634119,-534.450949866359,1.0,264.0,54739.11039614856,135.0
30,28,63,4.0,10.812190238665014,41.12092945721941,-334.4465627092885,94.5,2.0,264.0,237.6,0.9,45.0,0.0458732238904621,0.5817318164873877,0.4886176163127212,0.4002936875936332,0.4031703476983226,10.609064318279986,8.598997493734336,24.0,24.11049458723757,"63,101,703,1029",10.81048092510557,41.11888270676312,-342.69416630339447,5.356975674629725,15.532237369822465,10.422676610012534,323.4,271.05,0.9,75.0,0.0458732238904621,0.5817318164873877,0.4886176163127212,new_non_BB86,not_matched,not_matched,,,48,,134.71574494750766,134.71574494750766,3.353437290711497,3.353437290711497,new_candidate,table_fits,True,ok,95,97,2,-340.632265404868,-336.508463607815,1.0,1.0,1.0,65.72851780170656,True,206,0.9704825868927002,186.4436210857254,4.9469903864554965,0.7183098591549295,1.0495774647887324,0.9874647887323944,10.849703236079424,7,92,99,"0.681,0.728,0.884,0.959,0.895,0.873,0.884",False,1333.2857142857165,1807.7142857142903,976,1.0,1.0,7.595889651482039,80793.3789177645,46678.59113753181,34114.787780232684,14.057754808427465,0.0761028317659523,184.72052198610515,80772.72853000526,46651.05728718616,16.41155108976741,1.0,0.3404773464174109,21.84042501667621,0.996229175145406,0.8087854932936147,0.1912145067063853,10.179787604848196,2.6382778066913137,10.179787604848196,0.7955107991163258,0.7955107991163258,False,background_gradient_dominates,95,97,-340.632265404868,-336.508463607815,0.9,250.45239068533564,49265.1993565337,45.0
31,26,58,1.0,11.408617754271877,42.14490923178454,-82.89465308905551,33.5,2.0,264.0,211.2,0.8,45.0,0.047770116591302,0.5854885490881434,0.4998160036215244,0.4040063252172159,0.4040541515284377,6.541669164855159,8.590225563909772,24.0,24.11049458723757,58,11.408617754271877,42.14490923178454,-82.89465308905551,0.0,0.0,0.0,264.0,211.2,0.8,45.0,0.047770116591302,0.5854885490881434,0.4998160036215244,new_non_BB86,not_matched,not_matched,,,141,,559.4595908326916,559.4595908326916,25.39465308905551,25.39465308905551,new_candidate,table_fits,True,ok,34,36,2,-89.080355784635,-84.95655398758201,1.0,1.0,1.0,27.075408407337967,True,190,0.9625547702561864,95.65532261771752,3.5893576864131984,0.6976056338028169,1.0495774647887324,0.8425352112676057,6.185669695797157,7,31,38,"0.922,0.911,0.898,0.974,0.846,0.650,0.695",True,879.9999999999986,2863.1428571428582,867,1.0,1.0,1.754035395440033,13461.520413056458,6243.300270475298,7218.22014258116,14.878106530538986,0.1750367269179622,84.99991283264904,13441.225296126117,6216.240114568176,8.410652521488972,1.0,0.1864575245975122,10.387625312866067,2.88693528177306,0.8558464884646868,0.1441535115353132,1.4647086530918862,1.1450276779776365,1.4647086530918862,0.1187680990728641,0.1187680990728641,False,foreground_confusion_velocity;background_gradient_dominates;low_v9_final_score,34,36,-89.080355784635,-84.95655398758201,0.7999999999999999,236.1287784239778,43791.28831691884,45.0
32,38,80,2.0,11.24384954348406,42.04829921842972,-120.0088692625325,42.5,2.0,264.0,264.0,1.0,-45.0,0.0390502430628917,0.563705481110368,0.4916190022392131,0.3740107193652571,0.376754781891469,15.425264965112197,8.57017543859649,24.0,24.11049458723757,"80,1164",11.241492799948986,42.04615741507464,-120.0088692625325,0.0,19.91457967253864,9.95728983626932,393.0,288.6,0.8,0.0,0.0390502430628917,0.563705481110368,0.4916190022392131,new_non_BB86,not_matched,not_matched,,,140,,170.8167542149734,170.8167542149734,58.4088692625325,58.4088692625325,new_candidate,table_fits,True,ok,43,45,2,-126.194571958112,-122.070770161059,1.0,1.0,1.0,52.5188699922484,True,248,0.7833738313114407,155.13450688880897,3.5149668535341685,0.7597183098591549,1.380845070422535,0.6769014084507041,8.723184223421846,7,40,47,"0.706,0.784,0.893,0.804,0.728,0.706,0.672",True,1005.0000000000024,2762.8571428571386,1091,1.0,1.0,7.393446096697246,53360.96600182263,36200.293632098816,17160.672369723812,7.477213462685175,0.0570668809142228,131.02544493230957,53339.981451865126,36172.31423215549,12.770311418529449,1.0,0.1346972857583744,16.50192981336411,0.2746273440644412,0.7407627135056698,0.2592372864943302,10.358678270048491,9.317687165183807,10.358678270048491,0.1339251694013931,0.1339251694013931,False,foreground_confusion_velocity;low_v9_final_score,43,45,-126.194571958112,-122.070770161059,1.0,264.0,54739.11039614856,135.0
33,31,67,1.0,10.21331255220584,40.63709955509797,-536.5128507648855,143.5,2.0,264.0,237.6,0.9,-65.0,0.0429202711370934,0.56534067612636,0.5148477988676334,0.3840048249797423,0.3840048249797423,9.734318826189847,8.530701754385964,24.0,24.11049458723757,67,10.21331255220584,40.63709955509797,-536.5128507648855,0.0,0.0,0.0,264.0,237.6,0.9,-65.0,0.0429202711370934,0.56534067612636,0.5148477988676334,new_non_BB86,not_matched,not_matched,,,13,,206.54453231285632,206.54453231285632,70.91285076488543,70.91285076488543,new_candidate,table_fits,True,ok,143,145,2,-538.5747516634119,-534.450949866359,1.0,1.0,1.0,56.94838057115688,True,190,0.9145910451170768,165.67544473174866,2.6966676918648385,0.6354929577464788,1.1116901408450703,0.6976056338028169,8.474496987473133,7,140,147,"0.706,0.739,0.849,0.900,0.825,0.680,0.683",False,1800.0000000000025,1310.9999999999925,979,1.0,1.0,7.493945523772087,44929.29964648199,19235.283322442003,25694.016324039985,17.261211472579717,0.1076705876141484,160.31501132358923,44908.6400515544,19207.73719587188,15.560356247928118,1.0,0.0968675437559426,22.335124416552908,0.9593595842352624,0.8238613444418376,0.1761386555581624,7.518714413820074,0.955171534027092,7.518714413820074,0.832774361951668,0.832774361951668,False,background_gradient_dominates,143,145,-538.5747516634119,-534.450949866359,0.9,250.45239068533564,49265.1993565337,115.0
34,22,51,4.0,10.070860018919328,40.662676314282095,-590.1222741265744,156.5,2.0,220.0,198.0,0.9,45.0,0.0564297600148914,0.567719247378601,0.5838528769869095,0.4126060390619172,0.4126060390619172,3.053359357789904,8.528822055137844,24.0,24.11049458723757,"51,75,156,168",10.073420837424123,40.66296779780912,-583.9365714309951,4.610550571973136,14.000458662102888,7.302169320402372,264.0,211.2,0.8,40.0,0.0564297600148914,0.567719247378601,0.5838528769869095,new_non_BB86,not_matched,not_matched,,,6,,257.68696709989297,257.68696709989297,17.322274126574484,17.322274126574484,new_candidate,table_fits,True,ok,156,158,2,-592.184175025101,-588.060373228048,1.0,1.0,1.0,29.660821879110856,True,153,0.7637211479716817,53.8684003935903,2.473495193227748,0.7183098591549295,1.380845070422535,0.5733802816901408,3.4422994480250795,6,153,159,"0.869,0.879,0.893,0.808,0.724,0.779,0.391",False,1910.9999999999973,1337.9999999999943,679,1.0,1.0,8.006478281291878,7706.707323148559,5304.077710807926,2402.629612340633,5.155114293234718,0.1050283050251643,49.08309519038294,7687.145459765883,5277.995226297691,5.710113457077535,1.0,7.14656475789983e-13,7.7442624584278175,1.5358851648486245,0.7514688468323192,0.2485311531676808,6.476764235709332,3.81032536207233,6.476764235709332,0.8326607327298646,0.8326607327298646,False,background_gradient_dominates,156,158,-592.184175025101,-588.060373228048,0.9,208.71032557111303,34211.94399759285,45.0
35,40,82,5.0,9.904172564358197,40.33800769883037,-524.1414453737265,140.5,2.0,264.0,250.8,0.95,45.0,0.0386417992478408,0.5533405322967259,0.474858167441279,0.3796156513111777,0.387397518444589,13.968579548517372,8.483082706766918,24.0,24.11049458723757,"82,203,249,315,415",9.906733795659118,40.33713615530719,-528.2652471707795,3.085970691107028,19.039525262432555,7.018130678898918,300.0,270.0,0.9,2.5547261389461653,0.0386417992478408,0.5533405322967259,0.474858167441279,new_non_BB86,not_matched,not_matched,,,1,,767.6035657557683,767.6035657557683,17.341445373726458,17.341445373726458,new_candidate,table_fits,True,ok,140,142,2,-526.2033462722529,-522.0795444752,1.0,1.0,1.0,64.36347193351001,True,237,0.8741188316024264,283.0787166576196,3.663748519292229,0.7183098591549295,1.2152112676056337,0.5733802816901408,16.570147529391477,7,137,144,"0.705,0.706,0.761,0.841,0.880,0.871,0.806",False,2043.9999999999984,1005.1428571428528,1036,1.0,1.0,7.595889651482039,123965.74476808718,61107.65584918418,62858.088918903006,27.846475880786272,0.111062046064983,250.72900119716084,123944.91540081872,61079.8833594929,23.70414226228794,1.0,0.0780538991116901,30.604631395395693,1.1225571620029866,0.7869565094087646,0.2130434905912353,19.76720694239457,11.138143638314668,19.76720694239457,0.8284009135141928,0.8284009135141928,False,background_gradient_dominates,140,142,-526.2033462722529,-522.0795444752,0.9500000000000001,257.3153707029566,52002.154876341134,45.0
36,35,76,4.0,9.989413583547758,40.35967428529307,-532.3890489678325,142.5,2.0,264.0,264.0,1.0,-45.0,0.0398121931522304,0.5593083963372769,0.4725736160623722,0.384000709408855,0.3922502829617608,11.049042679611969,8.466791979949875,24.0,24.11049458723757,"76,417,432,501",9.99005047676588,40.35978234312599,-530.3271480693061,2.061900898526517,8.063272741178308,4.073114174641017,360.0,258.0,0.75,10.998464236541338,0.0398121931522304,0.5593083963372769,0.4725736160623722,new_non_BB86,not_matched,not_matched,,,1,,553.2071323088902,553.2071323088902,25.589048967832525,25.589048967832525,new_candidate,table_fits,True,ok,142,144,2,-534.450949866359,-530.3271480693061,1.0,1.0,1.0,55.53477022332857,True,210,0.8702988321664834,184.15490595924405,5.002783511114769,0.7390140845070423,1.2359154929577465,0.6769014084507041,11.066443922855017,7,139,146,"0.806,0.849,0.883,0.893,0.815,0.717,0.717",False,1976.9999999999984,1026.8571428571431,1091,1.0,1.0,7.493945523772087,189178.96553792307,142129.40920498993,47049.556332933134,23.84488288348127,0.1099221328686015,216.92522025555047,189157.9809879656,142101.4298050466,19.39420880381214,1.0,0.1168231966148761,22.85617159869564,0.3463127372830992,0.6920078165084197,0.3079921834915803,15.079375113090425,8.380998739531075,15.079375113090425,0.8759509256417777,0.8759509256417777,True,ok,142,144,-534.450949866359,-530.3271480693061,1.0,264.0,54739.11039614856,135.0
37,37,78,2.0,11.38535995808204,41.802651819298426,-87.01845488610851,34.5,2.0,264.0,237.6,0.9,15.0,0.0394589255644161,0.5606692891571868,0.5061243770668178,0.3728984825723092,0.3728984825723092,6.856340487965968,8.411654135338345,24.0,24.11049458723757,"78,701",11.38367780276216,41.80217576072552,-89.080355784635,2.0619008985264813,9.657283207063031,4.828641603531516,323.4,291.06,0.9,30.0,0.0394589255644161,0.5606692891571868,0.5061243770668178,new_non_BB86,not_matched,not_matched,,,129,,107.43795350316714,107.43795350316714,4.818454886108512,4.818454886108512,new_candidate,table_fits,True,ok,35,37,2,-93.204157581688,-89.080355784635,1.0,1.0,1.0,34.148789689553766,True,204,0.9777557226133708,147.01522170918048,4.072898100126894,0.6769014084507041,1.0288732394366198,0.9667605633802816,8.549100114532113,7,32,39,"0.695,0.694,0.736,0.955,0.945,0.889,0.800",True,894.8571428571443,2511.000000000012,978,1.0,1.0,7.595889651482039,30950.14044899344,13180.040593812942,17770.099855180495,19.83900562210357,0.1487958583585278,133.33036175174257,30929.483919983333,13152.498555132805,12.393855984304176,1.0,0.2014731051283636,15.815771806565488,2.379751173592496,0.8594620210519465,0.1405379789480535,12.426857826874484,11.208430100668854,12.426857826874484,0.1237181398878415,0.1237181398878415,False,foreground_confusion_velocity;background_gradient_dominates;low_v9_final_score,35,37,-93.204157581688,-89.080355784635,0.9,250.45239068533564,49265.1993565337,15.0
38,47,95,2.0,10.321064586832945,41.31403914444778,-313.82755372402346,89.5,2.0,264.0,264.0,1.0,45.0,0.0352454347817096,0.552669067214971,0.4773234808855782,0.3625575362239822,0.3685088977255619,13.803809057271335,8.395363408521304,24.0,24.11049458723757,"95,170",10.321059161716835,41.31501135845157,-311.765652825497,2.06190089852646,7.000002308452826,3.500001154226413,264.0,264.0,1.0,45.0,0.0352454347817096,0.552669067214971,0.4773234808855782,new_non_BB86,not_matched,not_matched,,,47,,156.06436126927136,156.06436126927136,0.8275537240234598,0.8275537240234598,new_candidate,table_fits,True,ok,89,91,2,-315.88945462255,-311.765652825497,1.0,1.0,1.0,74.65002371741812,True,248,0.8909535194428182,278.85740389901025,4.519243097401074,0.7183098591549295,1.1945070422535211,0.883943661971831,16.30527346923784,7,86,93,"0.591,0.701,0.789,0.869,0.835,0.750,0.706",False,1712.9999999999986,2006.8571428571377,1091,1.0,1.0,4.558273530188186,116982.38011134986,64514.66218310188,52467.71792824799,14.632092194687894,0.0638750706990054,229.0735968596857,116961.39556139236,64486.68278315855,21.68877725655779,1.0,0.0895993016889339,26.74112663778366,1.1489596464051122,0.8345051902262498,0.1654948097737502,9.729519751903997,3.757218904254653,9.729519751903997,0.8358278659111001,0.8358278659111001,False,background_gradient_dominates,89,91,-315.88945462255,-311.765652825497,1.0,264.0,54739.11039614856,45.0
39,42,85,1.0,10.781756944848247,41.11248680783952,-330.3227609122355,93.5,2.0,264.0,237.6,0.9,15.0,0.0376982451154598,0.5586454759156467,0.476886161267424,0.3733211316427616,0.3790421915246854,9.824465170596207,8.385964912280702,24.0,24.11049458723757,85,10.781756944848247,41.11248680783952,-330.3227609122355,0.0,0.0,0.0,264.0,237.6,0.9,15.0,0.0376982451154598,0.5586454759156467,0.476886161267424,new_non_BB86,not_matched,not_matched,,,48,,117.00235229569653,117.00235229569653,7.477239087764531,7.477239087764531,new_candidate,table_fits,True,ok,93,95,2,-332.384661810762,-328.260860013709,1.0,1.0,1.0,49.07567648948584,True,202,0.8783323043928538,194.3940261049803,4.221679765884954,0.7597183098591549,1.2152112676056337,1.0495774647887324,11.466363126363015,7,90,97,"0.666,0.670,0.739,0.926,0.791,0.761,0.694",False,1356.857142857149,1799.000000000003,978,1.0,1.0,4.645280070666094,74402.57077942336,46637.69148723481,27764.879292188547,12.584629712113694,0.0755159520758704,166.6486267625943,74381.91425041326,46610.14944855467,15.413729367811085,1.0,0.1983703316306214,20.618909904388527,1.3449507718807994,0.7735118631279406,0.2264881368720593,4.618642675470095,1.2612846287037114,4.618642675470095,0.8058033206152919,0.8058033206152919,False,background_gradient_dominates,93,95,-332.384661810762,-328.260860013709,0.9,250.45239068533564,49265.1993565337,15.0
40,34,74,5.0,10.40682158943186,41.23760999520043,-383.93218427392446,106.5,2.0,264.0,184.8,0.7,45.0,0.0405995765647557,0.5338772835634551,0.4967328864426419,0.3907185838944337,0.391825846214142,9.93450691148276,8.367167919799497,24.0,24.11049458723757,"74,412,538,561,657",10.409888507767656,41.23739509773504,-375.6845806798185,4.205469166672446,15.43544359811252,10.500068905300807,360.0,229.68,0.7,30.99695743151301,0.0405995765647557,0.5338772835634551,0.4967328864426419,new_non_BB86,not_matched,not_matched,,,42,,125.59352727169914,125.59352727169914,19.76781572607553,19.76781572607553,new_candidate,table_fits,True,ok,106,108,2,-385.994085172451,-381.870283375398,1.0,1.0,1.0,69.18241836672226,True,168,0.821755177960986,187.897174142204,3.0686218562599885,0.7183098591549295,1.2980281690140845,0.5526760563380282,11.727950424633791,7,103,110,"0.904,0.881,0.833,0.826,0.799,0.717,0.661",False,1646.9999999999995,1927.9999999999984,761,1.0,1.0,2.1136343363083707,52003.81135565026,27289.06107841096,24714.7502772393,12.334022134343511,0.0784455523251486,157.230356199422,51983.90745557667,27262.52254497951,16.708782336093584,1.0,0.1093698859195624,22.798899282756462,1.050008298033314,0.8086837683146129,0.1913162316853871,2.065601618067018,0.6754664346383913,2.065601618067018,0.8046431714740816,0.8046431714740816,False,background_gradient_dominates,106,108,-385.994085172451,-381.870283375398,0.7000000000000001,220.87824700499596,38317.37727730399,45.0
41,41,83,1.0,10.140390566403784,40.91484749267144,-499.3986345914085,134.5,2.0,264.0,264.0,1.0,-45.0,0.0384012090357352,0.5543543287692981,0.4777887315369357,0.3779892675525981,0.3835677484095771,8.422179247175341,8.364035087719296,24.0,24.11049458723757,83,10.140390566403784,40.91484749267144,-499.3986345914085,0.0,0.0,0.0,264.0,264.0,1.0,-45.0,0.0384012090357352,0.5543543287692981,0.4777887315369357,new_non_BB86,not_matched,not_matched,,,26,,186.34336633899213,186.34336633899213,52.70136540859153,52.70136540859153,new_candidate,table_fits,True,ok,135,137,2,-505.5843372869881,-501.46053548993495,1.0,1.0,1.0,36.65790758464427,True,248,0.7726326638214349,113.08283732950196,15.901040527892668,0.8632394366197182,1.4222535211267604,0.6561971830985915,6.529014921390872,7,132,139,"0.706,0.763,0.957,0.823,0.728,0.637,0.608",False,1855.1428571428764,1596.9999999999966,1091,1.0,1.0,2.87412040866888,47298.669854344975,36996.40755210641,10302.262302238569,9.525597128427371,0.0938163480493215,101.5345121238308,47277.68530438747,36968.42815216308,9.32909163969162,1.0,0.1168231966134105,13.613212786347916,1.1116272521345574,0.659947138880036,0.340052861119964,0.6099536928191016,6.1649911983021415,6.1649911983021415,0.7987353398726235,0.7987353398726235,False,background_gradient_dominates,135,137,-505.5843372869881,-501.46053548993495,1.0,264.0,54739.11039614856,135.0
42,39,81,1.0,10.3987311578403,40.72021795131699,-466.40822021498445,126.5,2.0,264.0,211.2,0.8,85.0,0.0389474354412449,0.5527774011690194,0.4951351346556673,0.3761821415392096,0.37827415257951,7.765978345699056,8.361528822055137,24.0,24.11049458723757,81,10.3987311578403,40.72021795131699,-466.40822021498445,0.0,0.0,0.0,264.0,211.2,0.8,85.0,0.0389474354412449,0.5527774011690194,0.4951351346556673,new_non_BB86,not_matched,not_matched,,,25,,116.46224462230526,116.46224462230526,21.408220214984453,21.408220214984453,new_candidate,table_fits,True,ok,126,128,2,-468.47012111351097,-464.346319316458,1.0,1.0,1.0,39.455284900055815,True,199,0.864354993516367,152.32728007003325,2.957035606941444,0.7183098591549295,1.2152112676056337,0.5733802816901408,9.55138920395311,7,123,130,"0.683,0.683,0.728,0.831,0.885,0.770,0.716",False,1654.9999999999975,1395.8571428571463,872,1.0,1.0,3.4413598127442016,35436.31686271809,18668.712621065748,16767.604241652345,12.219270890777608,0.0943457016350142,129.51592578164374,35416.004494446366,18641.62946337011,13.255347690817672,1.0,0.1982266952488133,18.24216794932416,1.548700459861573,0.8356578001502621,0.1643421998497378,2.694204935214624,9.59335675044098,9.59335675044098,0.820711778626548,0.820711778626548,False,background_gradient_dominates,126,128,-468.47012111351097,-464.346319316458,0.7999999999999999,236.1287784239778,43791.28831691884,85.0
43,48,96,1.0,11.055971688128569,41.93709187939498,-148.87548184190348,49.5,2.0,264.0,237.6,0.9,-75.0,0.0352451313199982,0.5482289001904207,0.4742253215695877,0.3647903523274676,0.3716285950677367,12.004024257947592,8.337092731829573,24.0,24.11049458723757,96,11.055971688128569,41.93709187939498,-148.87548184190348,0.0,0.0,0.0,264.0,237.6,0.9,-75.0,0.0352451313199982,0.5482289001904207,0.4742253215695877,new_non_BB86,not_matched,not_matched,,,124,,174.86035531147104,174.86035531147104,19.92451815809653,19.92451815809653,new_candidate,table_fits,True,ok,49,51,2,-150.93738274043,-146.813580943377,1.0,1.0,1.0,63.34387941482324,True,179,0.878437378984592,267.2916521250474,4.240277474104711,0.7597183098591549,1.2152112676056337,1.008169014084507,16.20020998384668,7,46,53,"0.683,0.695,0.750,0.871,0.857,0.680,0.773",False,1148.000000000002,2647.714285714283,977,1.0,1.0,4.502455830680285,91230.95461605226,47091.21484674961,44139.73976930265,16.028005635312127,0.0762835220401207,210.11098080765487,91210.30115609612,47063.67690014144,19.847781317213123,1.0,0.1678714572132208,25.00900305932417,1.2826378759358534,0.7909089315347075,0.2090910684652924,-3.9108251818979385,3.4427185104043434,3.4427185104043434,0.804015378057503,0.804015378057503,False,background_gradient_dominates,49,51,-150.93738274043,-146.813580943377,0.9,250.45239068533564,49265.1993565337,105.0
45,45,90,2.0,10.30300041703985,40.63660045659442,-487.0272292002495,131.5,2.0,264.0,250.8,0.95,-45.0,0.0363188653210551,0.5539456881306447,0.4794614149271908,0.36677718711829,0.3728285032654104,8.53790662490022,8.31578947368421,24.0,24.11049458723757,"90,487",10.300629539218695,40.6351340624424,-489.089130098776,2.061900898526517,16.71176833541189,8.355884167705945,312.0,269.4,0.875,-85.0,0.0363188653210551,0.5539456881306447,0.4794614149271908,new_non_BB86,not_matched,not_matched,,,13,,46.58621759867839,46.58621759867839,21.427229200249485,21.427229200249485,new_candidate,table_fits,True,ok,132,134,2,-493.21293189582906,-489.089130098776,1.0,1.0,1.0,51.965616316040936,True,237,0.9361377814943836,177.2804802394922,4.668024763159134,0.7183098591549295,1.1116901408450703,0.883943661971831,10.237320527032164,7,129,136,"0.806,0.784,0.903,0.888,0.927,0.773,0.706",False,1729.9999999999943,1310.1428571428792,1036,1.0,1.0,4.330688317215267,39356.00309208712,16961.083694414876,22394.919397672245,14.695746185618106,0.0981860024992047,149.67251758454202,39335.17372481866,16933.3112047236,13.62621567889284,1.0,0.0780538991092647,16.351584067646233,2.18482480979071,0.855896310193668,0.144103689806332,-4.405285687767877,4.795875541885222,4.795875541885222,0.8398993084753128,0.8398993084753128,False,background_gradient_dominates,132,134,-493.21293189582906,-489.089130098776,0.9500000000000001,257.3153707029566,52002.154876341134,135.0
46,50,100,3.0,10.655182288386763,40.95682797694521,-388.0559860709775,107.5,2.0,264.0,264.0,1.0,-45.0,0.0330535892709374,0.5465842168809553,0.4675663011457803,0.3561171917082648,0.3631829037372212,13.165234045210058,8.315162907268169,24.0,24.11049458723757,"100,106,237",10.656898622356293,40.95719877544081,-388.0559860709775,1.943978809976954,7.826267884813207,7.017836453724183,264.0,264.0,1.0,-44.99999999999999,0.0330535892709374,0.5465842168809553,0.4675663011457803,new_non_BB86,not_matched,not_matched,,,40,,99.10560687543952,99.10560687543952,21.45598607097748,21.45598607097748,new_candidate,table_fits,True,ok,107,109,2,-390.117886969504,-385.994085172451,1.0,1.0,1.0,73.3592941768938,True,248,0.9027604375271256,287.59815836128644,4.686622471378891,0.7183098591549295,1.1738028169014083,0.883943661971831,15.381272980150278,7,104,111,"0.683,0.717,0.806,0.836,0.946,0.761,0.683",False,1455.000000000001,1638.8571428571156,1091,1.0,1.0,5.691134621519467,115438.86184617475,57264.75039017714,58174.11145599763,18.045936011169527,0.0748149561203469,241.20760001704636,115417.87729621728,57236.77099023381,20.95152184719249,1.0,0.1870888345208105,28.68631343118416,0.4218670883726261,0.8244194527184846,0.1755805472815154,-0.437353442073743,1.443148387694474,1.443148387694474,0.8521310253957513,0.8521310253957513,True,ok,107,109,-390.117886969504,-385.994085172451,1.0,264.0,54739.11039614856,135.0
49,51,103,4.0,9.43713053140976,40.41456318797326,-458.1606166208785,124.5,2.0,264.0,264.0,1.0,45.0,0.0325186962702528,0.5441692756445198,0.4816858708677415,0.3500552945923417,0.3544039470213956,11.557027167603865,8.251253132832082,24.0,24.11049458723757,"103,335,433,494",9.436506219167963,40.41379230516283,-460.222517519405,2.061900898526517,5.316367059876178,4.137690147787791,339.5,258.0,0.8,24.675826500159985,0.0325186962702528,0.5441692756445198,0.4816858708677415,new_non_BB86,not_matched,not_matched,,,2,,1722.3277066480894,1722.3277066480894,93.93938337912152,93.93938337912152,new_candidate,table_fits,True,ok,124,126,2,-460.222517519405,-456.098715722352,1.0,1.0,1.0,40.1244769417344,True,248,0.8667440874609614,232.02707777253136,4.147288933005924,0.7183098591549295,1.2359154929577465,0.7597183098591549,12.274669665983067,6,122,128,"0.338,0.681,0.711,0.822,0.880,0.811,0.769",False,2408.999999999988,1088.142857142866,1091,1.0,1.0,7.493945523772087,88758.49040781526,48242.5466252953,40515.94378251997,24.676060955488328,0.1225816233535563,201.3031013981299,88737.50585785776,48214.567225351966,17.5215131905058,1.0,0.353434891414659,24.422650075912813,0.5123917625191423,0.7829600200467507,0.2170399799532493,2.631945026289745,5.777229831453592,5.777229831453592,0.8364247002938808,0.8364247002938808,True,ok,124,126,-460.222517519405,-456.098715722352,1.0,264.0,54739.11039614856,45.0
51,54,111,2.0,11.147833185691272,41.41993583097582,-206.6087070006455,63.5,2.0,264.0,184.8,0.7,-45.0,0.0304802186557317,0.5297986233399583,0.4928046675835988,0.3410520466663276,0.3423038470205071,11.671597073056992,8.162280701754385,24.0,24.11049458723757,"111,174",11.148395284277935,41.42083637522529,-204.5468061021189,2.0619008985265026,7.158998686704166,3.579499343352083,264.0,198.0,0.75,-47.5,0.0304802186557317,0.5297986233399583,0.4928046675835988,new_non_BB86,not_matched,not_matched,,,76,,43.36646522568029,43.36646522568029,4.808707000645484,4.808707000645484,new_candidate,table_fits,True,ok,63,65,2,-208.670607899172,-204.546806102119,1.0,1.0,1.0,84.41503522607488,True,155,0.8008140599797469,202.3142326694912,2.603679150766051,0.7183098591549295,1.318732394366197,0.7390140845070423,13.083707086575489,7,60,67,"0.812,0.883,0.797,0.790,0.796,0.671,0.682",False,1074.85714285716,2116.142857142848,763,1.0,1.0,7.493945523772087,105039.53491258644,65916.14386361284,39123.39104897359,19.510731977345564,0.0986321458867117,197.8131145981096,105019.62313849258,65889.5948314877,21.078826449294414,1.0,0.089608444009567,26.789432371819,0.5504200640985314,0.7374522564815009,0.2625477435184991,4.245210700944518,2.8007541446229767,4.245210700944518,0.8535956257534775,0.8535956257534775,True,ok,63,65,-208.670607899172,-204.546806102119,0.7000000000000001,220.87824700499596,38317.37727730399,135.0
52,61,123,7.0,11.028154030756664,41.83342015853376,-144.7516800448505,48.5,2.0,264.0,264.0,1.0,-45.0,0.0286686248512021,0.5333538073152494,0.4685937598385389,0.3355558927368105,0.3418456762424476,14.38217127464539,8.158521303258144,24.0,24.11049458723757,"123,218,228,351,1031,1035,1036",11.031887722479748,41.82953980178156,-148.87548184190348,3.1173011460352864,31.890586238836367,15.435729867097724,319.0,302.4,0.95,70.05195468050854,0.0286686248512021,0.5333538073152494,0.4685937598385389,new_non_BB86,not_matched,not_matched,,,118,,78.33130676371525,78.33130676371525,17.251680044850502,17.251680044850502,new_candidate,table_fits,True,ok,49,51,2,-150.93738274043,-146.813580943377,1.0,1.0,1.0,84.87178246848651,True,248,0.8057731802033395,270.88152486818973,7.178715372826397,0.8425352112676057,1.3601408450704224,0.9667605633802816,17.676424242923808,7,46,53,"0.706,0.695,0.745,0.880,0.761,0.706,0.683",False,1168.8571428571556,2540.9999999999886,1091,1.0,1.0,7.089345083344754,260759.5231261407,211625.20510774635,49134.31801839438,16.037684478910357,0.0723466269366884,221.67839964322263,260738.5385761832,211597.22570780295,21.11545236031269,1.0,0.4398586593461387,30.05367987403849,1.2507916402767718,0.737848081376573,0.262151918623427,-1.3068649663193646,3.2766286064722774,3.2766286064722774,0.7541816369822028,0.7541816369822028,False,background_gradient_dominates,49,51,-150.93738274043,-146.813580943377,1.0,264.0,54739.11039614856,135.0
53,66,132,4.0,11.271483395038231,41.615909790560416,-173.6182926242215,55.5,2.0,319.0,287.1,0.9,-45.0,0.027105274080932,0.5548727559732113,0.4274227395261914,0.3292115404322056,0.3471584390822569,13.34120935957163,8.132832080200501,24.0,24.11049458723757,"132,150,171,173",11.271763643549358,41.616081992380266,-175.68019352274803,4.610550571973156,3.905311702640346,0.0,319.0,287.1,0.9,-39.06213406139585,0.027105274080932,0.5548727559732113,0.4274227395261914,new_non_BB86,not_matched,not_matched,,,110,,34.460957510817046,34.460957510817046,33.718292624221505,33.718292624221505,new_candidate,table_fits,True,ok,55,57,2,-175.68019352274803,-171.556391725695,1.0,1.0,1.0,48.18741516193587,True,325,0.9938566351352804,320.29760573794255,5.430530800169191,0.6561971830985915,1.008169014084507,0.9253521126760562,14.700839868057027,7,52,59,"0.739,0.739,0.938,0.998,0.936,0.938,0.892",False,980.8571428571416,2318.285714285713,1431,1.0,1.0,7.08339764514741,140887.28288862956,48691.55093459129,92195.73195403827,20.135222064262667,0.0663107442358729,303.6494658036107,140865.4845022909,48662.48641947306,23.441987450481896,1.0,0.2274162510764546,32.534624760675065,0.86469834628017,0.8616407132085104,0.1383592867914895,8.672896374673297,6.2920910845302975,8.672896374673297,0.8215400264535726,0.8215400264535726,False,background_gradient_dominates,55,57,-175.68019352274803,-171.556391725695,0.9,302.6299720781139,71930.61225493897,135.0
54,49,97,1.0,11.356374662081532,42.04103977605474,-45.780436915578505,24.5,2.0,264.0,211.2,0.8,40.0,0.0347073766920299,0.5429226815981255,0.4963508725455809,0.3584818239307156,0.3592757243419511,2.9679801212693526,8.1234335839599,24.0,24.11049458723757,97,11.356374662081532,42.04103977605474,-45.780436915578505,0.0,0.0,0.0,264.0,211.2,0.8,40.0,0.0347073766920299,0.5429226815981255,0.4963508725455809,new_non_BB86,not_matched,not_matched,,,141,,167.74352515924986,167.74352515924986,11.719563084421496,11.719563084421496,new_candidate,table_fits,True,ok,24,26,2,-47.84233781410501,-43.718536017052,1.0,1.0,1.0,20.06383683235418,True,198,0.8479008041541447,55.72077654203096,3.3289897713365937,0.6976056338028169,1.256619718309859,0.6147887323943662,3.250797133755409,5,23,28,"0.000,0.148,0.796,0.847,0.764,0.772,0.794",True,919.0000000000072,2755.9999999999773,873,1.0,1.0,5.925151012842593,5825.038131736135,3251.464742295655,2573.57338944048,18.403287660775025,0.362290127105493,50.79709957267559,5804.722325068617,3224.3770000722966,5.17076662215004,1.0,2.2012887033885295e-12,7.4512438679131,2.914595775745137,0.7662853023508296,0.2337146976491704,0.2529334948896679,2.0479324520941744,2.0479324520941744,0.12177995615249,0.12177995615249,False,foreground_confusion_velocity;background_gradient_dominates;low_v9_final_score,24,26,-47.84233781410501,-43.718536017052,0.7999999999999999,236.1287784239778,43791.28831691884,40.0
55,58,117,3.0,10.730287034976698,41.58779828865051,-210.73250879769853,64.5,2.0,264.0,264.0,1.0,-45.0,0.0291440207914777,0.5311546639200696,0.4590638560806976,0.3415847893224014,0.3499103953810336,12.246890200458177,8.119047619047619,24.0,24.11049458723757,"117,223,430",10.732454040224072,41.58853816057478,-206.6087070006455,1.9439788099769808,11.23613942618426,8.06230152490853,319.0,287.1,0.9,79.0526024018269,0.0291440207914777,0.5311546639200696,0.4590638560806976,new_non_BB86,not_matched,not_matched,,,72,,90.29932377200711,90.29932377200711,7.46749120230146,7.46749120230146,new_candidate,table_fits,True,ok,65,67,2,-216.918211493278,-212.79440969622505,1.0,1.0,1.0,42.29316420717396,True,248,0.7168905245176549,171.1865924310369,15.901040527892668,1.0495774647887324,1.5257746478873238,0.7804225352112675,6.851875624009472,7,62,69,"0.783,0.928,0.925,0.745,0.706,0.717,0.728",False,1397.0000000000014,2287.857142857129,1091,1.0,1.0,2.939367266116552,153474.61435389615,145972.71182025006,7501.902533646091,6.169372599863007,0.0711955608612588,86.65389422081344,153453.62980393865,145944.7324203067,10.716736827080233,0.8347107438016529,0.5601210605301505,18.444359170933005,0.9548244868177906,0.5753685205793299,0.4246314794206702,1.8149936600777448,-1.6543988109282926,1.8149936600777448,0.6739564315470509,0.6739564315470509,False,background_gradient_dominates;diffuse_growth_tail,65,67,-216.918211493278,-212.79440969622505,1.0,264.0,54739.11039614856,135.0
56,52,108,5.0,10.097065896890374,40.45195934480055,-495.2748327943555,133.5,2.0,264.0,250.8,0.95,45.0,0.0310599277503407,0.5337079269496667,0.4506829533017639,0.3532877395494143,0.3655081711829687,10.170971397438567,8.113408521303258,24.0,24.11049458723757,"108,221,273,704,949",10.10102250252514,40.45034050673401,-495.2748327943555,3.085970691106985,27.04166367736232,8.062258122874272,319.0,261.0,0.8,-64.99999999999997,0.0310599277503407,0.5337079269496667,0.4506829533017639,new_non_BB86,not_matched,not_matched,,,1,,118.35447316063822,118.35447316063822,11.525167205644491,11.525167205644491,new_candidate,table_fits,True,ok,133,135,2,-497.336733692882,-493.21293189582906,1.0,1.0,1.0,49.32880338567692,True,237,0.8692472072799976,210.33318601395305,4.668024763159134,0.7390140845070423,1.2359154929577465,0.7804225352112675,12.597052593745111,7,130,137,"0.758,0.845,0.995,0.869,0.802,0.717,0.737",False,1892.000000000001,1121.1428571428469,1036,1.0,1.0,7.493945523772087,82587.98698399193,50211.7513878245,32376.235596167426,18.924881191421253,0.1051655320615504,179.95326815201244,82567.15761672347,50183.97889813322,16.638285154824874,1.0,0.169116781408741,22.201456030304957,0.8952218351492666,0.7722418337290803,0.2277581662709197,3.1990147268466704,4.728253213420083,4.728253213420083,0.810568207529705,0.810568207529705,False,background_gradient_dominates,133,135,-497.336733692882,-493.21293189582906,0.9500000000000001,257.3153707029566,52002.154876341134,45.0
57,59,135,3.0,10.040981022388875,40.43790498288239,-507.64623818551456,136.5,2.0,300.0,285.0,0.95,0.0,0.026584527668952,0.5446169847961857,0.4360786613056641,0.3282801894725751,0.340979489257329,12.78629728803283,8.072055137844611,24.0,24.11049458723757,"120,135,188",10.040986786116225,40.437303083821135,-507.64623818551456,1.943978809976927,6.500682515621822,0.0,300.0,285.0,0.95,31.71747441146101,0.0288812359971346,0.5446169847961857,0.4596042080190143,new_non_BB86,not_matched,not_matched,,,1,,248.0527048404928,248.0527048404928,0.8462381855145509,0.8462381855145509,new_candidate,table_fits,True,ok,137,139,2,-513.8319408810939,-509.708139084041,1.0,1.0,1.0,49.99121415507973,True,300,0.7706466842724454,204.4672003921953,5.300346842630889,0.8011267605633803,1.4222535211267604,0.6147887323943662,10.03970248983144,7,134,141,"0.727,0.817,0.950,0.849,0.728,0.717,0.694",False,1936.000000000008,1106.9999999999895,1335,1.0,1.0,7.288671010584817,103453.52915945803,76449.49086762228,27004.03829183575,15.254955669395326,0.0928193941646703,164.3509506464953,103431.93909974552,76420.70412133895,14.351986926209571,1.0,0.1133284795917099,19.564794525372157,1.606288970030748,0.7045376915114857,0.2954623084885143,3.774460393579989,4.675321110224317,4.675321110224317,0.8051247191657128,0.8051247191657128,False,background_gradient_dominates,137,139,-513.8319408810939,-509.708139084041,0.95,292.4038303442689,67151.54297048182,0.0
58,71,144,2.0,10.941582560745134,41.76752874539099,-157.1230854360095,51.5,2.0,300.0,270.0,0.9,45.0,0.025321295156424,0.5356128593358721,0.4401756218290901,0.3210762217435811,0.3345035953804909,15.957414717378052,8.053258145363408,24.0,24.11049458723757,"144,207",10.941580614975177,41.767042618063485,-157.1230854360095,0.0,3.500132355310437,1.7500661776552184,309.5,278.55,0.9,45.0,0.025321295156424,0.5356128593358721,0.4401756218290901,new_non_BB86,not_matched,not_matched,,,102,,69.98080542665633,69.98080542665633,40.476914563990505,40.476914563990505,new_candidate,table_fits,True,ok,51,53,2,-159.18498633453598,-155.061184537483,1.0,1.0,1.0,39.846846522210384,True,246,0.9035394222522396,217.8430080093958,4.928392678235739,0.6769014084507041,1.1738028169014083,0.5940845070422536,11.329564250886634,6,49,55,"0.138,0.533,0.873,0.916,0.812,0.695,0.728",False,1235.0000000000002,2472.999999999995,1259,1.0,1.0,3.262177696325081,149826.58393051225,101244.32976507409,48582.25416543818,15.250562337649,0.0691855064464917,220.4300166458104,149805.16971141013,101215.77747293789,18.794927870296902,1.0,0.192077870109893,23.561812224859423,0.5093022725347303,0.7669856093294377,0.2330143906705622,9.076405225677773,6.173898749990269,9.076405225677773,0.8565979334596997,0.8565979334596997,True,ok,51,53,-159.18498633453598,-155.061184537483,0.9,284.60498941515414,63617.25123519331,45.0
59,62,124,4.0,10.992556047445817,41.289062559943446,-284.96094114465245,82.5,2.0,264.0,250.8,0.95,45.0,0.0286067454003348,0.5295050969496345,0.4600532036893547,0.3377169008242089,0.3477262294461546,11.078186485228244,8.050125313283209,24.0,24.11049458723757,"124,1015,1134,1174",10.99613619447006,41.29360155535666,-284.96094114465245,2.9159682149654307,41.07627885267095,18.11100362511612,462.0,392.7,0.925,80.78252558853899,0.0286067454003348,0.5295050969496345,0.4600532036893547,new_non_BB86,not_matched,not_matched,,,63,,150.12585809613046,150.12585809613046,0.7609411446524632,0.7609411446524632,new_candidate,table_fits,True,ok,82,84,2,-287.02284204317897,-282.899040246126,1.0,1.0,1.0,55.78075697543681,True,237,0.8571790962289456,233.50682962683572,4.444852264522044,0.7390140845070423,1.256619718309859,0.883943661971831,13.606114476636572,7,79,86,"0.683,0.672,0.683,0.756,0.892,0.895,0.951",False,1194.14285714287,1980.9999999999984,1036,1.0,1.0,5.762886040608212,122586.4657590674,83324.63304512008,39261.832713947326,15.67454263747701,0.0790990369970048,198.16350783221972,122565.63639179897,83296.8605554288,17.65541364960887,1.0,0.1879214146067117,22.14450359971231,1.447795259456954,0.7812627577121309,0.218737242287869,7.29826075276405,9.663360020470533,9.663360020470533,0.8118056813116152,0.8118056813116152,False,background_gradient_dominates,82,84,-287.02284204317897,-282.899040246126,0.9500000000000001,257.3153707029566,52002.154876341134,45.0
60,78,154,1.0,11.30525286409238,42.03451581756034,-70.5232476978965,30.5,2.0,300.0,285.0,0.95,-15.0,0.0236089994522754,0.5379309506647864,0.4099360225164088,0.3169929151083284,0.3377422642780011,20.63667223739335,8.024436090225565,24.0,24.11049458723757,154,11.30525286409238,42.03451581756034,-70.5232476978965,0.0,0.0,0.0,300.0,285.0,0.95,-15.0,0.0236089994522754,0.5379309506647864,0.4099360225164088,new_non_BB86,not_matched,not_matched,,,140,,122.23394495939932,122.23394495939932,8.923247697896493,8.923247697896493,new_candidate,table_fits,True,ok,30,32,2,-72.585148596423,-68.46134679937,1.0,1.0,1.0,58.01868692201137,True,300,0.9727622192669468,340.2448921251852,6.602186418013915,0.6976056338028169,1.0495774647887324,0.9874647887323944,16.957942868882036,7,27,34,"0.758,0.715,0.728,0.928,0.984,0.951,0.821",True,958.000000000004,2748.9999999999945,1335,1.0,1.0,7.288671010584817,138693.8428959381,56221.65753107271,82472.1853648654,18.6873007470238,0.0650689615510968,287.1922388426192,138672.2528362256,56192.870784789375,22.74432031912997,1.0,0.1797364395075932,28.421969691594505,0.7087453222476786,0.8812409539826189,0.1187590460173811,2.7075800358700595,2.3700706771846667,2.7075800358700595,0.1250410725465534,0.1250410725465534,False,foreground_confusion_velocity;low_v9_final_score,30,32,-72.585148596423,-68.46134679937,0.95,292.4038303442689,67151.54297048182,165.0
61,60,121,4.0,11.307931141774349,41.906988661400575,-58.15184230673751,27.5,2.0,319.0,255.2,0.8,55.0,0.0288798788863688,0.542770516677097,0.4531737622261244,0.3362876306691624,0.349143103716152,6.611720068579553,8.023809523809524,24.0,24.11049458723757,"121,813,870,1021",11.302931252305674,41.906216523339126,-60.21374320526401,2.061900898526499,24.824849583994464,16.538461610062125,427.5,314.14250000000004,0.75,61.6429222462537,0.0288798788863688,0.542770516677097,0.4531737622261244,new_non_BB86,not_matched,not_matched,,,137,,133.3003490157165,133.3003490157165,0.6518423067375068,0.6518423067375068,new_candidate,table_fits,True,ok,27,29,2,-60.21374320526401,-56.08994140821101,1.0,1.0,1.0,34.50136608210487,True,287,0.976842281729658,137.49666888863635,3.942714142588591,0.6354929577464788,1.0288732394366198,0.8425352112676057,6.029145854382984,7,24,31,"0.416,0.500,0.689,0.885,0.997,0.848,0.739",True,955.0000000000028,2617.8571428571395,1272,1.0,1.0,4.128917314951638,26616.714077234137,9597.976104347215,17018.73797288692,22.276607545597503,0.1707238473187695,130.48327984316927,26595.26904000244,9569.382721371618,10.909225463281963,1.0,0.0738449772732789,15.65402288782177,3.2478385789667708,0.8481262828967653,0.1518737171032347,0.640222878016072,-0.736026891595618,0.640222878016072,0.1208652424042103,0.1208652424042103,False,foreground_confusion_velocity;background_gradient_dominates;low_v9_final_score,27,29,-60.21374320526401,-56.08994140821101,0.7999999999999999,285.3222739289732,63938.32200439018,55.0
66,74,148,2.0,10.638256233431068,41.48488006136434,-280.83713934759953,81.5,2.0,264.0,264.0,1.0,-45.0,0.024775825070699,0.5121848314528332,0.456445044020047,0.3209928996309601,0.3301547056768,13.84421447731926,7.919172932330827,24.0,24.11049458723757,"148,671",10.6368671594945,41.48300447387344,-282.899040246126,2.06190089852646,15.44351287196822,7.72175643598411,323.4,304.26,0.95,0.0,0.024775825070699,0.5121848314528332,0.456445044020047,new_non_BB86,not_matched,not_matched,,,60,,296.4032403615996,296.4032403615996,15.76286065240049,15.76286065240049,new_candidate,table_fits,True,ok,82,84,2,-287.02284204317897,-282.899040246126,1.0,1.0,1.0,56.59207580591841,True,248,0.9492949282648636,352.35040555232985,5.44912850838895,0.7183098591549295,1.0909859154929578,0.6769014084507041,20.17364284258061,7,79,86,"0.683,0.695,0.728,0.936,0.917,0.851,0.761",False,1467.8571428571413,2182.0,1091,1.0,1.0,4.61341594101395,216878.2552603235,112174.66875037056,104703.58650995292,21.74352152854403,0.0671946347095531,323.59014410197733,216857.270710366,112146.68935042722,28.1121527599977,1.0,0.2097465876954933,35.72227790587495,1.3537397067168546,0.8363042898536467,0.1636957101463532,-2.8476219617592924,14.2163806040764,14.2163806040764,0.8192085817652525,0.8192085817652525,False,background_gradient_dominates,82,84,-287.02284204317897,-282.899040246126,1.0,264.0,54739.11039614856,135.0
67,67,133,1.0,10.807260203758428,41.7356629565777,-194.2373016094865,60.5,2.0,319.0,287.1,0.9,45.0,0.027031349136608,0.502502014674826,0.4431689125717213,0.3385470297501419,0.3585433061813075,11.438235109244614,7.901002506265665,24.0,24.11049458723757,133,10.807260203758428,41.7356629565777,-194.2373016094865,0.0,0.0,0.0,319.0,287.1,0.9,45.0,0.027031349136608,0.502502014674826,0.4431689125717213,new_non_BB86,not_matched,not_matched,,,82,,160.5437056753034,160.5437056753034,32.26269839051349,32.26269839051349,new_candidate,table_fits,True,ok,60,62,2,-196.299202508013,-192.17540071096,1.0,1.0,1.0,60.866516898820805,True,288,0.8352113742640533,236.9746034072052,4.519243097401074,0.6561971830985915,1.2980281690140845,0.6769014084507041,10.015311025978647,7,57,64,"0.497,0.739,0.803,0.927,0.728,0.683,0.672",False,1338.000000000004,2439.999999999969,1431,1.0,1.0,2.15803290253346,117922.63360957098,70605.70092008778,47316.932689483205,13.353927043687968,0.0613857214145857,217.5412577380733,117900.83522323232,70576.63640496955,17.113182795005837,1.0,0.1038116047134462,25.24519532469801,1.168456536042234,0.7762435218542646,0.2237564781457353,14.336647232108026,9.881506975022091,14.336647232108026,0.822723962488886,0.822723962488886,False,background_gradient_dominates,60,62,-196.299202508013,-192.17540071096,0.9,302.6299720781139,71930.61225493897,45.0
70,64,129,1.0,11.344321491370843,41.653159905422136,-103.51366207432052,38.5,2.0,264.0,237.6,0.9,80.0,0.0273497761325682,0.4937114735371745,0.4494286807337037,0.3454647296523109,0.3567927798954769,7.8001708426754846,7.788220551378446,24.0,24.11049458723757,129,11.344321491370843,41.653159905422136,-103.51366207432052,0.0,0.0,0.0,264.0,237.6,0.9,80.0,0.0273497761325682,0.4937114735371745,0.4494286807337037,new_non_BB86,not_matched,not_matched,,,117,,102.83158791169272,102.83158791169272,19.886337925679484,19.886337925679484,new_candidate,table_fits,True,ok,39,41,2,-109.6993647699,-105.575562972847,1.0,1.0,1.0,47.13107618189737,True,227,0.7168903037391938,107.39879659263948,14.264442204554006,1.1530985915492955,1.5257746478873238,0.8011267605633803,4.292233429993275,6,37,43,"0.324,0.806,0.857,0.773,0.683,0.673,0.750",True,925.1428571428604,2356.999999999994,977,1.0,1.0,7.595889651482039,61146.92682120179,57421.93683509697,3724.989986104825,5.899880705117024,0.0965783356282344,61.089069994204856,61126.27336124567,57394.3988884888,5.9038405758402455,1.0,0.4443967866050633,10.511033468322433,4.568921078838974,0.5101592343941062,0.4898407656058938,-2.1100851909924176,-3.8786038828039833,-2.1100851909924176,0.1045892445189516,0.1045892445189516,False,foreground_confusion_velocity;background_gradient_dominates;diffuse_growth_tail;low_v9_final_score,39,41,-109.6993647699,-105.575562972847,0.9,250.45239068533564,49265.1993565337,80.0
71,72,146,1.0,10.380107216984015,40.82531344110822,-503.52243638846153,135.5,2.0,264.0,250.8,0.95,-40.0,0.0248146789757276,0.5174054093852614,0.4419440882865742,0.3229533161796623,0.3360242489157542,7.018600986033357,7.786967418546366,24.0,24.11049458723757,146,10.380107216984015,40.82531344110822,-503.52243638846153,0.0,0.0,0.0,264.0,250.8,0.95,-40.0,0.0248146789757276,0.5174054093852614,0.4419440882865742,new_non_BB86,not_matched,not_matched,,,28,,289.7222383954323,289.7222383954323,62.72243638846152,62.72243638846152,new_candidate,table_fits,True,ok,136,138,2,-509.708139084041,-505.5843372869881,1.0,1.0,1.0,36.05737784386193,True,236,0.8823723447777381,191.38347799264525,5.430530800169191,0.7804225352112675,1.2152112676056337,0.883943661971831,11.571081930723256,7,133,140,"0.692,0.672,0.801,0.882,0.849,0.784,0.761",False,1669.1428571428585,1503.9999999999948,1031,1.0,0.9984756097560976,1.1337749114504845,67842.64447846742,40176.996410020496,27665.648068446928,15.454214025057665,0.0929013546640403,166.35079306372683,67821.82962501538,40149.24327208443,14.866751767555169,1.0,0.1938719155891228,18.37220176982123,2.207749484117966,0.7668957695402802,0.2331042304597199,-4.742835190829677,0.5791158520667073,0.5791158520667073,0.7512063410118918,0.7512063410118918,False,background_gradient_dominates,136,138,-509.708139084041,-505.5843372869881,0.9500000000000001,257.3153707029566,52002.154876341134,140.0
73,80,158,1.0,10.690176357968644,41.58211254393754,-243.7229231741225,72.5,2.0,264.0,237.6,0.9,15.0,0.0229753432881841,0.5053286156818347,0.4519508993498497,0.3113237710143381,0.3231354308639034,12.458178482401838,7.776315789473683,24.0,24.11049458723757,158,10.690176357968644,41.58211254393754,-243.7229231741225,0.0,0.0,0.0,264.0,237.6,0.9,15.0,0.0229753432881841,0.5053286156818347,0.4519508993498497,new_non_BB86,not_matched,not_matched,,,67,,157.2570642081578,157.2570642081578,11.577076825877498,11.577076825877498,new_candidate,table_fits,True,ok,73,75,2,-249.90862586970204,-245.784824072649,1.0,1.0,1.0,102.806600521417,True,223,0.8448870172856026,268.73080471842394,4.221679765884954,0.7597183098591549,1.2773239436619717,1.0495774647887324,16.507248702482748,7,70,77,"0.750,0.706,0.739,0.878,0.804,0.717,0.693",False,1427.8571428571422,2282.0000000000045,978,1.0,1.0,7.595889651482039,138172.06768884882,80943.23234732765,57228.835341521175,17.4648805623726,0.07300154330598,239.23988139771197,138151.41115983872,80915.6903086475,22.65064383552337,1.0,0.125806251735362,28.883727350164573,1.5387405312719782,0.7610809322459624,0.2389190677540375,9.307125206905488,4.538074819806471,9.307125206905488,0.8167307235441548,0.8167307235441548,False,background_gradient_dominates,73,75,-249.90862586970204,-245.784824072649,0.9,250.45239068533564,49265.1993565337,15.0
74,77,153,1.0,11.14219553141424,42.08777304122345,-161.2468872330625,52.5,2.0,264.0,264.0,1.0,-45.0,0.0237375133482103,0.5126040906100203,0.4447894179787567,0.3176334072830552,0.3277725159230491,9.46876354766604,7.768170426065162,24.0,24.11049458723757,153,11.14219553141424,42.08777304122345,-161.2468872330625,0.0,0.0,0.0,264.0,264.0,1.0,-45.0,0.0237375133482103,0.5126040906100203,0.4447894179787567,new_non_BB86,not_matched,not_matched,,,136,,209.0055499715837,209.0055499715837,24.05311276693752,24.05311276693752,new_candidate,table_fits,True,ok,52,54,2,-163.308788131589,-159.18498633453598,1.0,1.0,1.0,35.36090086369828,True,243,0.84567672471868,201.5438091410975,4.3704614316430135,0.7390140845070423,1.2773239436619717,0.6769014084507041,11.169936537674594,7,49,56,"0.662,0.645,0.784,0.869,0.811,0.770,0.728",False,1082.857142857142,2803.000000000004,1091,1.0,1.0,3.062259076308273,66254.18185092486,39068.50414420229,27185.677706722563,12.865131489601652,0.0780168269100639,164.9020089529185,66233.19730096735,39040.52474425896,14.70517073008592,1.0,0.0895993016890793,18.9462380929756,0.9333701967982626,0.7941891516410329,0.2058108483589671,4.159480195606541,0.3004525013068363,4.159480195606541,0.8214244620311286,0.8214244620311286,False,background_gradient_dominates,52,54,-163.308788131589,-159.18498633453598,1.0,264.0,54739.11039614856,135.0
76,76,152,1.0,9.831487786241803,40.63766796861724,-499.3986345914085,134.5,2.0,264.0,264.0,1.0,45.0,0.0242697669880948,0.5120614815263276,0.4654995969095792,0.3155214603846949,0.3226972658173448,7.571075620240806,7.74749373433584,24.0,24.11049458723757,152,9.831487786241803,40.63766796861724,-499.3986345914085,0.0,0.0,0.0,264.0,264.0,1.0,45.0,0.0242697669880948,0.5120614815263276,0.4654995969095792,new_non_BB86,not_matched,not_matched,,,7,,549.4091481837129,549.4091481837129,42.09863459140848,42.09863459140848,new_candidate,table_fits,True,ok,135,137,2,-505.5843372869881,-501.46053548993495,1.0,1.0,1.0,43.63567607134701,True,248,0.8300548221046339,115.43817583741736,3.719541643951501,0.7183098591549295,1.2980281690140845,0.6561971830985915,5.971559471789638,7,132,139,"0.728,0.882,0.801,0.819,0.761,0.760,0.760",False,2098.000000000014,1313.8571428571163,1091,1.0,1.0,7.393446096697246,23883.917329721065,13976.006153681608,9907.911176039455,10.416520431321086,0.1046112445499188,99.57362113544576,23862.932779763563,13948.026753738275,9.614685877034017,1.0,0.1870888345214948,12.891926166223971,1.054023037238332,0.7893912789506837,0.2106087210493163,0.428748831925297,3.732373782523819,3.732373782523819,0.8033305020494431,0.8033305020494431,False,background_gradient_dominates,135,137,-505.5843372869881,-501.46053548993495,1.0,264.0,54739.11039614856,45.0
77,81,160,6.0,10.05454399461143,40.64536400988256,-581.8746705324686,154.5,2.0,319.0,287.1,0.9,-45.0,0.0226975483994401,0.536987177377921,0.4154166268876732,0.3090418806635004,0.329240932017007,7.920892916888359,7.744987468671678,24.0,24.11049458723757,"159,160,236,320,466,1167",10.052803088746897,40.64556274348394,-581.8746705324686,2.833811731393583,19.00803114399672,8.164679201780281,339.5,305.55,0.9,-90.0,0.0229300658551362,0.536987177377921,0.4154166268876732,new_non_BB86,not_matched,not_matched,,,6,,240.79464074760608,240.79464074760608,9.074670532468645,9.074670532468645,new_candidate,table_fits,True,ok,155,157,2,-588.060373228048,-583.9365714309951,1.0,1.0,1.0,27.464638834676823,True,309,0.9145796833263624,100.15142211990154,4.891197261796224,0.7183098591549295,1.1530985915492955,1.0288732394366198,5.069019413185768,7,152,159,"0.739,0.793,0.880,0.972,0.803,0.740,0.804",False,1923.857142857141,1320.28571428571,1431,1.0,1.0,7.08339764514741,21993.575014254333,12588.793024622351,9404.781989631982,7.315526583563991,0.07540558670774,97.01571067827904,21971.776627915664,12559.728509504126,8.006808302146272,1.0,0.2702397329095898,10.976189898547323,1.4770546327575171,0.8011426259155899,0.19885737408441,0.0010229005342638,-0.521924689669862,0.0010229005342638,0.7639790964356936,0.7639790964356936,False,background_gradient_dominates,155,157,-588.060373228048,-583.9365714309951,0.9,302.6299720781139,71930.61225493897,135.0
78,82,161,1.0,11.113222829060156,41.87105765947718,-111.76126566842647,40.5,2.0,264.0,237.6,0.9,-25.0,0.022617492115917,0.5093999865483573,0.4322838627340311,0.3121382665763794,0.3290557473615062,11.365009463827008,7.726190476190476,24.0,24.11049458723757,161,11.113222829060156,41.87105765947718,-111.76126566842647,0.0,0.0,0.0,264.0,237.6,0.9,-25.0,0.022617492115917,0.5093999865483573,0.4322838627340311,new_non_BB86,not_matched,not_matched,,,122,,77.19576740289065,77.19576740289065,28.13873433157353,28.13873433157353,new_candidate,table_fits,True,ok,40,42,2,-113.823166566953,-109.6993647699,1.0,1.0,1.0,77.56231824021806,True,227,0.8563450580231678,245.900074458619,4.277472890544226,0.7804225352112675,1.256619718309859,1.0495774647887324,15.353500549886064,7,37,44,"0.714,0.725,0.761,0.815,0.854,0.717,0.695",True,1103.8571428571458,2579.999999999991,980,1.0,1.0,4.8797901582689445,103896.10407120164,64042.48596206838,39853.61810913328,15.344264770948822,0.0768554521507624,199.65095958122745,103875.44141348668,64014.93575178172,18.59957953934095,1.0,0.092685155113786,22.23664296873981,0.6235265420047085,0.787760773487253,0.2122392265127469,1.6208452640431927,5.3343396829700085,5.3343396829700085,0.1287691861606559,0.1287691861606559,False,foreground_confusion_velocity;low_v9_final_score,40,42,-113.823166566953,-109.6993647699,0.9,250.45239068533564,49265.1993565337,155.0
80,87,177,1.0,9.989661447883922,40.58262124727551,-553.0080579530975,147.5,2.0,319.0,287.1,0.9,45.0,0.0212882144609211,0.5344618412054865,0.3939423697732029,0.3060842915129046,0.3303305940087329,8.813521969157543,7.663533834586467,24.0,24.11049458723757,177,9.989661447883922,40.58262124727551,-553.0080579530975,0.0,0.0,0.0,319.0,287.1,0.9,45.0,0.0212882144609211,0.5344618412054865,0.3939423697732029,new_non_BB86,not_matched,not_matched,,,2,,192.30641092810183,192.30641092810183,0.9080579530974546,0.9080579530974546,new_candidate,table_fits,True,ok,147,149,2,-555.069958851624,-550.946157054571,1.0,1.0,1.0,42.1823380693859,True,324,0.9822336848967036,245.7590944355773,5.188760593312344,0.6769014084507041,1.0288732394366198,0.5733802816901408,12.109567062364894,7,144,151,"0.725,0.806,0.806,0.882,0.961,0.838,0.884",False,1975.000000000004,1256.142857142857,1430,1.0,1.0,7.1853010216722,83209.58152002243,32122.86239048006,51086.71912954237,18.97710008442982,0.0839546899028484,226.0397853459996,83187.78523085266,32093.800671587043,17.78805493378634,1.0,0.0110844627108424,22.40507295383197,1.0633910840933232,0.862565161484307,0.1374348385156931,3.4104511762358256,3.7147878177223808,3.7147878177223808,0.8419753727387158,0.8419753727387158,False,background_gradient_dominates,147,149,-555.069958851624,-550.946157054571,0.9,302.6299720781139,71930.61225493897,45.0
81,84,165,1.0,10.184376122621789,40.90726934060041,-532.3890489678325,142.5,2.0,319.0,255.2,0.8,40.0,0.0221043271456279,0.5049141436220969,0.4109380086811753,0.3161462643861401,0.3369732267717401,10.61864104716416,7.662280701754386,24.0,24.11049458723757,165,10.184376122621789,40.90726934060041,-532.3890489678325,0.0,0.0,0.0,319.0,255.2,0.8,40.0,0.0221043271456279,0.5049141436220969,0.4109380086811753,new_non_BB86,not_matched,not_matched,,,26,,155.01013403032397,155.01013403032397,19.71095103216749,19.71095103216749,new_candidate,table_fits,True,ok,142,144,2,-534.450949866359,-530.3271480693061,1.0,1.0,1.0,48.2665034464287,True,292,0.7684766017355243,234.79103814276465,4.556438513840589,0.6976056338028169,1.4222535211267604,0.6976056338028169,11.181882674670623,7,139,146,"0.672,0.683,0.750,0.914,0.724,0.717,0.706",False,1821.0000000000027,1588.999999999995,1259,1.0,1.0,1.754035395440033,107424.10289121718,72736.75826974922,34687.34462146796,16.078856852463062,0.0863226890327961,186.26455028937184,107402.68867211504,72708.20597761303,15.71390395320136,1.0,0.0814908351905408,22.118353017297984,0.5696318852243056,0.801941944258167,0.1980580557418329,4.494476363766426,-3.624115854445737,4.494476363766426,0.8601581442573286,0.8601581442573286,True,ok,142,144,-534.450949866359,-530.3271480693061,0.7999999999999999,285.3222739289732,63938.32200439018,40.0
83,88,178,1.0,10.165720590080303,40.825516463474194,-553.0080579530975,147.5,2.0,319.0,287.1,0.9,45.0,0.0209178142416573,0.5097207294735397,0.4333706176597091,0.2994903814007845,0.3161852920884383,10.568336982671113,7.63157894736842,24.0,24.11049458723757,178,10.165720590080303,40.825516463474194,-553.0080579530975,0.0,0.0,0.0,319.0,287.1,0.9,45.0,0.0209178142416573,0.5097207294735397,0.4333706176597091,new_non_BB86,not_matched,not_matched,,,24,,71.82722557633922,71.82722557633922,7.3919420469025,7.3919420469025,new_candidate,table_fits,True,ok,147,149,2,-555.069958851624,-550.946157054571,1.0,1.0,1.0,56.78102222937161,True,320,0.9125672989332,238.57763840687508,4.3704614316430135,0.6354929577464788,1.1530985915492955,0.4905633802816901,10.185738727158151,7,144,151,"0.728,0.784,0.761,0.856,0.937,0.905,0.783",False,1836.0000000000032,1504.999999999985,1431,1.0,1.0,6.262317918222211,75045.74666690847,28701.98858446318,46343.75808244529,16.063652212105474,0.0746130211387785,215.29288007554945,75023.94828056979,28672.924069344957,16.613134819704122,1.0,1.1646542943676377e-12,24.972142515639355,1.0419241414136546,0.8323975458259836,0.1676024541740164,4.116065766576638,5.150781905338322,5.150781905338322,0.8480757230143087,0.8480757230143087,False,background_gradient_dominates,147,149,-555.069958851624,-550.946157054571,0.9,302.6299720781139,71930.61225493897,45.0
84,85,169,1.0,10.17708362500391,41.01918531553081,-437.5416076356135,119.5,2.0,264.0,211.2,0.8,40.0,0.0218508843370882,0.5026923845746433,0.4510739807526056,0.3049165554483611,0.3160370000655362,8.080101283242662,7.614035087719298,24.0,24.11049458723757,169,10.17708362500391,41.01918531553081,-437.5416076356135,0.0,0.0,0.0,264.0,211.2,0.8,40.0,0.0218508843370882,0.5026923845746433,0.4510739807526056,new_non_BB86,not_matched,not_matched,,,30,,158.54592788535683,158.54592788535683,13.24160763561349,13.24160763561349,new_candidate,table_fits,True,ok,119,121,2,-439.60350853414,-435.479706737087,1.0,1.0,1.0,31.458133921283554,True,195,0.7953284419892345,165.6813016308573,3.5893576864131984,0.7597183098591549,1.3601408450704224,0.7597183098591549,9.568124861207492,7,116,123,"0.726,0.761,0.857,0.792,0.806,0.739,0.663",False,1825.9999999999995,1704.1428571428528,870,1.0,1.0,1.5634749222396456,49377.039564456434,31852.078930500546,17524.960633955892,11.75376770822168,0.0887696949424198,132.40743607202575,49356.73408482149,31825.004957653942,13.551253945974269,1.0,0.1062304910847867,18.80480556892758,0.8821989065292466,0.7682892734201482,0.2317107265798517,2.1143763409236,6.750832227133492,6.750832227133492,0.8099542507643855,0.8099542507643855,False,background_gradient_dominates,119,121,-439.60350853414,-435.479706737087,0.7999999999999999,236.1287784239778,43791.28831691884,40.0
85,55,112,5.0,10.249249180902709,40.627518996612125,-507.64623818551456,136.5,2.0,264.0,211.2,0.8,-90.0,0.0303434924514267,0.4391075851176613,0.497320456434919,0.3725090956541255,0.373010812735272,8.826614929306967,7.573934837092732,24.0,24.11049458723757,"112,197,206,252,370",10.252204846452942,40.623252096309066,-499.3986345914085,4.809137980498545,26.6560739874158,20.83914821020449,300.0,270.0,0.9,63.06027312960572,0.0303434924514267,0.4874430668750579,0.497320456434919,new_non_BB86,not_matched,not_matched,,,13,,107.15860744979786,107.15860744979786,42.04623818551454,42.04623818551454,new_candidate,table_fits,True,ok,137,139,2,-513.8319408810939,-509.708139084041,1.0,1.0,1.0,85.59470279242439,True,190,0.7168894437572477,143.8606916170806,12.776625546973406,1.1530985915492955,1.5257746478873238,0.883943661971831,3.977734967851446,7,134,141,"0.728,0.750,0.722,0.739,0.706,0.683,0.683",False,1771.999999999999,1301.0000000000036,869,1.0,1.0,7.595889651482039,101116.00261025791,98727.68674258052,2388.315867677404,5.484581585936986,0.1120684068253493,48.9395873583205,101095.70058088213,98700.61737007946,4.80987841198886,0.6989247311827957,0.4958412726696727,17.573849619764175,5.3947164540409815,0.4839883142668705,0.5160116857331295,12.560853915387472,0.2612180637871255,12.560853915387472,0.6908590942062802,0.6908590942062802,False,background_gradient_dominates;diffuse_growth_tail,137,139,-513.8319408810939,-509.708139084041,0.7999999999999999,236.1287784239778,43791.28831691884,90.0
87,99,198,3.0,10.72088636169209,41.04543822097156,-367.4369770857125,102.5,2.0,300.0,285.0,0.95,75.0,0.0181046607242832,0.5013976613427462,0.3864518458093808,0.2925116809084081,0.3194254293864659,15.868405772921728,7.536967418546366,24.0,24.11049458723757,"198,224,259",10.721070692424496,41.045762236574056,-367.4369770857125,1.943978809976954,4.031155206914507,3.500000409331725,319.0,287.1,0.9,54.55330267543454,0.0181046607242832,0.5013976613427462,0.3864518458093808,new_non_BB86,not_matched,not_matched,,,43,,53.21259468117518,53.21259468117518,19.863022914287512,19.863022914287512,new_candidate,table_fits,True,ok,102,104,2,-369.498877984239,-365.375076187186,1.0,1.0,1.0,40.414531739398825,True,281,0.8832051492810444,242.9945033875526,6.081450587860704,0.7390140845070423,1.2152112676056337,0.6769014084507041,12.744286781224924,7,99,106,"0.706,0.728,0.883,0.850,0.861,0.706,0.683",False,1404.0000000000014,1730.0000000000152,1335,1.0,1.0,7.1853010216722,145008.20074123712,90917.16890203633,54091.031839200805,15.161950783251251,0.0651873851307199,232.5902588797981,144986.61068152462,90888.38215575296,18.87862760285884,1.0,0.0783368562917052,23.072521655395917,0.2315756134136909,0.7573824657126857,0.2426175342873143,-0.4781235627775951,2.684505680486412,2.684505680486412,0.8915108331058258,0.8915108331058258,True,ok,102,104,-369.498877984239,-365.375076187186,0.95,292.4038303442689,67151.54297048182,75.0
88,96,191,3.0,11.228707413846491,41.96183396498236,-74.6470494949495,31.5,2.0,264.0,264.0,1.0,-90.0,0.019128152754296,0.494159858164895,0.4133328984287088,0.2964866853492297,0.3158641953011818,14.607382244174428,7.5357142857142865,24.0,24.11049458723757,"191,272,314",11.228264084803236,41.96095631560273,-78.7708512920025,1.943978809976968,6.500475697351587,4.610175807401312,300.0,270.0,1.0,78.10301155650154,0.019128152754296,0.494159858164895,0.4133328984287088,new_non_BB86,not_matched,not_matched,,,140,,210.0338833938493,210.0338833938493,13.047049494949498,13.047049494949498,new_candidate,table_fits,True,ok,31,33,2,-76.708950393476,-72.585148596423,1.0,1.0,1.0,77.78519332539418,True,248,0.8247214342768547,340.1891834419366,4.686622471378891,0.8011267605633803,1.318732394366197,0.6769014084507041,20.440913731837068,7,28,35,"0.480,0.684,0.706,0.769,0.871,0.983,0.984",True,1015.9999999999878,2673.857142857154,1091,1.0,1.0,7.493945523772087,220850.92257165335,141711.43649917655,79139.48607247684,18.83988236534493,0.0669672371817701,281.32984363992153,220829.93802169588,141683.4570992332,24.816223133290865,1.0,0.1778495357324588,30.587727243115086,0.0454389871136545,0.7554309360679138,0.2445690639320862,3.909772374263408,4.748999031015425,4.748999031015425,0.1379826484595605,0.1379826484595605,False,foreground_confusion_velocity;low_v9_final_score,31,33,-76.708950393476,-72.585148596423,1.0,264.0,54739.11039614856,90.0
89,95,190,2.0,10.019985209821485,40.98935640333051,-412.7987968532954,113.5,2.0,319.0,287.1,0.9,-30.0,0.0192470031475418,0.5235044363945086,0.3889931524146979,0.2952843017359926,0.3200813981897517,9.877756530177948,7.530701754385965,24.0,24.11049458723757,"190,338",10.019438815962523,40.98879766573837,-412.7987968532954,0.0,5.000209118335051,2.500104559167525,339.5,314.55,0.925,-12.5,0.0192470031475418,0.5235044363945086,0.3889931524146979,new_non_BB86,not_matched,not_matched,,,27,,151.81039140035972,151.81039140035972,11.501203146704595,11.501203146704595,new_candidate,table_fits,True,ok,113,115,2,-414.860697751822,-410.736895954769,1.0,1.0,1.0,51.66914919680083,True,328,0.9715597770637744,268.38637895913587,5.430530800169191,0.6769014084507041,1.0495774647887324,0.946056338028169,12.685259383807471,7,110,117,"0.683,0.683,0.683,0.826,0.995,0.929,0.817",False,1948.1428571428617,1674.2857142856951,1427,1.0,1.0,7.08339764514741,81827.84263445486,24695.280534873407,57132.56209958145,18.597876929557103,0.0778025649612942,239.0393804986932,81806.05264560244,24666.2272164035,18.422073685599,1.0,0.1526841483549202,23.40750640005517,0.9919364907047272,0.875876064209478,0.1241239357905221,4.288620252847227,6.725149462869345,6.725149462869345,0.834801936384192,0.834801936384192,False,background_gradient_dominates,113,115,-414.860697751822,-410.736895954769,0.9,302.6299720781139,71930.61225493897,150.0
91,100,200,2.0,10.052622812905906,40.67424469504065,-577.7508687354155,153.5,2.0,300.0,300.0,1.0,-90.0,0.0180285530820311,0.5106243797054183,0.396866852044451,0.2873186290880358,0.3096354768778424,11.878242816569117,7.503759398496239,24.0,24.11049458723757,"200,231",10.05234811936111,40.67424317811091,-577.7508687354155,0.0,1.5000525702004812,0.7500262851002406,309.5,293.55,0.95,75.0,0.0180285530820311,0.5106243797054183,0.396866852044451,new_non_BB86,not_matched,not_matched,,,12,,248.1483177408894,248.1483177408894,0.8508687354154745,0.8508687354154745,new_candidate,table_fits,True,ok,153,155,2,-579.812769633942,-575.688967836889,1.0,1.0,1.0,43.53391126277515,True,314,0.9279246758071727,193.3892458901608,6.230232253618764,0.7183098591549295,1.1323943661971831,0.8425352112676057,9.223841663053925,7,150,157,"0.828,0.795,0.773,0.938,0.883,0.761,0.717",False,1925.142857142843,1350.0000000000114,1400,1.0,1.0,7.1853010216722,46074.40768747594,20253.71458345814,25820.6931040178,12.566826167465267,0.0781953171976698,160.7107256269273,46052.67500492913,20224.737673395724,12.256562759289046,1.0,0.2574339968034684,16.547482950476816,1.343430199465655,0.8363501408697812,0.1636498591302188,4.359960764889525,3.1085971484340877,4.359960764889525,0.8073646613018902,0.8073646613018902,False,background_gradient_dominates,153,155,-579.812769633942,-575.688967836889,1.0,300.0,70685.83470577035,90.0
96,110,219,2.0,11.241804718269677,41.51369125786225,-165.3706890301155,53.5,2.0,300.0,285.0,0.95,-85.0,0.0160214837905842,0.4923759860288662,0.3836340595408298,0.2786382139246257,0.3044023747002861,21.33005623470726,7.4223057644110275,24.0,24.11049458723757,"219,292",11.242449718429356,41.513202031593146,-165.3706890301155,0.0,4.94975863156261,2.474879315781305,309.5,286.05,0.925,70.0,0.0160214837905842,0.4923759860288662,0.3836340595408298,new_non_BB86,not_matched,not_matched,,,91,,52.77521590262121,52.77521590262121,7.529310969884506,7.529310969884506,new_candidate,table_fits,True,ok,53,55,2,-167.43258992864202,-163.308788131589,1.0,1.0,1.0,65.85836497059069,True,296,0.8710547130774777,353.411177677057,5.337542259070404,0.7390140845070423,1.2359154929577465,0.8632394366197182,18.61417310058508,7,50,57,"0.717,0.717,0.739,0.860,0.895,0.806,0.692",False,1003.0000000000002,2212.999999999996,1337,1.0,1.0,6.56941807695744,208340.91426953365,111092.22494950358,97248.68932003008,24.166540987402133,0.077491941621393,311.8587621081172,208319.31971880235,111063.43221519518,25.407371114379792,1.0,0.1758052019029601,32.412764191718374,0.276682944315309,0.7846291288822463,0.2153708711177537,8.01255909703914,15.452915474615192,15.452915474615192,0.8950962974638432,0.8950962974638432,True,ok,53,55,-167.43258992864202,-163.308788131589,0.95,292.4038303442689,67151.54297048182,95.0
97,106,211,3.0,11.02159342713846,41.363843327282886,-256.0943285652815,75.5,2.0,319.0,287.1,0.9,45.0,0.0168107370813771,0.5096330023974518,0.3907515339100381,0.2786255625854495,0.3029755356919677,12.531556313482293,7.412907268170426,24.0,24.11049458723757,"211,451,792",11.018637498576778,41.36482409128502,-256.0943285652815,0.0,18.848187899167304,7.3824465061969535,360.0,342.0,0.95,32.81314978763069,0.0168107370813771,0.5096330023974518,0.3907515339100381,new_non_BB86,not_matched,not_matched,,,66,,130.68190607109702,130.68190607109702,15.70567143471851,15.70567143471851,new_candidate,table_fits,True,ok,75,77,2,-258.156229463808,-254.03242766675496,1.0,1.0,1.0,52.680643697236405,True,320,0.9492303141408258,338.9328329569816,5.411933091949434,0.6769014084507041,1.0909859154929578,0.6769014084507041,15.335223649009462,7,72,79,"0.682,0.695,0.784,0.916,0.949,0.750,0.694",False,1171.9999999999986,2058.000000000001,1431,1.0,1.0,7.288671010584817,150338.8465800263,59855.08174049591,90483.76483953038,18.769744910706827,0.0623958351960623,300.81727172539473,150317.04819368763,59826.01722537768,22.92783901714944,1.0,1.2089909342434926e-13,30.00604535473894,0.6760245404007842,0.8413955803037381,0.158604419696262,2.6219909260114607,-7.328208832820478,2.6219909260114607,0.8553268031068272,0.8553268031068272,True,ok,75,77,-258.156229463808,-254.03242766675496,0.9,302.6299720781139,71930.61225493897,45.0
98,104,208,1.0,9.98093619471502,40.941205282566266,-429.2940040415075,117.5,2.0,300.0,300.0,1.0,-90.0,0.0169324642888527,0.5020166372571282,0.3860747697625126,0.2831531717764519,0.3085383879886981,12.858234375363969,7.405388471177944,24.0,24.11049458723757,208,9.98093619471502,40.941205282566266,-429.2940040415075,0.0,0.0,0.0,300.0,300.0,1.0,-90.0,0.0169324642888527,0.5020166372571282,0.3860747697625126,new_non_BB86,not_matched,not_matched,,,23,,131.99660951645984,131.99660951645984,15.705995958492508,15.705995958492508,new_candidate,table_fits,True,ok,117,119,2,-431.355904940034,-427.232103142981,1.0,1.0,1.0,30.31822607230462,True,314,0.9056278177356756,213.21520759940185,6.230232253618764,0.7183098591549295,1.1738028169014083,0.6769014084507041,10.5513605693122,7,114,121,"0.683,0.683,0.750,0.894,0.850,0.873,0.823",False,1978.857142857143,1625.0000000000048,1400,1.0,1.0,7.1853010216722,67448.37976903105,33055.61978630286,34392.75998272819,14.33393149364536,0.0772833744640069,185.47238125997032,67426.64708648424,33026.64287624045,14.334161145415273,1.0,0.290774790332373,19.64305795636803,1.1488427160322248,0.820226998680989,0.179773001319011,3.6526420518669287,7.309126890673474,7.309126890673474,0.8047069649231251,0.8047069649231251,False,background_gradient_dominates,117,119,-431.355904940034,-427.232103142981,1.0,300.0,70685.83470577035,90.0
101,108,213,6.0,11.255932572256272,41.49612203208148,-202.4849052035925,62.5,2.0,319.0,303.05,0.95,-45.0,0.0163763610835289,0.5044760192062872,0.3797145092972649,0.278823965719504,0.3066123098737651,13.072403283098168,7.375939849624061,24.0,24.11049458723757,"213,378,459,470,515,805",11.257142448893957,41.49312984564194,-204.5468061021189,3.073700381315437,25.480422378720768,14.187778094376332,360.0,352.26,0.95,-63.77121269215605,0.0163763610835289,0.5044760192062872,0.3797145092972649,new_non_BB86,not_matched,not_matched,,,93,,69.44038990090118,69.44038990090118,21.384905203592496,21.384905203592496,new_candidate,table_fits,True,ok,62,64,2,-204.546806102119,-200.423004305066,1.0,1.0,1.0,69.85592065072032,True,352,0.9270603449526575,356.19874171458224,5.486323924828464,0.6976056338028169,1.1323943661971831,0.5526760563380282,16.63766268140194,7,59,66,"0.706,0.717,0.839,0.884,0.927,0.784,0.750",False,992.0000000000098,2194.999999999993,1493,1.0,1.0,7.08339764514741,208533.8048599689,94801.4659224142,113732.33893755468,23.159414679571,0.0686707261944001,337.25309113535457,208511.87923157628,94772.23175122406,25.591388754754654,1.0,0.0753623853482863,33.51576085648169,1.4496378273766333,0.8161156103376696,0.1838843896623304,4.103847847891743,2.33622250497767,4.103847847891743,0.8271657891736321,0.8271657891736321,False,background_gradient_dominates,62,64,-204.546806102119,-200.423004305066,0.9500000000000001,310.92273959940593,75926.75738021336,135.0
103,101,201,2.0,11.367783556500031,41.761919920978734,-78.7708512920025,32.5,2.0,319.0,255.2,0.8,-45.0,0.0180093547428489,0.5003862050691859,0.4156319199664546,0.2846251757526745,0.3042360117636762,6.812574590030719,7.365914786967419,24.0,24.11049458723757,"201,344",11.367778382248884,41.76143380709135,-80.832752190529,2.0619008985265026,3.500130306133244,1.7500651530666218,319.0,255.2,0.8,-45.0,0.0180093547428489,0.5003862050691859,0.4156319199664546,new_non_BB86,not_matched,not_matched,,,129,,83.36386886730115,83.36386886730115,3.4291487079974985,3.4291487079974985,new_candidate,table_fits,True,ok,33,35,2,-84.95655398758201,-80.83275219052899,1.0,1.0,1.0,40.450322071136725,True,296,0.7672571530861988,138.9521743808589,4.296070598763984,0.7390140845070423,1.4222535211267604,0.6147887323943662,6.7017922872124,7,30,37,"0.712,0.750,0.935,0.823,0.736,0.695,0.695",True,907.999999999988,2469.0000000000155,1279,1.0,1.0,6.56941807695744,37313.95770040656,24786.745471190425,12527.212229216131,15.815191867315477,0.1412613258285785,111.9569830918004,37292.49619900182,24758.13013598411,10.08515617192542,1.0,0.1661796505710213,12.590373288953952,0.7131330199816305,0.7476074490373945,0.2523925509626055,6.868317228476179,11.1576943002705,11.1576943002705,0.1241680453523904,0.1241680453523904,False,foreground_confusion_velocity;low_v9_final_score,33,35,-84.95655398758201,-80.83275219052899,0.7999999999999999,285.3222739289732,63938.32200439018,135.0
104,103,205,2.0,10.388751452913873,41.23089839186892,-404.5511932591895,111.5,2.0,264.0,264.0,1.0,45.0,0.017669527256137,0.4838867070315616,0.4257450982261064,0.2849150596704631,0.3010344349806692,13.087216285861436,7.3276942355889725,24.0,24.11049458723757,"205,354",10.390132490783468,41.23180469815017,-404.5511932591895,0.0,9.924772120025503,4.9623860600127525,282.0,267.0,0.95,60.0,0.017669527256137,0.4838867070315616,0.4257450982261064,new_non_BB86,not_matched,not_matched,,,42,,71.68801299825353,71.68801299825353,0.8511932591895288,0.8511932591895288,new_candidate,table_fits,True,ok,111,113,2,-406.613094157716,-402.489292360663,1.0,1.0,1.0,51.58851777364029,True,248,0.7801277181338429,263.4744088648636,4.686622471378891,0.7804225352112675,1.4015492957746478,0.7597183098591549,15.02176868588776,7,108,115,"0.672,0.672,0.683,0.728,0.869,0.773,0.739",False,1661.000000000003,1921.1428571428603,1091,1.0,1.0,1.6551356810238331,158499.8131380597,116906.04444307844,41593.76869498126,13.242845836944491,0.0649277977401533,203.96265232872213,158478.8285881022,116878.0650431351,19.10939391165769,1.0,0.0760275285761529,24.15103907561044,1.449196274928783,0.7401697981677229,0.2598302018322771,-2.000323274819116,-3.7145952233737383,-2.000323274819116,0.7711536268579965,0.7711536268579965,False,background_gradient_dominates,111,113,-406.613094157716,-402.489292360663,1.0,264.0,54739.11039614856,45.0
106,109,216,2.0,10.63150047910878,40.90417962309411,-375.6845806798185,104.5,2.0,319.0,319.0,1.0,-90.0,0.0161067633513188,0.5123833279564157,0.3733023390133518,0.2763749256361563,0.3046870092571672,9.888020918185752,7.307644110275689,24.0,24.11049458723757,"216,622",10.63113284024552,40.90431834317664,-377.746481578345,2.061900898526517,2.2360734565172096,1.1180367282586048,339.5,330.5,0.975,-90.0,0.0161067633513188,0.5123833279564157,0.3733023390133518,new_non_BB86,not_matched,not_matched,,,36,,45.878843368603896,45.878843368603896,3.3154193201814905,3.3154193201814905,new_candidate,table_fits,True,ok,104,106,2,-377.746481578345,-373.622679781292,1.0,1.0,1.0,38.70050023345991,True,369,0.9618730246034576,338.22514829513386,7.253106205705428,0.7183098591549295,1.070281690140845,0.9874647887323944,16.12133183851958,7,101,108,"0.728,0.739,0.717,0.838,0.929,0.884,0.883",False,1473.42857142857,1584.7142857142962,1587,1.0,1.0,7.08339764514741,139600.75365667988,59361.23069664198,80239.5229600379,18.258444494905923,0.064453968664949,283.27882476591566,139578.6448545183,59331.75229375987,20.835906873794286,1.0,0.1172432565918367,25.212382540145416,0.6455974481020409,0.858311322017807,0.1416886779821929,3.0090646022429213,9.993018937034108,9.993018937034108,0.8653165220746203,0.8653165220746203,True,ok,104,106,-377.746481578345,-373.622679781292,1.0,319.0,79922.90250548774,90.0
107,112,226,6.0,10.984829053216265,41.29699958708119,-260.21813036233453,76.5,2.0,319.0,287.1,0.9,45.0,0.0153003635617537,0.5000614051699336,0.3842590738581376,0.2691717188906324,0.2958181754098299,12.463365416304878,7.248120300751879,24.0,24.11049458723757,"226,253,424,520,771,894",10.981551508573522,41.29446168752757,-264.3419321593875,2.833811731393558,27.285731928795297,14.591035465610815,360.0,305.55,0.9,53.56621342581849,0.0153003635617537,0.5000614051699336,0.3842590738581376,new_non_BB86,not_matched,not_matched,,,65,,128.7600389065427,128.7600389065427,15.681869637665445,15.681869637665445,new_candidate,table_fits,True,ok,76,78,2,-262.28003126086105,-258.156229463808,1.0,1.0,1.0,67.38861597469362,True,325,0.9277286174039274,320.9785742860629,6.007059754981674,0.6976056338028169,1.1323943661971831,0.9046478873239436,14.636354415913203,7,73,80,"0.723,0.783,0.906,0.850,0.961,0.728,0.672",False,1200.1428571428637,1989.1428571428537,1427,1.0,1.0,7.1853010216722,158886.05588291175,74403.24453465054,84482.81134826121,19.59687191940393,0.0674192484883237,290.67176450057707,158864.26589405932,74374.19121618064,22.050642667485203,1.0,0.0988681949667286,30.08299241577807,1.05046967058381,0.8197525756281674,0.1802474243718325,9.898441151382436,13.726228170513084,13.726228170513084,0.8317092944436758,0.8317092944436758,False,background_gradient_dominates,76,78,-262.28003126086105,-258.156229463808,0.9,302.6299720781139,71930.61225493897,45.0
108,111,220,2.0,11.078296571630302,41.31505278008097,-264.3419321593875,77.5,2.0,319.0,255.2,0.8,40.0,0.0157854621211374,0.4952274525039269,0.3936463135405562,0.2733189442397172,0.2962624881060183,10.79558089845681,7.239348370927318,24.0,24.11049458723757,"220,533",11.078389030043835,41.31505246541667,-262.28003126086105,2.0619008985264884,0.5000066556338774,0.2500033278169387,350.9,242.44,0.7,32.5,0.0157854621211374,0.4952274525039269,0.3936463135405562,new_non_BB86,not_matched,not_matched,,,66,,112.7308418228037,112.7308418228037,7.4580678406125,7.4580678406125,new_candidate,table_fits,True,ok,77,79,2,-266.403833057914,-262.28003126086105,1.0,1.0,1.0,54.899134444853374,True,294,0.8799608920930542,237.36432858659907,4.556438513840589,0.6769014084507041,1.2152112676056337,0.6976056338028169,11.600765616150566,7,74,81,"0.672,0.717,0.757,0.847,0.848,0.794,0.728",False,1128.0000000000005,2007.9999999999905,1259,1.0,1.0,7.493945523772087,87113.99899610672,46420.22599373932,40693.7730023674,14.8537726156383,0.0736265932639234,201.74466802223407,87092.58477700458,46391.67370160314,17.172378343273838,1.0,0.1712868973780222,22.90723551760054,0.7391291143035166,0.8351982084152482,0.1648017915847518,19.71162886493417,9.5403300638918,19.71162886493417,0.8400798632590681,0.8400798632590681,True,ok,77,79,-266.403833057914,-262.28003126086105,0.7999999999999999,285.3222739289732,63938.32200439018,40.0
109,102,204,3.0,11.341248288293563,42.09752168692462,-82.89465308905551,33.5,2.0,319.0,287.1,0.9,45.0,0.0176821195611176,0.4983205978012551,0.3589092168136237,0.2952826041092997,0.3348135382803485,6.470599642080322,7.228696741854637,24.0,24.11049458723757,"204,566,962",11.343362941420766,42.096861562641074,-87.01845488610851,1.943978809976968,11.068039983103828,7.382413008757935,382.8,348.0,0.9,35.44669732456546,0.0176821195611176,0.4983205978012551,0.3589092168136237,new_non_BB86,not_matched,not_matched,,,140,,365.7847059164252,365.7847059164252,21.294653089055508,21.294653089055508,new_candidate,table_fits,True,ok,34,36,2,-89.080355784635,-84.95655398758201,1.0,1.0,1.0,35.06099623294958,True,320,0.8613862683755474,182.01407173989745,6.8253589166510045,0.8011267605633803,1.256619718309859,0.6769014084507041,9.201566338623984,7,31,38,"0.782,0.828,0.845,0.906,0.806,0.694,0.717",True,931.0000000000095,2813.999999999986,1431,1.0,1.0,5.33765218752792,79719.60662265688,52294.069307125326,27425.537315531557,20.40066492686161,0.1231712154050731,165.62851036071984,79697.8082363182,52265.0047920071,13.558731083574948,0.9877300613496932,0.1153462274611222,18.03556291885772,1.0423602886656862,0.7510638332442137,0.2489361667557863,11.209884214149335,4.458215988215173,11.209884214149335,0.1222056482957164,0.1222056482957164,False,foreground_confusion_velocity;background_gradient_dominates;low_v9_final_score,34,36,-89.080355784635,-84.95655398758201,0.9,302.6299720781139,71930.61225493897,45.0
111,113,227,5.0,11.174892500680716,41.93498647907273,-91.14225668316148,35.5,2.0,300.0,285.0,0.95,-75.0,0.0152910313140469,0.4918050389913536,0.3783595126055354,0.2735961689329556,0.3003510360355559,13.42758200303169,7.224310776942356,24.0,24.11049458723757,"227,284,480,655,820",11.169658486951745,41.934174853034,-95.2660584802145,3.6884404575785306,31.19784508721732,15.653398866894108,382.8,363.66,0.95,-54.64506612693515,0.0152910313140469,0.4918050389913536,0.3783595126055354,new_non_BB86,not_matched,not_matched,,,128,,91.51336535524608,91.51336535524608,8.942256683161474,8.942256683161474,new_candidate,table_fits,True,ok,35,37,2,-93.204157581688,-89.080355784635,1.0,1.0,1.0,53.084674179037634,True,300,0.8943535783167971,225.886211050558,6.081450587860704,0.7390140845070423,1.1945070422535211,0.6769014084507041,11.923569584946843,7,32,39,"0.683,0.683,0.695,0.793,0.950,0.951,0.884",True,1056.9999999999982,2645.999999999999,1335,1.0,1.0,5.193581006267206,81709.61742265355,44505.18918253998,37204.42824011357,21.573324411207768,0.1118350038016595,192.903149084416,81688.02736294105,44476.40243625664,15.043388128624844,1.0,0.2898815159857737,22.636081678565983,1.4592949497051029,0.791589596706137,0.2084104032938629,5.858224293024654,-4.373754428867984,5.858224293024654,0.1199067496514009,0.1199067496514009,False,foreground_confusion_velocity;background_gradient_dominates;low_v9_final_score,35,37,-93.204157581688,-89.080355784635,0.95,292.4038303442689,67151.54297048182,105.0
114,121,245,9.0,10.990242366565637,41.26865190293442,-276.7133375505465,80.5,2.0,319.0,287.1,0.9,-45.0,0.0141272091510244,0.4916370121114429,0.3781759257821031,0.2623044242125366,0.289675863176687,16.11063235707723,7.1535087719298245,24.0,24.11049458723757,"245,413,461,616,934,959,1001,1005,1135",10.986377033368337,41.26748917780161,-276.7133375505465,3.88795761995395,25.104879703473884,16.324880287143277,420.0,363.66,0.95,-86.4374918255491,0.0141272091510244,0.4916370121114429,0.3781759257821031,new_non_BB86,not_matched,not_matched,,,63,,78.36515408883282,78.36515408883282,7.48666244945349,7.48666244945349,new_candidate,table_fits,True,ok,80,82,2,-278.775238449073,-274.65143665202,1.0,1.0,1.0,86.66881785540693,True,324,0.9049908284109588,406.3917154692706,5.635105590586524,0.6976056338028169,1.1738028169014083,0.5733802816901408,19.6804418272558,7,77,84,"0.728,0.817,0.906,0.916,0.904,0.773,0.683",False,1195.857142857144,1960.000000000005,1430,1.0,1.0,7.08339764514741,249989.1280656756,116760.75992131482,133228.36814436078,23.188040169618063,0.0635263419975079,365.01456624918967,249967.33177650583,116731.6982024218,28.50569999626199,1.0,0.0772185287693794,37.32165311938586,0.9632620135133704,0.8221101240596219,0.177889875940378,6.8618182683485,2.7963399293280475,6.8618182683485,0.8352147747509175,0.8352147747509175,False,background_gradient_dominates,80,82,-278.775238449073,-274.65143665202,0.9,302.6299720781139,71930.61225493897,135.0
115,117,235,8.0,11.079685242356405,41.33060377014934,-235.4753195800165,70.5,2.0,319.0,287.1,0.9,-45.0,0.0147109219533772,0.4928700083072484,0.3773982293409265,0.2665697270204163,0.2966858366840362,13.24275448258599,7.152255639097744,24.0,24.11049458723757,"235,296,313,534,1043,1098,1104,1198",11.07707151351455,41.33042162916794,-231.3515177829635,4.123801797053005,22.638602279975547,15.44997897323221,443.4,381.06000000000006,0.9,-76.717474411461,0.0147109219533772,0.4928700083072484,0.3773982293409265,new_non_BB86,not_matched,not_matched,,,66,,100.53837245308524,100.53837245308524,36.32468041998351,36.32468041998351,new_candidate,table_fits,True,ok,70,72,2,-237.53722047854305,-233.41341868149,1.0,1.0,1.0,85.05634302401805,True,320,0.9049908284109588,352.06235584206155,5.635105590586524,0.7183098591549295,1.1738028169014083,0.6769014084507041,16.871324675944567,7,67,74,"0.948,0.929,0.929,0.906,0.811,0.695,0.683",False,1126.9999999999925,2023.9999999999895,1431,1.0,1.0,7.1853010216722,234032.52737095897,121080.99531396614,112951.53205699284,22.865211583571323,0.0680323061610214,336.09343668952016,234010.7289846203,121051.93079884793,26.29465764509572,1.0,0.1153462274612336,36.56162649411969,1.014311350662067,0.7897471579813403,0.2102528420186596,9.099063979125686,10.819421815498696,10.819421815498696,0.8236676663268487,0.8236676663268487,False,background_gradient_dominates,70,72,-237.53722047854305,-233.41341868149,0.9,302.6299720781139,71930.61225493897,135.0
116,114,232,6.0,10.32580232613762,40.65084187218102,-478.7796256061435,129.5,2.0,319.0,287.1,0.9,-45.0,0.0148597810444677,0.5000202681810662,0.3719637121033158,0.2692664797678114,0.2967166627086196,8.47263164819327,7.1040100250626566,24.0,24.11049458723757,"232,548,627,632,830,945",10.331264596056656,40.65069677601106,-482.9034274031965,2.833811731393574,28.517903545350723,15.127475460274162,371.4,360.0,0.975,-76.717474411461,0.0148597810444677,0.5000202681810662,0.3719637121033158,new_non_BB86,not_matched,not_matched,,,20,,88.87249215344306,88.87249215344306,21.47962560614349,21.47962560614349,new_candidate,table_fits,True,ok,129,131,2,-480.84152650467,-476.717724707617,1.0,1.0,1.0,33.78866799705581,True,326,0.9388014009873676,235.9921206537769,5.9326689221026445,0.6976056338028169,1.1116901408450703,1.0495774647887324,11.544137037338476,7,126,133,"0.751,0.792,0.906,0.928,0.915,0.782,0.739",False,1712.1428571428578,1324.7142857142744,1431,1.0,1.0,2.143335572144168,92891.83786529032,46781.30001981542,46110.53784547492,18.15302287951685,0.0845307350619731,214.75056222104405,92870.03947895166,46752.23550469719,17.04893111621485,1.0,0.2061088350266198,21.13621423418967,1.8494598723412456,0.81148284609698,0.1885171539030201,3.876341207237546,5.720895263287853,5.720895263287853,0.814994252799028,0.814994252799028,False,background_gradient_dominates,129,131,-480.84152650467,-476.717724707617,0.9,302.6299720781139,71930.61225493897,135.0
117,120,240,3.0,10.134693991127044,40.71550450100736,-565.3794633442565,150.5,2.0,319.0,287.1,0.9,45.0,0.014377563734986,0.4892315356812017,0.3689325744153093,0.2674218760113329,0.2978701089345618,11.809270248030591,7.045739348370927,24.0,24.11049458723757,"240,519,1166",10.133761673598803,40.71744459296058,-565.3794633442565,0.0,21.290395056129483,4.000106207548529,360.0,288.0,0.8,46.28650647096418,0.014377563734986,0.4892315356812017,0.3689325744153093,new_non_BB86,not_matched,not_matched,,,12,,125.6473548696208,125.6473548696208,11.520536655743513,11.520536655743513,new_candidate,table_fits,True,ok,150,152,2,-567.441364242783,-563.31756244573,1.0,1.0,1.0,59.14012813845816,True,324,0.8938423993752057,298.4934047551361,5.635105590586524,0.7183098591549295,1.1945070422535211,0.5733802816901408,14.524718741251622,7,147,154,"0.717,0.706,0.717,0.838,0.872,0.806,0.773",False,1860.8571428571504,1391.999999999985,1430,1.0,1.0,7.390595336577119,152318.46662248118,78330.76604912333,73987.70057335786,20.944245584765003,0.076995196933323,272.0201573469897,152296.67033331143,78301.7043302303,21.30754022779725,1.0,0.144098015240996,29.689886135880307,1.3164153234194975,0.7938756702193637,0.2061243297806363,3.377440106792355,0.4951500550442398,3.377440106792355,0.8074144945427717,0.8074144945427717,False,background_gradient_dominates,150,152,-567.441364242783,-563.31756244573,0.9,302.6299720781139,71930.61225493897,45.0
118,129,262,7.0,10.688838511796556,40.97058191220218,-396.3035896650835,109.5,2.0,300.0,270.0,0.9,-75.0,0.013281482709556,0.4768552097089372,0.3822365682869261,0.2574723794744167,0.2830069816687477,19.25364296355913,7.0018796992481205,24.0,24.11049458723757,"262,353,595,601,944,988,1173",10.686762594378765,40.97320098450263,-400.4273914621365,4.248165379750053,27.115548013527228,14.03585613284915,360.0,342.0,0.9,-88.47139766892803,0.013281482709556,0.4768552097089372,0.3822365682869261,new_non_BB86,not_matched,not_matched,,,40,,124.43727842810956,124.43727842810956,29.703589665083484,29.703589665083484,new_candidate,table_fits,True,ok,109,111,2,-398.36549056361,-394.24168876655705,1.0,1.0,1.0,56.18447843343894,True,287,0.8486485947842948,322.6016861786612,5.281749134411132,0.7390140845070423,1.2773239436619717,0.946056338028169,16.99888989278361,7,106,113,"0.682,0.672,0.706,0.792,0.905,0.951,0.917",False,1428.8571428571424,1652.9999999999936,1265,1.0,1.0,7.288671010584817,171884.86785084908,96027.89787429573,75856.96997655337,19.211928559453657,0.0697513747020475,275.4344074438679,171863.4393686456,95999.32656469106,22.70535590127813,1.0,0.1852307887364294,30.609110563341694,1.1510908902502002,0.7711393424965155,0.2288606575034845,4.945684033133567,8.103630728993233,8.103630728993233,0.810257264810776,0.810257264810776,False,background_gradient_dominates,109,111,-398.36549056361,-394.24168876655705,0.9,284.60498941515414,63617.25123519331,105.0
119,127,260,1.0,10.30275270201424,41.09356102771927,-458.1606166208785,124.5,2.0,360.0,342.0,0.95,-25.0,0.0133455737055964,0.497873393903064,0.3614875968563136,0.2587539148428274,0.2865748012612596,12.611189945784702,6.989974937343359,24.0,24.11049458723757,260,10.30275270201424,41.09356102771927,-458.1606166208785,0.0,0.0,0.0,360.0,342.0,0.95,-25.0,0.0133455737055964,0.497873393903064,0.3614875968563136,new_non_BB86,not_matched,not_matched,,,37,,132.4506376795854,132.4506376795854,33.86061662087849,33.86061662087849,new_candidate,table_fits,True,ok,124,126,2,-460.222517519405,-456.098715722352,1.0,1.0,1.0,28.73183889593553,True,368,0.9729016330197412,218.64154922062548,6.899749749530034,0.6561971830985915,1.0495774647887324,0.946056338028169,8.360493274131505,7,121,128,"0.683,0.695,0.761,0.995,0.828,0.695,0.728",False,1728.1428571428648,1780.1428571428437,1922,1.0,1.0,2.7733734730723127,90103.27640506344,48835.33897516383,41267.93742989961,11.843029334964928,0.058293031502903,203.16372351256305,90080.59304029486,48805.09448880571,13.973697658405197,1.0,0.0752968322435585,17.208853065480394,1.0940547225782749,0.8479722351434483,0.1520277648565517,-0.427662703637529,6.316126871256575,6.316126871256575,0.8404121894808939,0.8404121894808939,False,background_gradient_dominates,124,126,-460.222517519405,-456.098715722352,0.95,350.8845964131227,96698.22187749384,155.0
120,119,239,1.0,11.3935616475719,41.73551407221338,-91.14225668316148,35.5,2.0,300.0,285.0,0.95,-90.0,0.0143901007438616,0.4819259923241458,0.3677115221436294,0.2704295447257278,0.3002770278253626,11.481582938826756,6.984962406015037,24.0,24.11049458723757,239,11.3935616475719,41.73551407221338,-91.14225668316148,0.0,0.0,0.0,300.0,285.0,0.95,-90.0,0.0143901007438616,0.4819259923241458,0.3677115221436294,new_non_BB86,not_matched,not_matched,,,123,,62.74767949573759,62.74767949573759,24.05774331683853,24.05774331683853,new_candidate,table_fits,True,ok,35,37,2,-93.204157581688,-89.080355784635,1.0,1.0,1.0,40.23658026724139,True,300,0.8714360642387585,188.2759307127056,5.560714757707494,0.7597183098591549,1.2359154929577465,0.6769014084507041,10.297214208283854,7,32,39,"0.717,0.773,0.850,0.861,0.849,0.773,0.750",True,888.0000000000075,2441.99999999998,1335,1.0,1.0,4.2322507234589954,60149.44286381984,34631.5742751986,25517.868588621248,19.536044188088503,0.1222793716093891,159.76565737101348,60127.852804107344,34602.78752891526,13.110776062729936,1.0,0.1133284795902164,16.262751641138212,2.7160892793973184,0.7942945474638072,0.2057054525361927,6.136944588314928,1.8194614090479573,6.136944588314928,0.1237228041412571,0.1237228041412571,False,foreground_confusion_velocity;background_gradient_dominates;low_v9_final_score,35,37,-93.204157581688,-89.080355784635,0.95,292.4038303442689,67151.54297048182,90.0
121,126,256,1.0,10.016273730780387,40.353167281978415,-536.5128507648855,143.5,2.0,300.0,300.0,1.0,-90.0,0.0135471089829873,0.4877764905767866,0.3547219215726925,0.2655394709862542,0.2948551011842267,15.03325628755257,6.980576441102756,24.0,24.11049458723757,256,10.016273730780387,40.353167281978415,-536.5128507648855,0.0,0.0,0.0,300.0,300.0,1.0,-90.0,0.0135471089829873,0.4877764905767866,0.3547219215726925,new_non_BB86,not_matched,not_matched,,,1,,533.6318107659988,533.6318107659988,29.712850764885445,29.712850764885445,new_candidate,table_fits,True,ok,143,145,2,-538.5747516634119,-534.450949866359,1.0,1.0,1.0,51.76741779168951,True,290,0.8839988868064922,225.45377928463992,8.12719849203403,0.7597183098591549,1.2152112676056337,0.7804225352112675,10.775806536876162,7,140,147,"0.727,0.693,0.795,0.851,0.917,0.750,0.706",False,1956.0000000000011,1019.9999999999964,1405,1.0,1.0,7.1853010216722,180060.28715110073,136727.1471461472,43333.14000495352,19.278074271114203,0.0926013360328456,208.18354353198836,180038.54377335543,136698.15597582015,16.40758578679934,1.0,0.4551345381282258,20.591847203278093,1.5939378118027885,0.7515672192205535,0.2484327807794465,2.8572730513346283,3.722890833602188,3.722890833602188,0.7582083092607925,0.7582083092607925,False,background_gradient_dominates,143,145,-538.5747516634119,-534.450949866359,1.0,300.0,70685.83470577035,90.0
122,123,248,3.0,10.91180504742452,41.82495433732096,-190.1134998124335,59.5,2.0,319.0,287.1,0.9,-45.0,0.0139635734668704,0.4858234161426301,0.3550104457406466,0.2680787905468538,0.3020052853483621,12.611192257649098,6.974937343358397,24.0,24.11049458723757,"248,479,1110",10.91162718456205,41.82736221348484,-190.1134998124335,1.943978809976968,23.04991210354046,3.000141531883589,360.0,342.0,0.95,-45.37081087748015,0.0139635734668704,0.4858234161426301,0.3550104457406466,new_non_BB86,not_matched,not_matched,,,109,,74.36188728696042,74.36188728696042,13.113499812433504,13.113499812433504,new_candidate,table_fits,True,ok,59,61,2,-192.17540071096,-188.051598913907,1.0,1.0,1.0,79.68547314337232,True,320,0.8948315554828665,353.67665719498933,6.8253589166510045,0.7390140845070423,1.1945070422535211,0.6769014084507041,17.91909474309081,7,56,63,"0.683,0.672,0.717,0.850,0.917,0.878,0.784",False,1258.0000000000032,2531.999999999981,1431,1.0,1.0,7.08339764514741,197870.78961651496,102182.14622431742,95688.64339219754,18.32303759504209,0.0592312346553653,309.3475545741022,197848.9912301763,102153.0817091992,24.85105296611592,1.0,0.1551824779517653,31.41002113724516,1.0004204632506513,0.8006024680481235,0.1993975319518765,1.88386561474344,-3.6952137343279783,1.88386561474344,0.7951823281070327,0.7951823281070327,False,background_gradient_dominates,59,61,-192.17540071096,-188.051598913907,0.9,302.6299720781139,71930.61225493897,135.0
124,122,247,4.0,10.147500540671304,40.51332591526109,-491.15103099730254,132.5,2.0,319.0,287.1,0.9,-45.0,0.01400221940272,0.489868233754024,0.37855941016855,0.2626163360501099,0.2875158666389372,8.254361121971803,6.951127819548872,24.0,24.11049458723757,"247,334,467,507",10.146672568881849,40.51405124685774,-493.212931895829,2.0619008985264884,12.206572868647612,4.304969765185739,339.5,287.55,0.8500000000000001,-52.5,0.01400221940272,0.489868233754024,0.37855941016855,new_non_BB86,not_matched,not_matched,,,1,,150.65312648010394,150.65312648010394,15.64896900269747,15.64896900269747,new_candidate,table_fits,True,ok,133,135,2,-497.336733692882,-493.21293189582906,1.0,1.0,1.0,28.28910445963006,True,324,0.9279809258580112,235.1789657948817,6.304623086497794,0.7183098591549295,1.1323943661971831,0.5733802816901408,10.97229770711126,7,130,137,"0.728,0.750,0.827,0.938,0.873,0.728,0.723",False,1852.142857142856,1183.9999999999966,1430,1.0,1.0,7.08339764514741,86906.54605494271,48205.29192493561,38701.254130007095,17.725838644012853,0.0900955852649623,196.7448082154401,86884.74976577294,48176.23020604259,15.131734251560774,1.0,0.2270577810178809,20.62662459498816,1.0608612529534251,0.8498756719050824,0.1501243280949175,6.527235686712989,1.8232181456696748,6.527235686712989,0.8193496737429815,0.8193496737429815,False,background_gradient_dominates,133,135,-497.336733692882,-493.21293189582906,0.9,302.6299720781139,71930.61225493897,135.0
125,131,267,2.0,10.539334390002232,40.86646014392572,-396.3035896650835,109.5,2.0,300.0,270.0,0.9,-75.0,0.0129528853295795,0.4730856821110997,0.3805690445035062,0.2554677250736994,0.2816159288751494,19.61766403511111,6.945488721804511,24.0,24.11049458723757,"267,357",10.539609877095192,40.8664604921325,-396.3035896650835,0.0,1.5000027540814742,0.7500013770407371,308.4,277.56,0.9,-70.00000000000001,0.0129528853295795,0.4730856821110997,0.3805690445035062,new_non_BB86,not_matched,not_matched,,,35,,131.41732960005942,131.41732960005942,13.203589665083484,13.203589665083484,new_candidate,table_fits,True,ok,109,111,2,-398.36549056361,-394.24168876655705,1.0,1.0,1.0,62.8780839686676,True,287,0.8475193722985606,321.89759804551954,4.835404137136951,0.7390140845070423,1.2773239436619717,0.8425352112676057,17.268910671962125,7,106,113,"0.690,0.695,0.739,0.814,0.848,0.795,0.773",False,1545.142857142862,1545.9999999999952,1265,1.0,1.0,7.288671010584817,187081.64311346592,113105.94050042667,73975.70261303925,20.032527220349436,0.0736495718061946,271.9978776395887,187060.21463126244,113077.36919082202,23.01514240576759,1.0,0.1685695293999174,29.622545257101503,1.5983184364446403,0.7827285986657444,0.2172714013342556,5.329900474525812,7.414757978089949,7.414757978089949,0.8148169199650274,0.8148169199650274,False,background_gradient_dominates,109,111,-398.36549056361,-394.24168876655705,0.9,284.60498941515414,63617.25123519331,105.0
126,118,238,5.0,11.656032968212443,42.18965555615812,-41.6566351185255,23.5,2.0,319.0,287.1,0.9,45.0,0.0145402746845581,0.4899220202230572,0.3786014093647205,0.266056293771782,0.2946387666090178,3.5286860971800174,6.931704260651629,24.0,24.11049458723757,"238,468,747,838,863",11.65333189461994,42.18956675867112,-41.6566351185255,2.020242040630431,15.00940810096406,7.500590003483568,420.0,304.5,0.8,53.68682956351935,0.0145402746845581,0.4899220202230572,0.3786014093647205,new_non_BB86,not_matched,not_matched,,,141,,1065.4749543404832,1065.4749543404832,15.8433648814745,15.8433648814745,new_candidate,table_fits,True,ok,23,25,2,-43.718536017052,-39.594734219999,1.0,1.0,1.0,16.369765300458354,True,324,0.8938420826712304,89.15962478344957,5.635105590586524,0.7183098591549295,1.1945070422535211,0.5733802816901408,3.9522136705106754,5,22,27,"0.000,0.357,0.872,0.949,0.860,0.817,0.710",True,691.8571428571413,2911.000000000002,1430,1.0,1.0,7.288671010584817,11951.436924410396,4950.621064387482,7000.815860022913,35.11613262932221,0.4194759973022092,83.71428366620695,11929.640635240632,4921.5593454944665,6.31956944015402,1.0,0.0967479441170958,8.915434357692513,0.5076367950102414,0.795843998529726,0.204156001470274,0.8412797012489144,0.7654224772653649,0.8412797012489144,0.1263777713759539,0.1263777713759539,False,foreground_confusion_velocity;low_v9_final_score,23,25,-43.718536017052,-39.594734219999,0.9,302.6299720781139,71930.61225493897,45.0
127,124,254,2.0,10.31221772561915,40.82122412526096,-536.5128507648855,143.5,2.0,319.0,287.1,0.9,45.0,0.0137191242454833,0.4888070080297723,0.3688569309116848,0.2613047659710443,0.2911948475064834,10.489401913780222,6.931704260651628,24.0,24.11049458723757,"254,458",10.31277104774586,40.820739788227925,-536.5128507648855,0.0,4.609789472512732,2.304894736256366,339.5,314.55,0.925,65.0,0.0137191242454833,0.4888070080297723,0.3688569309116848,new_non_BB86,not_matched,not_matched,,,22,,356.7616430931551,356.7616430931551,3.287149235114498,3.287149235114498,new_candidate,table_fits,True,ok,143,145,2,-538.5747516634119,-534.450949866359,1.0,1.0,1.0,37.401188395165775,True,318,0.9165801883681745,292.74482120262104,6.007059754981674,0.7183098591549295,1.1530985915492955,0.6769014084507041,13.98826032399018,7,140,147,"0.717,0.728,0.761,0.883,0.871,0.728,0.665",False,1721.9999999999975,1500.0,1431,1.0,1.0,2.5351977731870874,126656.04146045107,60312.74791161982,66343.29354883125,19.50409702072503,0.075718770490643,257.5860238398252,126634.2430741124,60283.6833965016,19.89275374454919,1.0,1.764220518809484e-13,25.07042527331027,1.0439459978114318,0.818060300569911,0.1819396994300889,14.954922763757729,4.105099983381196,14.954922763757729,0.8453448191561487,0.8453448191561487,False,background_gradient_dominates,143,145,-538.5747516634119,-534.450949866359,0.9,302.6299720781139,71930.61225493897,45.0
128,125,255,1.0,10.476044552249954,41.30761714685362,-342.6941663033945,96.5,2.0,319.0,223.3,0.7,45.0,0.0136493416126885,0.4908004189191226,0.3709171706862809,0.2610945918007302,0.2871653025706649,9.418196447858271,6.921052631578948,24.0,24.11049458723757,255,10.476044552249954,41.30761714685362,-342.6941663033945,0.0,0.0,0.0,319.0,223.3,0.7,45.0,0.0136493416126885,0.4908004189191226,0.3709171706862809,new_non_BB86,not_matched,not_matched,,,49,,93.29890886362864,93.29890886362864,11.605833696605488,11.605833696605488,new_candidate,table_fits,True,ok,96,98,2,-344.75606720192104,-340.632265404868,1.0,1.0,1.0,54.16273690807832,True,258,0.9115616639196072,215.5369243177884,4.184484349445439,0.6976056338028169,1.1530985915492955,0.9667605633802816,11.59807457913681,7,93,100,"0.680,0.694,0.716,0.810,0.847,0.739,0.695",False,1593.2857142857142,1999.8571428571413,1116,1.0,1.0,2.402908349338864,62521.82141137348,30229.79403753189,32292.02737384159,10.427794719755276,0.0580226597809338,179.71935032150714,62500.76889294465,30201.724012960127,15.914670298849437,1.0,0.1581023893436403,22.34711613862028,0.8248978469310784,0.8439982793445724,0.1560017206554276,1.933339464377056,-3.5684272508187527,1.933339464377056,0.8069755983121737,0.8069755983121737,True,ok,96,98,-344.75606720192104,-340.632265404868,0.7000000000000001,266.8945484643701,55946.03175384142,45.0
129,130,265,2.0,10.755668923932278,41.02403299346727,-359.1893734916065,100.5,2.0,300.0,270.0,0.9,15.0,0.0130730918936205,0.4833611188410813,0.3548477705454163,0.2615706728077189,0.2913905547774377,15.630402711335286,6.9154135338345855,24.0,24.11049458723757,"265,343",10.75631318643446,41.02396314816065,-359.1893734916065,0.0,3.535538083148336,1.767769041574168,309.5,278.55,0.9,-2.5,0.0130730918936205,0.4833611188410813,0.3548477705454163,new_non_BB86,not_matched,not_matched,,,45,,96.67409038237672,96.67409038237672,4.889373491606477,4.889373491606477,new_candidate,table_fits,True,ok,100,102,2,-361.251274390133,-357.12747259308003,1.0,1.0,1.0,38.40600860608701,True,284,0.9058716450524288,261.3253218853803,6.602186418013915,0.7597183098591549,1.1738028169014083,0.9253521126760562,14.18267683926201,7,97,104,"0.817,0.817,0.860,0.894,0.906,0.773,0.717",False,1377.0000000000011,1708.000000000021,1263,1.0,1.0,7.288671010584817,101056.23702905916,52319.44330417328,48736.79372488587,14.971185460984383,0.0678103361882883,220.78028664264448,101034.8132936921,52290.87832368387,18.1700618068075,1.0,0.1197030773497501,22.522710592830844,0.2301595255900878,0.8063573042275203,0.1936426957724797,3.247309450105629,5.533494343940251,5.533494343940251,0.9137233095218588,0.9137233095218588,True,ok,100,102,-361.251274390133,-357.12747259308003,0.9,284.60498941515414,63617.25123519331,15.0
131,134,271,2.0,11.121775752127938,41.428648312413166,-227.2277159859105,68.5,2.0,319.0,287.1,0.9,-45.0,0.0128606401801153,0.485405560604813,0.3638168855414656,0.2553931578924063,0.2851449802258018,12.118828722231516,6.837719298245614,24.0,24.11049458723757,"271,544",11.120568437427677,41.42816673458967,-227.2277159859105,0.0,7.382560109144896,3.691280054572448,339.5,314.55,0.925,-17.5,0.0128606401801153,0.485405560604813,0.3638168855414656,new_non_BB86,not_matched,not_matched,,,76,,91.06175017774125,91.06175017774125,25.42771598591048,25.42771598591048,new_candidate,table_fits,True,ok,68,70,2,-229.28961688443692,-225.16581508738403,1.0,1.0,1.0,74.19400144690248,True,320,0.916832496822258,351.92820741795697,6.304623086497794,0.7183098591549295,1.1530985915492955,0.6769014084507041,16.511150076200867,7,65,72,"0.683,0.739,0.828,0.906,0.849,0.739,0.683",False,1095.0000000000086,2125.000000000007,1431,1.0,1.0,6.980006706767279,184399.59640928928,92754.09082878537,91645.50558050392,21.07138056009009,0.069601754797552,302.74208777321235,184377.79802295065,92725.02631366711,22.96838630428633,1.0,0.1551824779507479,30.8063377253552,1.1290445550700057,0.810455681505428,0.1895443184945719,1.2043467035449742,12.628155820813902,12.628155820813902,0.821988205752525,0.821988205752525,False,background_gradient_dominates,68,70,-229.28961688443695,-225.16581508738403,0.9,302.6299720781139,71930.61225493897,135.0
132,144,294,6.0,9.765478759763434,40.59256813660655,-507.64623818551456,136.5,2.0,360.0,342.0,0.95,65.0,0.0118190268744903,0.498363804336368,0.3378570757243248,0.2489678536051962,0.2819414531349531,14.537848189225116,6.819548872180452,24.0,24.11049458723757,"294,429,477,654,738,987",9.766097634960923,40.59412421888741,-509.708139084041,2.06190089852646,14.766732090131953,8.690093661212078,401.4,376.42,0.95,64.15583281081234,0.0118190268744903,0.498363804336368,0.3378570757243248,new_non_BB86,not_matched,not_matched,,,7,,735.1737358925349,735.1737358925349,50.34623818551455,50.34623818551455,new_candidate,table_fits,True,ok,137,139,2,-513.8319408810939,-509.708139084041,1.0,1.0,1.0,37.553115550285625,True,442,0.928526178767693,339.84826810448953,7.68085349475985,0.7183098591549295,1.1323943661971831,0.9667605633802816,15.58530277728716,7,134,141,"0.706,0.739,0.929,0.962,0.884,0.895,0.817",False,2149.999999999998,1268.000000000006,1925,1.0,1.0,6.980006706767279,178344.4999922589,79228.02671574544,99116.47327651348,24.22197334871116,0.076934304787231,314.8396988274512,178321.81194851873,79197.77599075854,21.615393927566767,1.0,0.234814889097523,26.59423050793479,0.7485202863897953,0.8222434048678653,0.1777565951321347,4.162456051496542,8.742051554968839,8.742051554968839,0.8273178114466498,0.8273178114466498,True,ok,137,139,-513.8319408810939,-509.708139084041,0.95,350.8845964131227,96698.22187749384,65.0
133,135,277,2.0,11.157032695081336,41.46239951504418,-214.8563105947515,65.5,2.0,319.0,287.1,0.9,45.0,0.0126722646599173,0.4861047639663982,0.3645291002427768,0.2537128900626368,0.2818704969828717,11.725231063484614,6.815789473684212,24.0,24.11049458723757,"277,438",11.157685430303946,41.46295241908727,-214.8563105947515,0.0,5.315189810923827,2.657594905461913,339.5,305.55,0.9,45.0,0.0126722646599173,0.4861047639663982,0.3645291002427768,new_non_BB86,not_matched,not_matched,,,79,,114.1435654197342,114.1435654197342,13.056310594751494,13.056310594751494,new_candidate,table_fits,True,ok,65,67,2,-216.918211493278,-212.79440969622505,1.0,1.0,1.0,85.7902927192579,True,324,0.916832496822258,325.04659399701734,6.304623086497794,0.7183098591549295,1.1530985915492955,0.5733802816901408,16.089695719856664,7,62,69,"0.773,0.773,0.773,0.850,0.861,0.717,0.695",False,1068.000000000004,2159.8571428571418,1430,1.0,1.0,7.288671010584817,143659.06897228007,72203.18726461519,71455.88170766488,18.59471569925858,0.069558222214048,267.325919314585,143637.27268311032,72174.12554572217,20.9154328168585,1.0,0.0665067762648174,26.84741014940269,1.26283398219477,0.8388620369300203,0.1611379630699797,1.4787104734754262,2.8028790586472034,2.8028790586472034,0.8223408951792465,0.8223408951792465,False,background_gradient_dominates,65,67,-216.918211493278,-212.79440969622505,0.9,302.6299720781139,71930.61225493897,45.0
134,132,268,8.0,11.328471471778652,42.05592067282697,-62.275644103790505,28.5,2.0,319.0,287.1,0.9,-85.0,0.0129401225515071,0.4883792406842305,0.3679655424223398,0.2548666518223471,0.2825276965650644,8.097859570794782,6.799498746867168,24.0,24.11049458723757,"268,369,375,448,455,474,715,725",11.33047099751267,42.057090334258135,-66.3994459008435,3.219141746048458,18.44781044419855,7.232627998224022,371.4,342.0,0.9,-82.64472562017941,0.0129401225515071,0.4883792406842305,0.3679655424223398,new_non_BB86,not_matched,not_matched,,,140,,221.1778802913556,221.1778802913556,0.6756441037905034,0.6756441037905034,new_candidate,table_fits,True,ok,28,30,2,-64.337545002317,-60.21374320526401,1.0,1.0,1.0,51.25826925024144,True,334,0.9162162191494082,206.5773691957577,5.690898715245797,0.7183098591549295,1.1530985915492955,0.9874647887323944,9.590667590112012,7,25,32,"0.687,0.663,0.667,0.748,0.973,0.973,0.916",True,940.4285714285644,2771.14285714286,1428,1.0,1.0,7.1853010216722,57071.988460090746,27364.497445211076,29707.491014879677,20.823598045531327,0.1208007678533234,172.37968280810418,57050.19636966205,27335.44132463948,13.161617765359894,1.0,0.2002241650840253,18.74518363508208,1.4884637821114677,0.855462604254077,0.1445373957459229,5.683098181699378,3.051260936293264,5.683098181699378,0.1236303189785892,0.1236303189785892,False,foreground_confusion_velocity;background_gradient_dominates;low_v9_final_score,28,30,-64.337545002317,-60.21374320526401,0.9,302.6299720781139,71930.61225493897,95.0
135,133,270,2.0,10.370072609606227,41.35126649487791,-317.9513555210765,90.5,2.0,319.0,287.1,0.9,-45.0,0.0128617344647356,0.4817987875392882,0.340309777342245,0.2626255848740563,0.2986911651223285,11.59994256837332,6.772556390977444,24.0,24.11049458723757,"270,398",10.370715496738878,41.35224046939055,-315.88945462255,2.061900898526517,7.826239041787762,3.913119520893881,339.5,314.55,0.925,-59.99999999999999,0.0128617344647356,0.4817987875392882,0.340309777342245,new_non_BB86,not_matched,not_matched,,,51,,79.53044596895202,79.53044596895202,9.051355521076516,9.051355521076516,new_candidate,table_fits,True,ok,90,92,2,-320.013256419603,-315.88945462255,1.0,1.0,1.0,63.5321015142726,True,320,0.9059799845186196,362.4116337574346,6.8253589166510045,0.7390140845070423,1.1738028169014083,0.6769014084507041,18.737167878998022,7,87,94,"0.717,0.761,0.917,0.917,0.873,0.706,0.683",False,1675.0000000000148,2044.9999999999925,1431,1.0,1.0,7.08339764514741,211703.3787501371,110194.85676963576,101508.52198050136,17.789832255278302,0.0558348119445998,318.61542352698626,211681.58036379845,110165.79225451752,24.99423633512061,1.0,0.1806374954028437,31.18655215539929,0.5393789034589397,0.8075617597528486,0.1924382402471514,5.854613142417499,2.3641863028953884,5.854613142417499,0.861695723138823,0.861695723138823,True,ok,90,92,-320.013256419603,-315.88945462255,0.9,302.6299720781139,71930.61225493897,135.0
136,138,281,4.0,11.08005338387164,41.815754738338704,-128.2564728566385,44.5,2.0,319.0,287.1,0.9,-25.0,0.0123557122287397,0.4710623052285489,0.376079338152234,0.2508246037548295,0.2780608352821493,14.392541153929423,6.764411027568923,24.0,24.11049458723757,"281,300,366,528",11.07648853607739,41.811808195950334,-122.070770161059,3.419275817654536,34.483876649941166,17.115605405721062,319.0,287.1,0.9,-40.183715117049466,0.0123557122287397,0.4712241209887081,0.376079338152234,new_non_BB86,not_matched,not_matched,,,119,,88.01400567418581,88.01400567418581,4.856472856638504,4.856472856638504,new_candidate,table_fits,True,ok,45,47,2,-134.44217555221798,-130.318373755165,1.0,1.0,1.0,49.62061656946675,True,309,0.7809067028589569,226.760779121382,4.928392678235739,0.7597183098591549,1.4015492957746478,0.8011267605633803,10.744075636369486,7,42,49,"0.717,0.750,0.827,0.827,0.747,0.739,0.739",True,1128.9999999999964,2522.999999999999,1427,1.0,1.0,3.316631159192291,195496.5875796124,145991.1492169454,49505.43836266696,10.74657176702627,0.0482960520662668,222.51449771258604,195474.79759075996,145962.0958984755,17.407114276664974,1.0,0.1755557156738393,23.14658264584328,0.7406739878007494,0.6915979769738161,0.3084020230261839,8.946131989795488,12.749609502544574,12.749609502544574,0.1217860022601261,0.1217860022601261,False,foreground_confusion_velocity;low_v9_final_score,45,47,-134.44217555221798,-130.318373755165,0.9,302.6299720781139,71930.61225493897,155.0
137,128,261,4.0,11.397326677182496,42.00704336176432,-45.780436915578505,24.5,2.0,319.0,303.05,0.95,70.0,0.0132914892706651,0.4915198375957492,0.3579477517829624,0.2601688726007359,0.2903739286639077,2.6902224734394298,6.733709273182957,24.0,24.11049458723757,"261,503,637,793",11.399193493410111,42.006823602668526,-49.9042387126315,4.123801797052998,9.55278177971516,5.344713794675272,371.4,343.26,0.925,59.473375891601165,0.0132914892706651,0.4915198375957492,0.3579477517829624,new_non_BB86,not_matched,not_matched,,,141,,118.88411735573423,118.88411735573423,11.719563084421496,11.719563084421496,new_candidate,table_fits,True,ok,24,26,2,-47.84233781410501,-43.718536017052,1.0,1.0,1.0,18.2251035006938,True,349,0.9393449132854832,80.22068310008133,6.657979542673187,0.7183098591549295,1.1116901408450703,0.9253521126760562,4.00020452733031,6,22,28,"0.171,0.484,0.796,0.939,0.895,0.862,0.895",True,887.428571428567,2721.285714285712,1508,1.0,1.0,7.1853010216722,9909.160598511511,5049.08620473315,4860.074393778361,20.33791786150298,0.2915132406668679,69.7667036151696,9887.204979865808,5019.812046538878,5.591246006548876,1.0,0.3285877573117859,7.094422596567356,3.080806482530966,0.8420717421913758,0.1579282578086241,0.7354367834017934,2.94267178946385,2.94267178946385,0.1180606412316001,0.1180606412316001,False,foreground_confusion_velocity;background_gradient_dominates;low_v9_final_score,24,26,-47.84233781410501,-43.718536017052,0.9500000000000001,310.92273959940593,75926.75738021336,70.0
138,139,282,2.0,10.238621381679517,41.25555525091632,-342.6941663033945,96.5,2.0,319.0,287.1,0.9,-40.0,0.0123528518565166,0.4843316625944191,0.3516617880544062,0.2544052556058624,0.2850841766115133,10.069360353275048,6.68859649122807,24.0,24.11049458723757,"282,358",10.238621381679517,41.25555525091632,-342.6941663033945,0.0,0.0,0.0,339.5,314.55,0.925,-15.0,0.0123528518565166,0.4843316625944191,0.3516617880544062,new_non_BB86,not_matched,not_matched,,,42,,374.4391003829887,374.4391003829887,61.00583369660546,61.00583369660546,new_candidate,table_fits,True,ok,96,98,2,-344.75606720192104,-340.632265404868,1.0,1.0,1.0,51.787130854887394,True,271,0.9392964130896296,303.79351602035337,6.564991001574399,0.7183098591549295,1.1116901408450703,0.9253521126760562,15.174338806082066,7,93,100,"0.734,0.768,0.929,0.962,0.927,0.828,0.719",False,1777.0000000000018,1947.0000000000127,1429,1.0,1.0,3.732180631952142,89643.20584516226,31863.82182163918,57779.38402352308,13.905159877924152,0.0578445214049029,240.3885370680161,89621.41165462846,31834.76290092746,18.41679366958005,1.0,9.7454245461675e-13,23.859394844654243,0.4798388454647254,0.8930268478046798,0.1069731521953201,5.08623510615919,4.816390912382108,5.08623510615919,0.9118822068326246,0.9118822068326246,True,ok,96,98,-344.75606720192104,-340.632265404868,0.9,302.6299720781139,71930.61225493897,140.0
139,148,301,2.0,10.107944687643712,40.67259210998291,-581.8746705324686,154.5,2.0,300.0,300.0,1.0,-90.0,0.0114359196532253,0.4654147045412835,0.3494984149688978,0.2512649752667735,0.2798039425052904,18.890530273141284,6.647869674185464,24.0,24.11049458723757,"301,388",10.107855529573706,40.67231386192938,-581.8746705324686,0.0,2.0616995765195023,1.0308497882597512,309.5,309.5,1.0,-90.0,0.0114359196532253,0.4654147045412835,0.3494984149688978,new_non_BB86,not_matched,not_matched,,,12,,225.9340813757673,225.9340813757673,4.974670532468622,4.974670532468622,new_candidate,table_fits,True,ok,155,157,2,-588.060373228048,-583.9365714309951,1.0,1.0,1.0,46.51454018244012,True,324,0.8060780059883468,186.92680682254587,20.476076749953013,0.8425352112676057,1.3601408450704224,0.7804225352112675,10.89024429972955,7,152,159,"0.695,0.750,0.872,0.817,0.773,0.761,0.768",False,1881.9999999999984,1348.0000000000016,1405,1.0,1.0,7.1853010216722,94269.4669166942,71663.6362490526,22605.8306676416,11.430826783771082,0.0760147372980852,150.37645580416958,94247.72353894888,71634.64507872552,12.793869985396336,1.0,0.3980036078290823,14.38823671513529,1.1680110465765556,0.6905066367658973,0.3094933632341027,6.325410397460208,11.748316520007355,11.748316520007355,0.7648601385588103,0.7648601385588103,False,background_gradient_dominates,155,157,-588.060373228048,-583.9365714309951,1.0,300.0,70685.83470577035,90.0
140,140,285,1.0,9.872427265309836,40.32597815102843,-532.3890489678325,142.5,2.0,319.0,287.1,0.9,50.0,0.0120500416213825,0.4717150969928098,0.3697704605257657,0.2493568036437002,0.2770482011315778,9.681418869906102,6.620927318295739,24.0,24.11049458723757,285,9.872427265309836,40.32597815102843,-532.3890489678325,0.0,0.0,0.0,319.0,287.1,0.9,50.0,0.0120500416213825,0.4717150969928098,0.3697704605257657,new_non_BB86,not_matched,not_matched,,,1,,861.2372858575654,861.2372858575654,25.589048967832525,25.589048967832525,new_candidate,table_fits,True,ok,142,144,2,-534.450949866359,-530.3271480693061,1.0,1.0,1.0,49.18946256627467,True,326,0.8707493945391738,249.95062815648464,5.188760593312344,0.7183098591549295,1.2359154929577465,0.7597183098591549,11.135380823558512,7,139,146,"0.704,0.717,0.728,0.837,0.882,0.850,0.795",False,2069.000000000003,992.9999999999958,1429,1.0,1.0,7.288671010584817,95278.53630773562,46761.5627405265,48516.97356720911,21.06456674859222,0.0956253786086173,220.2821788011617,95256.74211720182,46732.50381981478,16.971031521750472,1.0,0.115262959908316,22.13679411733955,0.9617185517158836,0.7953824887014859,0.204617511298514,8.938815379821357,5.451712990956162,8.938815379821357,0.8247528180737309,0.8247528180737309,False,background_gradient_dominates,142,144,-534.450949866359,-530.3271480693061,0.9,302.6299720781139,71930.61225493897,50.0
141,145,295,4.0,10.982110733422898,41.22783953283764,-280.83713934759953,81.5,2.0,319.0,319.0,1.0,-90.0,0.0118169627224045,0.4754368262636095,0.3419080169684227,0.2526822691285446,0.2876928012339443,12.518009554068,6.6196741854636585,24.0,24.11049458723757,"295,384,453,511",10.985534674981956,41.2294625977656,-278.775238449073,3.4192758176545595,19.55769275108692,12.18183338281775,339.5,287.1,0.875,80.07981066803987,0.0118169627224045,0.4754368262636095,0.3419080169684227,new_non_BB86,not_matched,not_matched,,,63,,81.56219044216967,81.56219044216967,3.3628606524004567,3.3628606524004567,new_candidate,table_fits,True,ok,82,84,2,-287.02284204317897,-282.899040246126,1.0,1.0,1.0,60.66263805820603,True,356,0.9286405426191376,276.6161672159833,8.64793432218724,0.7804225352112675,1.1323943661971831,0.6354929577464788,13.250469765089145,7,79,86,"0.683,0.773,0.817,0.962,0.851,0.717,0.717",False,1201.999999999998,1917.9999999999943,1597,1.0,1.0,7.1853010216722,136864.1291464393,78867.70900331563,57996.42014312369,13.723549131958356,0.0569820714769217,240.83977251540475,136842.00149999466,78838.20547472277,17.584817866081536,1.0,0.4404353379596047,21.45354008469947,1.0520652606399077,0.8005311921102858,0.1994688078897142,9.74819604199406,13.747895117533613,13.747895117533613,0.7798268348188665,0.7798268348188665,False,background_gradient_dominates,82,84,-287.02284204317897,-282.899040246126,1.0,319.0,79922.90250548774,90.0
144,143,293,3.0,11.41391868470444,41.70871988887521,-148.87548184190348,49.5,2.0,319.0,303.05,0.95,-55.0,0.0118889860388665,0.4688547234118128,0.3270098502601497,0.2596730754362739,0.2986199133819598,12.224913212880152,6.559523809523808,24.0,24.11049458723757,"293,462,529",11.41537190918804,41.71107203308602,-148.87548184190348,1.943978809976954,19.501141841269835,8.50054246735686,360.0,360.0,1.0,-79.06889063920289,0.0118889860388665,0.4688547234118128,0.3270098502601497,new_non_BB86,not_matched,not_matched,,,127,,73.0015362249815,73.0015362249815,4.875481841903479,4.875481841903479,new_candidate,table_fits,True,ok,49,51,2,-150.93738274043,-146.813580943377,1.0,1.0,1.0,52.01086693209207,True,343,0.8839637696350231,377.26659336571817,7.866830576957425,0.7597183098591549,1.2152112676056337,1.1738028169014083,18.905554968593066,7,46,53,"0.683,0.695,0.773,0.851,0.940,0.951,0.861",False,872.1428571428564,2414.571428571424,1505,1.0,1.0,7.08339764514741,219732.30220991917,116644.01538350109,103088.28682641806,22.792235470527,0.0709850431504691,321.08504072067154,219710.3525653876,116614.74919079235,24.79233361892215,1.0,0.1952571401317845,31.746583430290507,0.817694712406559,0.7819349365379997,0.2180650634620002,12.945496751823788,4.369523707931867,12.945496751823788,0.8154588300186316,0.8154588300186316,True,ok,49,51,-150.93738274043,-146.813580943377,0.9500000000000001,310.92273959940593,75926.75738021336,125.0
145,142,291,2.0,11.336851139695463,41.92447118359559,-54.0280405096845,26.5,2.0,319.0,287.1,0.9,45.0,0.0119494454202224,0.4729728565112613,0.3719750541918259,0.2465744591004358,0.2754543450811357,3.945749985447448,6.5363408521303255,24.0,24.11049458723757,"291,516",11.336861077086716,41.925443441867216,-54.0280405096845,0.0,7.00046196134752,3.50023098067376,339.5,287.55,0.8500000000000001,22.5,0.0119494454202224,0.4729728565112613,0.3719750541918259,new_non_BB86,not_matched,not_matched,,,139,,110.6933615673974,110.6933615673974,7.5719594903155,7.5719594903155,new_candidate,table_fits,True,ok,26,28,2,-56.08994140821101,-51.966139611158,1.0,1.0,1.0,29.45457485093745,True,320,0.8596008909002724,97.83433515972166,5.188760593312344,0.7183098591549295,1.256619718309859,0.6769014084507041,4.525243346092582,7,23,30,"0.496,0.818,0.883,0.873,0.791,0.683,0.683",True,933.0000000000005,2635.9999999999936,1431,1.0,1.0,7.288671010584817,15669.310507815931,8761.954431066195,6907.3560767497365,17.015442528276274,0.2046251544418265,83.15420738320634,15647.512121477264,8732.88991594797,6.6401873816419466,1.0,4.915319397331462e-13,8.891056209345217,2.67610384803641,0.8086965702467981,0.1913034297532019,-1.270171892393399,0.1853194223571634,0.1853194223571634,0.1207565710281552,0.1207565710281552,False,foreground_confusion_velocity;background_gradient_dominates;low_v9_final_score,26,28,-56.08994140821101,-51.966139611158,0.9,302.6299720781139,71930.61225493897,45.0
146,146,297,10.0,10.46153801020536,40.73508043600882,-429.2940040415075,117.5,2.0,300.0,270.0,0.9,-45.0,0.0116467217611863,0.4598170562444099,0.3472000653445352,0.2547710994440798,0.286344380232175,11.997518432228736,6.521303258145363,24.0,24.11049458723757,"297,311,380,640,724,884,887,951,1182,1196",10.451021910538817,40.7336425249044,-441.6654094326665,5.846498091624501,63.88520166406242,28.307853377042576,407.4,325.38,0.8,-66.15434700726603,0.0116467217611863,0.4766530958152855,0.3472000653445352,new_non_BB86,not_matched,not_matched,,,28,,103.73657618463471,103.73657618463471,11.50599595849252,11.50599595849252,new_candidate,table_fits,True,ok,117,119,2,-431.355904940034,-427.232103142981,1.0,1.0,1.0,34.19635373454753,True,288,0.8604987946476219,198.66042638673687,5.709496423465554,0.7804225352112675,1.256619718309859,0.7183098591549295,10.67580391487332,7,114,121,"0.806,0.827,0.728,0.827,0.850,0.906,0.928",False,1605.9999999999975,1411.0000000000089,1259,1.0,1.0,7.1853010216722,75931.82687951476,49595.19670580704,26336.630173707723,12.661204019464645,0.0780074458685675,162.30763459166613,75910.41266041262,49566.64441367086,13.956066202169012,1.0,0.2207726793607134,17.613740920015836,1.6982501432242356,0.7621572237585169,0.237842776241483,0.9709478579752016,5.148039864663887,5.148039864663887,0.8035287063747877,0.8035287063747877,False,background_gradient_dominates,117,119,-431.355904940034,-427.232103142981,0.9,284.60498941515414,63617.25123519331,135.0
147,150,307,5.0,10.755910197129175,41.07694991591135,-334.4465627092885,94.5,2.0,319.0,287.1,0.9,-65.0,0.0110692375139768,0.4740762037594299,0.3240764553270317,0.2506012067662738,0.2875007035482179,10.235322585407689,6.451754385964913,24.0,24.11049458723757,"307,328,496,530,1205",10.7536245685963,41.07597905578118,-334.4465627092885,3.085970691107004,19.00658258519243,5.700889525169664,360.0,342.0,0.95,-76.98001456340235,0.0110692375139768,0.4740762037594299,0.3240764553270317,new_non_BB86,not_matched,not_matched,,,45,,94.17730381641223,94.17730381641223,19.853437290711497,19.853437290711497,new_candidate,table_fits,True,ok,95,97,2,-340.632265404868,-336.508463607815,1.0,1.0,1.0,45.23500241386376,True,327,0.8838776098048583,300.3577537608073,7.420485579683245,0.7804225352112675,1.2152112676056337,1.008169014084507,16.201303633164365,7,92,99,"0.862,0.851,0.895,0.862,0.895,0.873,0.895",False,1376.8571428571463,1762.428571428591,1430,1.0,1.0,7.1853010216722,159502.37284479348,94558.54101325686,64943.83183153662,15.548730066924106,0.0610100917249303,254.85505147291056,159480.57655562373,94529.47929436385,20.678921833158583,1.0,0.125566903209077,24.22852455558121,0.3492014590176134,0.7899873123718096,0.2100126876281903,9.894561289906887,8.01675800187228,9.894561289906887,0.8929714615827952,0.8929714615827952,True,ok,95,97,-340.632265404868,-336.508463607815,0.9,302.6299720781139,71930.61225493897,115.0
148,152,310,2.0,10.362409053820732,40.6522008870357,-499.3986345914085,134.5,2.0,319.0,303.05,0.95,50.0,0.0109615035441621,0.4734514364332438,0.3478058695487481,0.2432533929837315,0.2736521575329333,7.325086041977015,6.430451127819549,24.0,24.11049458723757,"310,578",10.361679143786446,40.65171268439477,-499.3986345914085,0.0,5.315355404839032,2.657677702419516,339.5,322.525,0.95,70.0,0.0109615035441621,0.4734514364332438,0.3478058695487481,new_non_BB86,not_matched,not_matched,,,21,,71.4662304524927,71.4662304524927,66.79863459140847,66.79863459140847,new_candidate,table_fits,True,ok,135,137,2,-505.5843372869881,-501.46053548993495,1.0,1.0,1.0,20.60485520715037,True,348,0.91680489281671,173.73041912437895,6.26742767005828,0.7183098591549295,1.1530985915492955,1.008169014084507,8.277156070160842,7,132,139,"0.817,0.884,0.850,0.939,0.816,0.884,0.899",False,1683.571428571427,1325.9999999999964,1510,1.0,1.0,4.825508267745994,49302.816806330295,27045.96289090605,22256.853915424243,12.448319845749603,0.0834271575395074,149.21184195751394,49280.85721154087,27016.68343118681,11.532124080867908,1.0,0.2511740886370962,14.6912425918337,0.3844234926560543,0.8168509122757767,0.1831490877242234,4.131244396373991,5.78056529733582,5.78056529733582,0.8753830362397144,0.8753830362397144,True,ok,135,137,-505.5843372869881,-501.46053548993495,0.9500000000000001,310.92273959940593,75926.75738021336,50.0
149,141,290,3.0,11.360437963284548,41.68320789541652,-107.63746387137348,39.5,2.0,319.0,223.3,0.7,-45.0,0.0119576005606445,0.4455779102173661,0.3459630067094939,0.2610924451731298,0.2970957377142637,9.262771347241625,6.424812030075188,24.0,24.11049458723757,"290,526,696",11.362102928876311,41.68236482483764,-103.51366207432052,1.943978809976947,8.514711118429483,7.826322470106347,360.0,252.0,0.7,-40.051954680508544,0.0119576005606445,0.4455779102173661,0.3459630067094939,new_non_BB86,not_matched,not_matched,,,121,,143.60646393431125,143.60646393431125,7.562536128626519,7.562536128626519,new_candidate,table_fits,True,ok,39,41,2,-109.6993647699,-105.575562972847,1.0,1.0,1.0,60.32656239064706,True,254,0.8454898873300695,218.31979989050285,4.333266015203499,0.7597183098591549,1.2773239436619717,0.6147887323943662,12.52035117967506,7,36,43,"0.579,0.750,0.850,0.882,0.801,0.728,0.683",True,912.9999999999984,2388.0000000000064,1113,1.0,1.0,7.08339764514741,69316.49219514341,39400.24964206612,29916.24255307729,15.595484971820596,0.090155961736939,172.98340199981203,69295.44775208957,39372.190384661015,15.737531396161586,1.0,0.1038116047149981,21.367451173498463,1.1948719252228788,0.7904545931667216,0.2095454068332784,-0.7414700860613063,0.7688818397869526,0.7688818397869526,0.1187372831899717,0.1187372831899717,False,foreground_confusion_velocity;background_gradient_dominates;low_v9_final_score,39,41,-109.6993647699,-105.575562972847,0.7000000000000001,266.8945484643701,55946.03175384142,135.0
150,166,345,2.0,9.759902027693084,40.45333690572192,-540.6366525619385,144.5,2.0,360.0,360.0,1.0,-90.0,0.009257250383923,0.4801445376969495,0.3171421943835315,0.2298139078642766,0.2645328940594771,17.68289064165008,6.416666666666668,24.0,24.11049458723757,"345,563",9.76045533912395,40.45292465435893,-540.6366525619385,0.0,4.242644529178796,2.121322264589398,390.0,348.0,0.9,-52.5,0.009257250383923,0.4801445376969495,0.3171421943835315,new_non_BB86,not_matched,not_matched,,,2,,841.3208089658671,841.3208089658671,11.463347438061533,11.463347438061533,new_candidate,table_fits,True,ok,144,146,2,-542.6985534604651,-538.5747516634119,1.0,1.0,1.0,52.92289244038604,True,466,0.984365143288368,356.1980011635985,8.424761823550151,0.6769014084507041,1.0288732394366198,0.9253521126760562,14.719056671905538,7,141,148,"0.705,0.706,0.750,0.862,0.951,0.739,0.694",False,2155.857142857136,1124.8571428571431,2024,1.0,1.0,6.878125530221501,133664.47882831446,43362.98462570501,90301.49420260944,24.383755391904632,0.0811399655524302,300.51473679944525,133641.64033522323,43332.53330158338,19.908178080115505,1.0,0.1940279492439296,24.794560475865364,0.760470198511755,0.9118235109142976,0.0881764890857023,8.329980812425555,6.781052994168944,8.329980812425555,0.8484517985862345,0.8484517985862345,True,ok,144,146,-542.6985534604651,-538.5747516634119,1.0,360.0,101787.6019763093,90.0
151,153,312,1.0,10.096206090639296,40.55002150972922,-557.1318597501505,148.5,2.0,319.0,287.1,0.9,-65.0,0.0109423767548423,0.4663204557749751,0.3480744007760154,0.2441811458618224,0.2760851105346208,9.413347635626325,6.406641604010025,24.0,24.11049458723757,312,10.096206090639296,40.55002150972922,-557.1318597501505,0.0,0.0,0.0,319.0,287.1,0.9,-65.0,0.0109423767548423,0.4663204557749751,0.3480744007760154,new_non_BB86,not_matched,not_matched,,,2,,149.679974935581,149.679974935581,5.031859750150488,5.031859750150488,new_candidate,table_fits,True,ok,148,150,2,-559.193760648677,-555.069958851624,1.0,1.0,1.0,36.52175450476864,True,332,0.8719108267728497,246.14939411270532,5.9326689221026445,0.7390140845070423,1.2359154929577465,0.946056338028169,12.559037775727914,7,145,152,"0.794,0.840,0.895,0.873,0.826,0.706,0.702",False,1892.000000000006,1221.9999999999984,1427,1.0,1.0,7.089345083344754,102043.81326438236,55109.65257994153,46934.16068444083,17.43538187180053,0.0804735821525278,216.65969633057844,102022.02327552994,55080.59926147162,17.477450946717006,1.0,0.1823654745703544,23.846604323763525,0.6772585929693672,0.796554265802729,0.203445734197271,5.351375624834388,4.351697295781286,5.351375624834388,0.8398897396935116,0.8398897396935116,True,ok,148,150,-559.193760648677,-555.069958851624,0.9,302.6299720781139,71930.61225493897,115.0
153,154,318,1.0,10.054421061576798,40.50312692271886,-528.2652471707795,141.5,2.0,360.0,324.0,0.9,25.0,0.0107926400234845,0.4357771306395304,0.3608867473988517,0.2478028139402562,0.2769402558962094,16.465221783807422,6.382832080200501,24.0,24.11049458723757,318,10.054421061576798,40.50312692271886,-528.2652471707795,0.0,0.0,0.0,360.0,324.0,0.9,25.0,0.0107926400234845,0.4357771306395304,0.3608867473988517,new_non_BB86,not_matched,not_matched,,,2,,160.58182120521,160.58182120521,23.83475282922052,23.83475282922052,new_candidate,table_fits,True,ok,141,143,2,-530.3271480693061,-526.2033462722529,1.0,1.0,1.0,32.57486104130713,True,326,0.7483498262009352,196.03288151978467,5.300346842630889,0.6976056338028169,1.4636619718309858,0.7804225352112675,7.635791949710147,7,138,145,"0.739,0.906,0.884,0.772,0.726,0.717,0.717",False,1925.0000000000016,1173.9999999999875,1821,1.0,1.0,1.974457496436918,218175.17924433472,176208.72188651626,41966.45735781847,16.1421846264597,0.0787902203067129,204.87548535366105,218152.65782109555,176178.69332219736,15.43871712359437,1.0,0.0710361987538601,20.437181452312007,0.6467813389392009,0.6808647423001168,0.3191352576998831,5.870569268039897,5.267753399562378,5.870569268039897,0.837234822779768,0.837234822779768,True,ok,141,143,-530.3271480693061,-526.2033462722529,0.9,341.525987298185,91608.84177867837,25.0
154,160,329,2.0,10.522961875609816,40.80226961620213,-408.67499505624255,112.5,2.0,319.0,287.1,0.9,25.0,0.0100747820357226,0.4543895442918684,0.3649810044050491,0.2333170708761625,0.2603697655693531,12.058627635325417,6.367167919799498,24.0,24.11049458723757,"329,464",10.522959674276684,40.803172422272695,-408.67499505624255,0.0,6.500214779993146,3.250107389996573,339.5,287.55,0.8500000000000001,17.5,0.0100747820357226,0.4543895442918684,0.3649810044050491,new_non_BB86,not_matched,not_matched,,,33,,194.94358686491665,194.94358686491665,13.174995056242553,13.174995056242553,new_candidate,table_fits,True,ok,113,115,2,-414.860697751822,-410.736895954769,1.0,1.0,1.0,46.69671169147082,True,332,0.8265305541858226,269.8280977911928,5.374737675509919,0.7804225352112675,1.318732394366197,0.946056338028169,14.259492431246295,7,110,117,"0.735,0.750,0.839,0.838,0.828,0.739,0.714",False,1557.999999999999,1479.9999999999989,1427,1.0,1.0,7.390595336577119,208340.2959948752,143102.45886566932,65237.83712920587,19.079581282326732,0.074695577177254,255.43120494337336,208318.5060060228,143073.40554719942,20.59022888509317,1.0,0.2404987293232781,26.01452479052371,0.6273041400649341,0.7035613128240296,0.2964386871759704,0.708592938607018,3.6959631213182274,3.6959631213182274,0.8105898468609327,0.8105898468609327,True,ok,113,115,-414.860697751822,-410.736895954769,0.9,302.6299720781139,71930.61225493897,25.0
155,173,356,1.0,10.971833012453915,41.82773879275063,-157.1230854360095,51.5,2.0,360.0,342.0,0.95,-70.0,0.0087421486767875,0.472210277946766,0.3157585191967584,0.2253127580663659,0.2602207307774347,21.48336074021624,6.328947368421052,24.0,24.11049458723757,356,10.971833012453915,41.82773879275063,-157.1230854360095,0.0,0.0,0.0,360.0,342.0,0.95,-70.0,0.0087421486767875,0.472210277946766,0.3157585191967584,new_non_BB86,not_matched,not_matched,,,109,,117.90618142855712,117.90618142855712,19.87691456399051,19.87691456399051,new_candidate,table_fits,True,ok,51,53,2,-159.18498633453598,-155.061184537483,1.0,1.0,1.0,62.98400512093174,True,381,0.9731673763500008,372.5647724840642,7.97841682627597,0.6769014084507041,1.0495774647887324,1.008169014084507,15.920869703281245,7,48,55,"0.695,0.728,0.840,0.895,0.895,0.795,0.717",False,1211.9999999999964,2535.000000000001,1927,1.0,1.0,5.3415986961539765,323289.0852955383,177422.58979422797,145866.49550131033,21.632649392751453,0.0566396651925763,381.9346268944187,323266.3941365331,177392.33491555433,24.951648772885385,1.0,0.2426126730505995,31.316901308118293,0.4862293979897653,0.8024813422791033,0.1975186577208967,12.491438091907948,9.875322710372634,12.491438091907948,0.8594820473236544,0.8594820473236544,True,ok,51,53,-159.18498633453598,-155.061184537483,0.95,350.8845964131227,96698.22187749384,110.0
156,155,330,2.0,10.542164618047051,40.83146270504231,-400.4273914621365,110.5,2.0,319.0,287.1,0.9,45.0,0.0100598937100533,0.4540004742684101,0.3626837395109797,0.2329790612502411,0.2622358779171814,11.037761212080808,6.326441102756892,24.0,24.11049458723757,"319,330",10.54280797007144,40.831046821340365,-398.36549056361,2.0619008985264884,4.60980128495073,2.304900642475365,319.0,287.1,0.9,37.5,0.010716049577308,0.4540004742684101,0.3626837395109797,new_non_BB86,not_matched,not_matched,,,33,,113.29720302489088,113.29720302489088,4.927391462136484,4.927391462136484,new_candidate,table_fits,True,ok,110,112,2,-402.489292360663,-398.36549056361,1.0,1.0,1.0,55.2185450158704,True,320,0.8261556783961619,257.2471286205625,5.188760593312344,0.7390140845070423,1.318732394366197,0.6769014084507041,12.260677632560837,7,107,114,"0.840,0.795,0.828,0.871,0.761,0.683,0.728",False,1543.000000000005,1509.999999999999,1431,1.0,1.0,7.288671010584817,127356.7443955224,77196.76448564901,50159.97990987339,15.1592180017204,0.0676809846075593,223.9804590553674,127334.94600918372,77167.69997053078,17.86119183978614,1.0,0.0775912389756935,23.78479531212136,1.4764336997627978,0.7497348879208426,0.2502651120791573,12.596002501050084,9.849299696441388,12.596002501050084,0.8213763975749087,0.8213763975749087,False,background_gradient_dominates,110,112,-402.489292360663,-398.36549056361,0.9,302.6299720781139,71930.61225493897,45.0
157,158,326,1.0,10.899635355528726,41.75302976930056,-185.9896980153805,58.5,2.0,319.0,287.1,0.9,45.0,0.0103288461130044,0.4487213713370757,0.3577106850708766,0.2385816731834067,0.2697155959974561,12.15114987440768,6.320175438596492,24.0,24.11049458723757,326,10.899635355528726,41.75302976930056,-185.9896980153805,0.0,0.0,0.0,319.0,287.1,0.9,45.0,0.0103288461130044,0.4487213713370757,0.3577106850708766,new_non_BB86,not_matched,not_matched,,,92,,89.17628769836497,89.17628769836497,8.989698015380498,8.989698015380498,new_candidate,table_fits,True,ok,58,60,2,-188.051598913907,-183.927797116854,1.0,1.0,1.0,72.47114296803872,True,324,0.803203560930463,269.6698106764374,4.928392678235739,0.7390140845070423,1.3601408450704224,0.5733802816901408,13.322489524706516,7,55,62,"0.706,0.760,0.739,0.781,0.794,0.717,0.705",False,1267.1428571428655,2457.9999999999845,1430,1.0,1.0,7.288671010584817,168243.7457715329,112122.8956200924,56120.85015144052,14.489856099385626,0.0611608963485162,236.91373025040943,168221.94948236315,112093.83390119937,20.12299430227218,1.0,0.1563243421214476,26.57436077050566,0.6007432129066127,0.7226679013428747,0.2773320986571253,6.693657887812363,6.634104728435577,6.693657887812363,0.8402947129352977,0.8402947129352977,True,ok,58,60,-188.051598913907,-183.927797116854,0.9,302.6299720781139,71930.61225493897,45.0
158,169,348,4.0,11.296160066695794,41.63203328080812,-111.76126566842647,40.5,2.0,300.0,300.0,1.0,-90.0,0.0089261848773599,0.4513483165099085,0.3330510356733809,0.2296267559723769,0.2585953860581838,23.13586676062013,6.314536340852131,24.0,24.11049458723757,"348,420,435,647",11.296345251333074,41.63196285492055,-111.76126566842647,2.9159682149654507,7.826574722139287,5.031330278379995,309.5,309.5,1.0,83.40660728399325,0.0089261848773599,0.4513483165099085,0.3330510356733809,new_non_BB86,not_matched,not_matched,,,110,,62.3270726285616,62.3270726285616,28.13873433157353,28.13873433157353,new_candidate,table_fits,True,ok,40,42,2,-113.823166566953,-109.6993647699,1.0,1.0,1.0,48.70356699411077,True,323,0.8501492717422349,391.6047189434413,6.639381834453429,0.7597183098591549,1.2773239436619717,0.8425352112676057,20.968406609720603,7,37,44,"0.610,0.761,0.839,0.861,0.828,0.728,0.717",True,962.0000000000084,2334.9999999999905,1405,1.0,1.0,4.961161290227499,243865.67827290835,156306.30694168917,87559.37133121918,20.25211880570637,0.068438609202573,295.9165746013577,243843.93489516305,156277.3157713621,24.008314859825163,1.0,0.2814310500315897,26.844401126427123,0.5833202566621106,0.7997030185344288,0.2002969814655711,15.823882769129058,14.916085292874063,15.823882769129058,0.1259648484886465,0.1259648484886465,False,foreground_confusion_velocity;low_v9_final_score,40,42,-113.823166566953,-109.6993647699,1.0,300.0,70685.83470577035,90.0
161,170,349,3.0,11.504904352199356,42.187893126036094,-70.5232476978965,30.5,2.0,319.0,287.1,0.9,65.0,0.0088751649347711,0.4555373223389256,0.3305595875852775,0.2273343041158986,0.259261324553619,18.48868278497256,6.265664160401003,24.0,24.11049458723757,"349,555,818",11.502663306919736,42.18855702408226,-70.5232476978965,0.0,15.652515615076243,4.000224610739527,360.0,336.0,0.9,86.97337589160117,0.0088751649347711,0.4555373223389256,0.3305595875852775,new_non_BB86,not_matched,not_matched,,,141,,801.6883412485985,801.6883412485985,13.023247697896494,13.023247697896494,new_candidate,table_fits,True,ok,30,32,2,-72.585148596423,-68.46134679937,1.0,1.0,1.0,84.52769608735159,True,332,0.883554267910865,573.1708699364364,6.564991001574399,0.7597183098591549,1.2152112676056337,1.070281690140845,29.380349445301448,7,27,34,"0.730,0.705,0.717,0.906,0.828,0.695,0.681",True,806.9999999999911,2908.000000000015,1427,1.0,1.0,7.288671010584817,564472.8787620894,314682.7722775711,249790.10648451836,36.61337668584236,0.07325644732487,499.79732873849537,564451.088773237,314653.7189591012,38.58980669138769,1.0,0.0801662431088822,47.07104576017981,0.6305271050591127,0.7961769936220247,0.2038230063779753,1.617378357210448,1.166628520959213,1.617378357210448,0.1250673627759763,0.1250673627759763,False,foreground_confusion_velocity;low_v9_final_score,30,32,-72.585148596423,-68.46134679937,0.9,302.6299720781139,71930.61225493897,65.0
162,156,323,4.0,11.32461274989421,42.04427376961238,-49.9042387126315,25.5,2.0,319.0,287.1,0.9,45.0,0.0105387448245822,0.4679027338948767,0.3420424060753074,0.2405812865188663,0.2737105331198528,3.405205280716951,6.24624060150376,24.0,24.11049458723757,"323,471,505,721",11.323905823534156,42.04372200873948,-47.84233781410501,2.061900898526499,6.946900809049421,2.917810327249489,360.0,324.12,0.925,-17.5,0.0105387448245822,0.4679027338948767,0.3420424060753074,new_non_BB86,not_matched,not_matched,,,140,,182.80510291639,182.80510291639,11.695761287368498,11.695761287368498,new_candidate,table_fits,True,ok,25,27,2,-51.966139611158,-47.84233781410501,1.0,1.0,1.0,19.830595332963803,True,326,0.88365818615025,97.9568060803611,6.769565791991732,0.7597183098591549,1.2152112676056337,1.0495774647887324,5.01196353693256,6,23,29,"0.155,0.680,0.781,0.983,0.795,0.739,0.817",True,943.2857142857184,2759.142857142844,1431,1.0,1.0,4.792644037907765,16068.329657201304,9274.860661313336,6793.468995887968,19.915159692370665,0.2414937320077774,82.46656973991063,16046.531270862635,9245.79614619511,6.321506071289058,1.0,0.2274162510764623,8.44030679043264,5.691901341318287,0.813163892277066,0.1868361077229339,-0.6059900904598764,0.7577065997721315,0.7577065997721315,0.1167551998611495,0.1167551998611495,False,foreground_confusion_velocity;background_gradient_dominates;low_v9_final_score,25,27,-51.966139611158,-47.84233781410501,0.9,302.6299720781139,71930.61225493897,45.0
164,179,364,1.0,9.784888783755408,40.31851345236316,-553.0080579530975,147.5,2.0,360.0,360.0,1.0,-90.0,0.0084683204244999,0.4761529355432998,0.3077190737034172,0.2231977004406395,0.258944495853454,15.54858122204756,6.208646616541353,24.0,24.11049458723757,364,9.784888783755408,40.31851345236316,-553.0080579530975,0.0,0.0,0.0,360.0,360.0,1.0,-90.0,0.0084683204244999,0.4761529355432998,0.3077190737034172,new_non_BB86,not_matched,not_matched,,,1,,1068.4349720121072,1068.4349720121072,46.208057953097466,46.208057953097466,new_candidate,table_fits,True,ok,147,149,2,-555.069958851624,-550.946157054571,1.0,1.0,1.0,61.27974127869602,True,464,0.9955640047013712,324.40061285909354,9.280256401658995,0.6769014084507041,1.008169014084507,1.008169014084507,12.844137510548787,7,144,151,"0.884,0.940,0.940,0.984,0.918,0.683,0.672",False,2137.714285714284,986.0000000000032,2027,1.0,1.0,6.77471239186236,111035.33617794613,36496.18858297639,74539.14759496973,21.41422631591638,0.0784310440671513,273.0325290274332,111012.49324150676,36465.73133439058,18.03170904800257,1.0,0.2502015824385779,23.318688395278667,1.3180044764276635,0.89933771949619,0.10066228050381,3.22173459979568,3.859178689406882,3.859178689406882,0.8163770854559739,0.8163770854559739,False,background_gradient_dominates,147,149,-555.069958851624,-550.946157054571,1.0,360.0,101787.6019763093,90.0
165,147,299,3.0,11.109034664699772,41.85829434464626,-99.3898602772675,37.5,2.0,319.0,287.1,0.9,-15.0,0.0115739106506587,0.4253745064306138,0.3441508408966476,0.2638581579012455,0.2996327677744128,9.135364743373616,6.200501253132832,24.0,24.11049458723757,"299,339,447",11.10946977574226,41.85829275946205,-99.3898602772675,1.943978809976974,5.315117699887571,4.000212497674618,319.0,252.0,0.7,-5.888642163314842,0.0115739106506587,0.4499620293313122,0.358592302313923,new_non_BB86,not_matched,not_matched,,,122,,107.7215923110606,107.7215923110606,40.5101397227325,40.5101397227325,new_candidate,table_fits,True,ok,37,39,2,-101.451761175794,-97.327959378741,1.0,1.0,1.0,33.82262031749634,True,310,0.8716953157149638,226.7542494042768,5.746691839905069,0.7390140845070423,1.2359154929577465,0.883943661971831,11.209313480816734,7,34,41,"0.795,0.862,0.817,0.916,0.826,0.717,0.695",True,1106.9999999999966,2566.857142857149,1437,1.0,1.0,1.5431251403803403,109133.99626267784,64987.93785065213,44146.05841202572,19.459900943185406,0.0926102165935353,210.12693479159637,109112.1853240196,64958.85659910781,16.576928821528888,1.0,0.1002350341967102,20.627793839571915,1.5601534317048185,0.7769383843876855,0.2230616156123145,7.721644662800394,7.781333424876596,7.781333424876596,0.1217909060053541,0.1217909060053541,False,foreground_confusion_velocity;background_gradient_dominates;low_v9_final_score,37,39,-101.451761175794,-97.327959378741,0.9,302.6299720781139,71930.61225493897,165.0
168,165,342,4.0,10.09521699730309,40.68294475272764,-573.6270669383625,152.5,2.0,319.0,287.1,0.9,45.0,0.0093238879065349,0.4563036844649621,0.3319249832074041,0.2315058288091421,0.2659139958462652,8.11443698603801,6.124060150375939,24.0,24.11049458723757,"342,524,1023,1200",10.09172465968901,40.68431565332408,-573.6270669383625,1.7856585582099236,27.51829091729386,7.8821885787724915,407.4,373.86000000000007,0.9,70.60301155650154,0.0093238879065349,0.4563036844649621,0.3319249832074041,new_non_BB86,not_matched,not_matched,,,12,,186.42020525229992,186.42020525229992,3.272933061637445,3.272933061637445,new_candidate,table_fits,True,ok,153,155,2,-579.812769633942,-575.688967836889,1.0,1.0,1.0,80.43200302884412,True,326,0.7391874318833135,168.8851867329433,20.71784695680986,1.1116901408450703,1.4843661971830986,0.9253521126760562,6.025420057378956,7,150,157,"0.817,0.873,0.939,0.784,0.706,0.670,0.663",False,1891.8571428571368,1358.7142857142994,1431,1.0,1.0,7.390595336577119,133125.75548997053,131747.62319099513,1378.1322989753971,2.79567852894313,0.0751103673145652,37.22094071561009,133103.95710363187,131718.5586758769,4.577763064271766,0.732484076433121,0.969548444525874,16.340823406946406,2.7231721785146425,0.5069471617684249,0.493052838231575,0.7726564347476643,0.9600773586250836,0.9600773586250836,0.6129035488053064,0.6129035488053064,False,off_center_deficit_peak;background_gradient_dominates;diffuse_growth_tail,153,155,-579.812769633942,-575.688967836889,0.9,302.6299720781139,71930.61225493897,45.0
170,185,386,1.0,10.516280352737404,41.47810022833324,-268.4657339564405,78.5,2.0,360.0,360.0,1.0,-90.0,0.0077486761837468,0.4627935857514729,0.3163388169774154,0.2146351094689102,0.2465965127461502,16.93994427363084,6.026315789473684,24.0,24.11049458723757,386,10.516280352737404,41.47810022833324,-268.4657339564405,0.0,0.0,0.0,360.0,360.0,1.0,-90.0,0.0077486761837468,0.4627935857514729,0.3163388169774154,new_non_BB86,not_matched,not_matched,,,58,,198.44043727791887,198.44043727791887,23.93426604355949,23.93426604355949,new_candidate,table_fits,True,ok,78,80,2,-270.527634854967,-266.403833057914,1.0,1.0,1.0,58.683280701406126,True,441,0.8840292819665914,313.89221760367127,8.424761823550151,0.7183098591549295,1.2152112676056337,0.9253521126760562,12.902158347596076,6,76,82,"0.343,0.701,0.773,0.851,0.784,0.704,0.695",False,1561.8571428571431,2175.1428571428555,2024,1.0,1.0,6.262317918222211,177529.40283253492,109931.01231219256,67598.39052034236,13.208048598931155,0.0507979313637833,260.0115446501805,177506.5643394437,109900.56098807092,17.618641108201814,1.0,0.46209695530936,24.61657228026733,1.369802615263821,0.8247872635517058,0.1752127364482941,-1.801371222073172,-3.298217893404583,-1.801371222073172,0.7413889282182752,0.7413889282182752,False,background_gradient_dominates,78,80,-270.527634854967,-266.403833057914,1.0,360.0,101787.6019763093,90.0
173,176,361,1.0,10.997932356396214,41.82864387760382,-165.3706890301155,53.5,2.0,319.0,255.2,0.8,40.0,0.0085570771999631,0.4386689538207781,0.3441228946936558,0.2221383149720683,0.2551828658783764,11.78161185863608,5.99561403508772,24.0,24.11049458723757,361,10.997932356396214,41.82864387760382,-165.3706890301155,0.0,0.0,0.0,319.0,255.2,0.8,40.0,0.0085570771999631,0.4386689538207781,0.3441228946936558,new_non_BB86,not_matched,not_matched,,,112,,125.26636006929,125.26636006929,17.17068903011551,17.17068903011551,new_candidate,table_fits,True,ok,53,55,2,-167.43258992864202,-163.308788131589,1.0,1.0,1.0,79.29832046690834,True,294,0.7925400323744703,264.6949732164192,5.1143697604333145,0.7804225352112675,1.380845070422535,0.6976056338028169,13.662886068462791,7,50,57,"0.672,0.695,0.706,0.761,0.859,0.806,0.750",False,1192.0000000000002,2535.9999999999973,1259,1.0,1.0,5.441267628221113,148956.602416527,98949.01221841256,50007.59019811444,14.620091877557543,0.06537341088675,223.6397287405538,148935.18819742487,98920.45992627637,18.786176114523936,1.0,0.0846586198313062,26.82100243054821,0.6319553477391832,0.743339158175208,0.256660841824792,8.42702227420463,6.167363693388944,8.42702227420463,0.8499431898889678,0.8499431898889678,True,ok,53,55,-167.43258992864202,-163.308788131589,0.7999999999999999,285.3222739289732,63938.32200439018,40.0
175,177,362,5.0,11.374556632216912,41.90675281709613,-58.15184230673751,27.5,2.0,319.0,287.1,0.9,45.0,0.0085305936942385,0.4461336971393981,0.3521289967707466,0.2187631489337159,0.2482208591362426,6.554146087790622,5.944235588972432,24.0,24.11049458723757,"362,587,746,804,854",11.373994974342349,41.90658944587602,-62.275644103790505,2.6081212595565826,7.826898102852051,3.0415547619957564,382.8,304.5,0.8,-75.0,0.0085305936942385,0.4461336971393981,0.3521289967707466,new_non_BB86,not_matched,not_matched,,,137,,67.35047177137558,67.35047177137558,0.6518423067375068,0.6518423067375068,new_candidate,table_fits,True,ok,27,29,2,-60.21374320526401,-56.08994140821101,1.0,1.0,1.0,53.013693133821874,True,320,0.8269518251602669,170.34350585795434,5.635105590586524,0.7390140845070423,1.318732394366197,0.6769014084507041,7.729569805190599,7,24,31,"0.528,0.601,0.702,0.771,0.872,0.884,0.828",True,904.0000000000214,2617.999999999948,1431,1.0,1.0,7.288671010584817,62426.8429804468,38564.48081930165,23862.362161145145,26.74976328212066,0.1731398811844191,154.49798798018278,62405.04459410813,38535.41630418343,11.764015281511536,1.0,0.1038116047190639,15.970823330644842,1.4026056985197275,0.7371984596049441,0.2628015403950558,1.5647195652486632,1.9448788059842408,1.9448788059842408,0.1186268757332715,0.1186268757332715,False,foreground_confusion_velocity;background_gradient_dominates;low_v9_final_score,27,29,-60.21374320526401,-56.08994140821101,0.9,302.6299720781139,71930.61225493897,45.0
177,189,391,3.0,10.25008263766848,41.03198435847176,-462.28441841793153,125.5,2.0,360.0,360.0,1.0,-90.0,0.007584352161207,0.4631034480726574,0.3044385710222292,0.2147585833301487,0.2504899294407253,13.008415827678029,5.912907268170425,24.0,24.11049458723757,"391,774,775",10.25419048819122,41.03264788746724,-462.28441841793153,1.9439788099769808,27.57780120480792,8.732180230837416,420.0,420.0,1.0,-90.0,0.007584352161207,0.4631034480726574,0.3044385710222292,new_non_BB86,not_matched,not_matched,,,30,,362.07168436776846,362.07168436776846,37.98441841793152,37.98441841793152,new_candidate,table_fits,True,ok,126,128,2,-468.47012111351097,-464.346319316458,1.0,1.0,1.0,28.793985005766743,True,418,0.7391874320517953,132.41779628865942,29.477367528315646,0.9046478873239436,1.4843661971830986,0.8425352112676057,5.510183691129492,7,123,130,"0.683,0.695,0.906,0.895,0.695,0.667,0.672",False,1769.2857142857106,1716.9999999999982,2027,1.0,1.0,2.539350434075397,199164.23907402795,191016.114540401,8148.124533626949,5.359810737666484,0.0593496003742504,90.3091293600674,199141.3961375886,190985.6572918152,8.48697756152198,0.7947598253275109,0.2996661708816731,12.0185009791203,1.936006502805908,0.6654140753407122,0.3345859246592878,-10.321454768822468,1.5904648052188823,1.5904648052188823,0.720006031058507,0.720006031058507,False,background_gradient_dominates,126,128,-468.47012111351097,-464.346319316458,1.0,360.0,101787.6019763093,90.0
178,196,404,3.0,10.510969853399097,41.45364775036021,-284.96094114465245,82.5,2.0,360.0,342.0,0.95,-20.0,0.007128035752666,0.4488724419789892,0.3208896020542157,0.2066344987477838,0.2394905880954189,19.843764305137803,5.886591478696742,24.0,24.11049458723757,"404,755,841",10.511831340716371,41.45489902729273,-284.96094114465245,0.0,14.849246129010227,4.6098061401986365,420.0,399.0,0.95,61.61135783668516,0.007128035752666,0.4488724419789892,0.3208896020542157,new_non_BB86,not_matched,not_matched,,,58,,178.42812882047178,178.42812882047178,7.439058855347525,7.439058855347525,new_candidate,table_fits,True,ok,82,84,2,-287.02284204317897,-282.899040246126,1.0,1.0,1.0,71.38181971620759,True,446,0.8951283730997299,376.3740068502304,7.97841682627597,0.6976056338028169,1.1945070422535211,0.9046478873239436,15.133360392132683,7,79,86,"0.695,0.683,0.683,0.816,0.917,0.817,0.806",False,1566.0000000000057,2149.999999999997,1927,1.0,1.0,6.878125530221501,245567.42934470848,120544.49104662464,125022.93829808384,18.43901070152767,0.0521470360504911,353.59652432928664,245544.73818570323,120514.23616795098,23.91117845739047,1.0,0.1361553186196505,30.537255669934197,0.6036283097778224,0.8033549127915418,0.1966450872084582,10.468340381961374,4.025535276759178,10.468340381961374,0.8581037512565609,0.8581037512565609,True,ok,82,84,-287.02284204317897,-282.899040246126,0.95,350.8845964131227,96698.22187749384,160.0
180,184,379,2.0,11.478060219066816,41.930403342102345,-66.3994459008435,29.5,2.0,319.0,223.3,0.7,45.0,0.0079209833598958,0.4489454692642143,0.324212140276473,0.2185262488837688,0.2490305477373715,10.32284449579713,5.866541353383458,24.0,24.11049458723757,"379,486",11.478449163827111,41.93165083463405,-68.46134679937,2.0619008985264955,9.220393514149572,4.610196757074786,350.9,245.63,0.7,45.0,0.0079209833598958,0.4489454692642143,0.324212140276473,new_non_BB86,not_matched,not_matched,,,138,,233.6897278162325,233.6897278162325,7.600554099156497,7.600554099156497,new_candidate,table_fits,True,ok,29,31,2,-68.46134679937,-64.337545002317,1.0,1.0,1.0,63.69335359348087,True,254,0.8818142098400734,265.82482440545573,5.151565176872829,0.7597183098591549,1.2152112676056337,0.6147887323943662,15.034817240406769,7,26,33,"0.565,0.622,0.717,0.825,0.915,0.939,0.906",True,825.0000000000126,2642.99999999998,1113,1.0,1.0,7.699221092906247,92785.06596040016,43911.52319982648,48873.54276057368,23.682678513046195,0.1071180711827483,221.0894786617513,92764.02151734632,43883.463942421375,18.73499534583378,1.0,0.0905130090353757,24.843272687207858,0.8774161205737396,0.8160976524112051,0.1839023475887949,1.1055096579404964,0.5458926026456903,1.1055096579404964,0.120155512727587,0.120155512727587,False,foreground_confusion_velocity;background_gradient_dominates;low_v9_final_score,29,31,-68.46134679937,-64.337545002317,0.7000000000000001,266.8945484643701,55946.03175384142,45.0
181,187,389,2.0,9.994108615990337,40.39956998501643,-520.0176435766735,139.5,2.0,319.0,287.1,0.9,75.0,0.0076373939742018,0.4399530257728585,0.3463657425139322,0.2098740768371447,0.2388059564983854,11.868182131036807,5.845864661654135,24.0,24.11049458723757,"389,585",9.99410291552554,40.40012558720555,-520.0176435766735,0.0,4.000457866972578,2.000228933486289,339.5,287.55,0.8500000000000001,82.5,0.0076373939742018,0.4399530257728585,0.3463657425139322,new_non_BB86,not_matched,not_matched,,,1,,436.1120505480788,436.1120505480788,13.217643576673538,13.217643576673538,new_candidate,table_fits,True,ok,139,141,2,-522.0795444752,-517.9557426781471,1.0,1.0,1.0,64.8621303738021,True,330,0.8050202525583319,315.5193853462702,5.9326689221026445,0.7390140845070423,1.3601408450704224,0.883943661971831,14.611795620480873,7,136,143,"0.784,0.773,0.784,0.783,0.827,0.784,0.688",False,1972.9999999999936,1067.857142857149,1434,1.0,1.0,7.390595336577119,189251.78108845,117914.49562058091,71337.28546786906,24.22604309421649,0.0906989110121294,267.1040128693129,189229.9764193865,117885.42272849628,20.68221510342054,1.0,0.1041155186773283,28.078653688957893,0.7247184586264075,0.7535713088229018,0.2464286911770982,1.93504321318392,7.965394914806402,7.965394914806402,0.8360493460612017,0.8360493460612017,True,ok,139,141,-522.0795444752,-517.9557426781471,0.9,302.6299720781139,71930.61225493897,75.0
182,163,333,1.0,10.075360061012226,40.5708866081912,-557.1318597501505,148.5,2.0,319.0,287.1,0.9,45.0,0.0098967573478429,0.3923347899191586,0.3371188380374625,0.2563471132127849,0.2918936513538973,12.8514521475886,5.80639097744361,24.0,24.11049458723757,333,10.075360061012226,40.5708866081912,-557.1318597501505,0.0,0.0,0.0,319.0,287.1,0.9,45.0,0.0098967573478429,0.3923347899191586,0.3371188380374625,new_non_BB86,not_matched,not_matched,,,2,,126.86479750894355,126.86479750894355,5.031859750150488,5.031859750150488,new_candidate,table_fits,True,ok,148,150,2,-559.193760648677,-555.069958851624,1.0,1.0,1.0,57.34836267158151,True,326,0.8154817705632327,310.2579509538479,5.430530800169191,0.7597183098591549,1.33943661971831,0.9667605633802816,15.504446180574757,7,145,152,"0.817,0.806,0.784,0.804,0.804,0.806,0.806",False,1908.142857142848,1243.5714285714348,1429,1.0,1.0,7.288671010584817,182198.89342882996,117936.85352943678,64262.03989939316,20.958939870554087,0.0826737260044929,253.51391407489083,182177.09923829616,117907.79460872506,20.45707621282608,1.0,0.2035820736178455,25.51786336107771,0.3132775404129176,0.7534868183321943,0.2465131816678056,7.620357287836079,1.620791466930852,7.620357287836079,0.8800766921552906,0.8800766921552906,True,ok,148,150,-559.193760648677,-555.069958851624,0.9,302.6299720781139,71930.61225493897,45.0
184,183,374,1.0,10.735499597943315,41.60446307086194,-243.7229231741225,72.5,2.0,319.0,191.4,0.6,45.0,0.0082136144725857,0.4194378165478301,0.3544847534543963,0.2211942657855538,0.2497441392542632,12.53444067148878,5.790726817042607,24.0,24.11049458723757,374,10.735499597943315,41.60446307086194,-243.7229231741225,0.0,0.0,0.0,319.0,191.4,0.6,45.0,0.0082136144725857,0.4194378165478301,0.3544847534543963,new_non_BB86,not_matched,not_matched,,,72,,30.495595211815093,30.495595211815093,25.522923174122525,25.522923174122525,new_candidate,table_fits,True,ok,73,75,2,-249.90862586970204,-245.784824072649,1.0,1.0,1.0,78.33224611073365,True,218,0.7168901601277904,163.54075981067191,13.780901790840312,1.1323943661971831,1.5257746478873238,0.7183098591549295,7.707722834338099,7,70,77,"0.850,0.859,0.833,0.717,0.717,0.739,0.784",False,1393.0000000000011,2304.999999999979,953,1.0,1.0,7.904497635720171,143508.07104896285,134988.04720941532,8520.023839547503,6.932613250475251,0.0750761181935623,92.34112547749854,143487.49220425187,134960.6087498007,10.68275411116102,0.963302752293578,0.1008867455348204,17.117098061966853,0.7374315141519495,0.4876087153920627,0.5123912846079374,16.415242781094943,-5.834462738107123,16.415242781094943,0.7968785446659153,0.7968785446659153,False,diffuse_growth_tail,73,75,-249.90862586970204,-245.784824072649,0.6,247.09633748803319,47953.741503292644,45.0
185,188,390,2.0,10.51600415096487,41.51296127666394,-272.58953575349346,79.5,2.0,319.0,287.1,0.9,-25.0,0.0076162163206414,0.4307773191835352,0.3455262732349722,0.2119696938553661,0.2413968467813852,14.05282848722352,5.788220551378445,24.0,24.11049458723757,"390,521",10.516001615746394,41.5139335059214,-272.58953575349346,0.0,7.000063997834081,3.5000319989170405,339.5,269.55,0.8,-20.0,0.0076162163206414,0.4307773191835352,0.3455262732349722,new_non_BB86,not_matched,not_matched,,,58,,263.0099977814841,263.0099977814841,19.81046424650652,19.81046424650652,new_candidate,table_fits,True,ok,79,81,2,-274.65143665202,-270.527634854967,1.0,1.0,1.0,80.62243794589709,True,332,0.8042336961143166,363.6858530729554,5.374737675509919,0.7597183098591549,1.3601408450704224,0.946056338028169,17.359896710467332,7,76,83,"0.688,0.728,0.761,0.750,0.872,0.951,0.962",False,1562.0000000000016,2211.000000000006,1427,1.0,1.0,6.980006706767279,273242.2243881652,170345.66552222715,102896.55886593802,18.96350921405836,0.0591157159787629,320.78625624480134,273220.4343993127,170316.61220375725,25.48123291181634,1.0,0.1140571949606541,33.111646447479295,0.4339678811884623,0.7301782443925778,0.2698217556074221,7.59511503925938,4.148459018608898,7.59511503925938,0.8712371338397195,0.8712371338397195,True,ok,79,81,-274.65143665202,-270.527634854967,0.9,302.6299720781139,71930.61225493897,155.0
187,172,352,5.0,10.763461577028462,41.0747227721449,-363.3131752886595,101.5,2.0,319.0,287.1,0.9,-45.0,0.0087908678519682,0.4073729144731493,0.3318655054362175,0.2383798517705252,0.272777121729286,13.997144462172674,5.773809523809525,24.0,24.11049458723757,"352,549,589,607,933",10.76290839419859,41.07433425218515,-359.1893734916065,3.085970691107009,5.408347056565231,4.949771899478147,360.0,342.0,0.9,-76.717474411461,0.0087908678519682,0.415594315027695,0.3318655054362175,new_non_BB86,not_matched,not_matched,,,45,,87.30905122247968,87.30905122247968,9.013175288659513,9.013175288659513,new_candidate,table_fits,True,ok,102,104,2,-369.498877984239,-365.375076187186,1.0,1.0,1.0,76.70434153856112,True,324,0.7280390028627816,217.1775412338865,20.755042373249378,1.008169014084507,1.5050704225352112,0.7390140845070423,9.24027695108553,7,99,106,"0.929,0.940,0.884,0.761,0.695,0.706,0.694",False,1370.999999999999,1760.1428571428544,1430,1.0,1.0,7.08339764514741,189640.6823605324,173513.80053406066,16126.88182647174,7.837636295914973,0.061703826619565,127.02026317164936,189618.88607136265,173484.73881516766,11.122482074696192,1.0,0.3024785132457846,15.353787000516228,1.04233489133034,0.5601919959734804,0.4398080040265196,4.3998991889927686,5.036182666717028,5.036182666717028,0.7572971510711834,0.7572971510711834,False,background_gradient_dominates;diffuse_growth_tail,102,104,-369.498877984239,-365.375076187186,0.9,302.6299720781139,71930.61225493897,135.0
188,194,400,2.0,11.058210656561602,41.262757778178745,-251.97052676822847,74.5,2.0,319.0,287.1,0.9,25.0,0.0073169839184955,0.4327691746663284,0.3404236767508278,0.2077933534354802,0.2390145675947271,11.661922892904602,5.681704260651629,24.0,24.11049458723757,"400,932",11.057835571240371,41.26178675784245,-251.97052676822847,0.0,7.280115420651872,3.640057710325936,375.5,294.75,0.8,5.0,0.0073169839184955,0.4327691746663284,0.3404236767508278,new_non_BB86,not_matched,not_matched,,,64,,65.77911472197596,65.77911472197596,19.829473231771544,19.829473231771544,new_candidate,table_fits,True,ok,74,76,2,-254.03242766675496,-249.90862586970204,1.0,1.0,1.0,62.07411042923855,True,329,0.8038588203246559,291.7212568960384,5.188760593312344,0.7597183098591549,1.3601408450704224,0.9046478873239436,13.769066538965264,7,71,78,"0.487,0.696,0.784,0.817,0.759,0.750,0.761",False,1143.2857142857188,1954.1428571428537,1429,1.0,1.0,4.710598729784321,188939.1747757356,127733.47231591002,61205.70245982557,16.286543360378364,0.0658274760943284,247.41254452837163,188917.3805852018,127704.41339519832,19.783702602017343,1.0,0.2169938274370015,26.42871749085555,1.988902947908792,0.7424194376178533,0.2575805623821467,-1.938288491008872,9.311546014949242,9.311546014949242,0.8003026130397456,0.8003026130397456,False,background_gradient_dominates,74,76,-254.03242766675496,-249.90862586970204,0.9,302.6299720781139,71930.61225493897,25.0
189,200,419,4.0,10.703550995437864,40.95891362240467,-355.0655716945535,99.5,2.0,382.8,382.8,1.0,-45.0,0.0068001099675702,0.4566839112781614,0.300196690537204,0.2054976726534741,0.2413722930081041,10.36975630533869,5.656015037593985,24.0,24.11049458723757,"419,683,713,1171",10.703091854424102,40.96110121780135,-355.0655716945535,1.7856585582099236,22.561329745273767,7.009654160834838,427.5,427.5,1.0,-80.782525588539,0.0068001099675702,0.4566839112781614,0.300196690537204,new_non_BB86,not_matched,not_matched,,,40,,102.54303392711942,102.54303392711942,11.53442830544651,11.53442830544651,new_candidate,table_fits,True,ok,99,101,2,-357.12747259308003,-353.003670796027,1.0,1.0,1.0,42.440785406458666,True,453,0.96205609077709,416.6327237075766,8.294577866011847,0.6769014084507041,1.070281690140845,1.0288732394366198,16.698289999353577,7,96,103,"0.706,0.706,0.784,0.884,0.884,0.784,0.728",False,1417.428571428572,1641.0000000000196,2280,1.0,1.0,6.672854781212783,404679.5901115025,215337.7094123209,189341.8806991816,22.380994083447757,0.051433628293725,435.14320933447095,404656.3943193367,215306.7816894331,27.05429667913512,1.0,0.1606608168207826,32.03853568068195,0.7898023420179674,0.7963586267767081,0.2036413732232918,12.192796684961428,8.691818553707998,12.192796684961428,0.8270281328160873,0.8270281328160873,True,ok,99,101,-357.12747259308003,-353.003670796027,1.0,382.8,115088.97960790235,135.0
190,167,346,1.0,10.449836790780164,40.882145706622346,-482.9034274031965,130.5,2.0,319.0,255.2,0.8,35.0,0.0091561083391684,0.3957824324344636,0.3199836252100311,0.2499647484059455,0.2892330311961666,9.812543423767751,5.644110275689223,24.0,24.11049458723757,346,10.449836790780164,40.882145706622346,-482.9034274031965,0.0,0.0,0.0,319.0,255.2,0.8,35.0,0.0091561083391684,0.3957824324344636,0.3199836252100311,new_non_BB86,not_matched,not_matched,,,34,,138.07992600317098,138.07992600317098,0.8034274031964515,0.8034274031964515,new_candidate,table_fits,True,ok,130,132,2,-484.965328301723,-480.84152650467,1.0,1.0,1.0,28.636937994968,True,290,0.8156652633651247,233.5064876089762,5.542117049487737,0.7804225352112675,1.33943661971831,1.008169014084507,12.637680930003246,7,127,134,"0.692,0.679,0.746,0.838,0.794,0.750,0.705",False,1614.7142857142858,1562.2857142857133,1270,1.0,1.0,2.7581350419579933,112563.96350817704,74859.58958451619,37704.37392366087,16.83371118048395,0.0866847795186933,194.19454342447528,112542.5231916387,74831.00249579837,16.080697218657797,1.0,0.2453472151569145,21.727780787020603,0.8832135691727748,0.7296122701748413,0.2703877298251587,3.3796530128895834,1.661511208894897,3.3796530128895834,0.7808975454700096,0.7808975454700096,False,background_gradient_dominates,130,132,-484.965328301723,-480.84152650467,0.7999999999999999,285.3222739289732,63938.32200439018,35.0
191,193,399,1.0,10.47362561838162,41.31233499235971,-367.4369770857125,102.5,2.0,319.0,287.1,0.9,-45.0,0.0073212301512054,0.4310286732572145,0.3335608549825236,0.2100466355608936,0.2424304066955893,9.96334854603358,5.627192982456141,24.0,24.11049458723757,399,10.47362561838162,41.31233499235971,-367.4369770857125,0.0,0.0,0.0,319.0,287.1,0.9,-45.0,0.0073212301512054,0.4310286732572145,0.3335608549825236,new_non_BB86,not_matched,not_matched,,,49,,91.60593694846698,91.60593694846698,13.136977085712488,13.136977085712488,new_candidate,table_fits,True,ok,102,104,2,-369.498877984239,-365.375076187186,1.0,0.9694793536804308,0.99079754601227,40.42730482814609,True,323,0.7935834997561265,255.83116928184327,5.690898715245797,0.7804225352112675,1.380845070422535,0.9253521126760562,11.86093984450293,7,99,106,"0.672,0.683,0.695,0.748,0.826,0.761,0.705",False,1595.1428571428614,2004.714285714286,1321,1.0,0.8784530386740331,0.5806600088332617,125757.82460046494,80317.85098566898,45439.97361479596,11.020306680551174,0.0516940200623318,213.1833946607956,125736.26616755138,80289.10640845088,17.350883671472488,1.0,0.2274162510762774,24.033339208059616,1.6386836872010957,0.7568900338717858,0.2431099661282142,-1.909181196676756,3.553301852322136,3.553301852322136,0.7545304311431538,0.7545304311431538,False,background_gradient_dominates,102,104,-369.498877984239,-365.375076187186,0.9,302.6299720781139,71930.61225493897,135.0
194,195,401,1.0,10.535677177851566,40.8593719326808,-421.0464004474015,115.5,2.0,319.0,255.2,0.8,25.0,0.0072069586443562,0.4331015627133529,0.3323730980664936,0.2077970902766507,0.240933368220439,9.13507292003077,5.605263157894737,24.0,24.11049458723757,401,10.535677177851566,40.8593719326808,-421.0464004474015,0.0,0.0,0.0,319.0,255.2,0.8,25.0,0.0072069586443562,0.4331015627133529,0.3323730980664936,new_non_BB86,not_matched,not_matched,,,35,,145.19033828525662,145.19033828525662,37.94640044740146,37.94640044740146,new_candidate,table_fits,True,ok,115,117,2,-423.108301345928,-418.98449954887496,1.0,1.0,1.0,48.917019757884,True,273,0.8030398810756123,219.6558741279784,4.872599553576467,0.7804225352112675,1.3601408450704224,0.8632394366197182,11.291684615786355,7,112,119,"0.706,0.706,0.706,0.814,0.770,0.695,0.683",False,1547.9999999999995,1538.714285714295,1263,1.0,1.0,4.364617003929527,92695.04621129908,64960.18180146221,27734.864409836868,12.157715624905654,0.0729933091520356,166.55931572553726,92673.62247593205,64931.616820972806,13.878525791797212,1.0,0.2405556412755112,19.778513708073334,1.2719096474231624,0.78103417672754,0.2189658232724599,0.5677120652883119,-1.0301945936615684,0.5677120652883119,0.7688731242455192,0.7688731242455192,False,background_gradient_dominates,115,117,-423.108301345928,-418.98449954887496,0.7999999999999999,285.3222739289732,63938.32200439018,25.0
195,198,409,4.0,10.737630562442874,41.0279316091927,-342.6941663033945,96.5,2.0,319.0,223.3,0.7,-45.0,0.0070477287635749,0.4342685372569541,0.327101225119543,0.2077422635166102,0.2388271992860349,10.86217890943436,5.598997493734336,24.0,24.11049458723757,"409,942,995,1140",10.739565011506617,41.02963206810344,-348.879868998974,4.610550571973143,19.906205981930967,16.602886465012624,462.55,409.74750000000006,0.8500000000000001,-59.99999999999999,0.0070477287635749,0.4342685372569541,0.327101225119543,new_non_BB86,not_matched,not_matched,,,43,,97.56831874925167,97.56831874925167,44.60583369660549,44.60583369660549,new_candidate,table_fits,True,ok,96,98,2,-344.75606720192104,-340.632265404868,1.0,1.0,1.0,74.97590482722069,True,254,0.8231930292585636,279.5633817806884,4.333266015203499,0.7597183098591549,1.318732394366197,0.6147887323943662,15.1285417304121,7,93,100,"0.728,0.782,0.784,0.790,0.845,0.939,0.951",False,1390.9999999999998,1712.000000000002,1113,1.0,1.0,7.08339764514741,168048.7725681695,103850.53113558434,64198.24143258514,18.11539721126533,0.0714928432743298,253.38756135007185,168027.72812511565,103822.47187817925,21.98930039976861,1.0,1.9323670378586123e-13,29.44700663532656,0.8477689121461105,0.7397358324242382,0.2602641675757617,8.827064763911578,7.094099110142066,8.827064763911578,0.8307408499514691,0.8307408499514691,True,ok,96,98,-344.75606720192104,-340.632265404868,0.7000000000000001,266.8945484643701,55946.03175384142,135.0
197,171,350,1.0,10.413216623451484,41.29873661964052,-371.5607788827655,103.5,2.0,319.0,287.1,0.9,45.0,0.0088369581638321,0.3877880751137065,0.3381609050711472,0.2425627728460266,0.2778182703993951,10.160629763060362,5.568295739348371,24.0,24.11049458723757,350,10.413216623451484,41.29873661964052,-371.5607788827655,0.0,0.0,0.0,319.0,287.1,0.9,45.0,0.0088369581638321,0.3877880751137065,0.3381609050711472,new_non_BB86,not_matched,not_matched,,,50,,74.47935993225057,74.47935993225057,11.539221117234549,11.539221117234549,new_candidate,table_fits,True,ok,103,105,2,-373.622679781292,-369.498877984239,1.0,0.9946284691136974,1.0,38.75021374552983,True,325,0.8033077863077466,219.9694894029672,4.965588094675254,0.7597183098591549,1.3601408450704224,0.8425352112676057,10.173653584190458,7,100,107,"0.795,0.962,0.839,0.817,0.739,0.717,0.717",False,1641.857142857138,1990.857142857132,1400,1.0,0.97,0.7258250110415772,116667.80979689516,77511.58323246599,39156.22656442916,11.2683593884292,0.0569403461598512,197.897627049808,116646.07711434834,77482.60632240358,16.286615778886052,1.0,0.2208010239873757,21.83788122901081,1.467653012842178,0.7373950931655423,0.2626049068344577,7.313824203281813,3.552018767549781,7.313824203281813,0.7669537337530511,0.7669537337530511,False,background_gradient_dominates,103,105,-373.622679781292,-369.498877984239,0.9,302.6299720781139,71930.61225493897,45.0
198,203,426,1.0,11.080311674411492,41.85756190829904,-132.3802746536915,45.5,2.0,319.0,223.3,0.7,-70.0,0.0065894953122807,0.428564317796448,0.3153756402670796,0.2042475140209763,0.2386993409778089,15.374995927542557,5.532581453634085,24.0,24.11049458723757,426,11.080311674411492,41.85756190829904,-132.3802746536915,0.0,0.0,0.0,319.0,223.3,0.7,-70.0,0.0065894953122807,0.428564317796448,0.3153756402670796,new_non_BB86,not_matched,not_matched,,,119,,64.35338156577691,64.35338156577691,8.980274653691481,8.980274653691481,new_candidate,table_fits,True,ok,45,47,2,-134.44217555221798,-130.318373755165,1.0,1.0,1.0,133.04257286095373,True,262,0.8259853194817292,386.97045343739927,5.1143697604333145,0.8011267605633803,1.318732394366197,0.7390140845070423,23.63269609909841,7,42,49,"0.761,0.739,0.728,0.773,0.826,0.739,0.706",True,1128.999999999999,2566.0000000000023,1111,1.0,1.0,7.188233199317885,269214.29837456165,188762.67987417025,80451.61850039143,15.284776054516868,0.053885604500983,283.6523074402555,269193.25932719273,188734.62781101163,25.650620917811647,1.0,0.1652533662260214,31.35947879332414,0.4079452058676049,0.7649631317710787,0.2350368682289213,3.7614473628017495,-1.274380619778792,3.7614473628017495,0.129660075039948,0.129660075039948,False,foreground_confusion_velocity;low_v9_final_score,45,47,-134.44217555221798,-130.318373755165,0.7000000000000001,266.8945484643701,55946.03175384142,110.0
199,207,452,2.0,11.215351156541862,41.45450817525288,-214.8563105947515,65.5,2.0,360.0,252.0,0.7,-70.0,0.0059113245640376,0.4347849735597364,0.2941262013613583,0.1972745126526581,0.2343179643422027,21.16405408142166,5.520050125313284,24.0,24.11049458723757,"452,569",11.215351156541862,41.45450817525288,-214.8563105947515,0.0,0.0,0.0,371.4,279.12,0.75,-72.5,0.0059113245640376,0.4347849735597364,0.2941262013613583,new_non_BB86,not_matched,not_matched,,,79,,99.9152914916532,99.9152914916532,13.056310594751494,13.056310594751494,new_candidate,table_fits,True,ok,65,67,2,-216.918211493278,-212.79440969622505,1.0,1.0,1.0,71.46970837211855,True,322,0.8944496614359964,384.4617914887894,6.19303683717925,0.7183098591549295,1.1945070422535211,0.5733802816901408,20.444967216417773,7,62,69,"0.695,0.706,0.795,0.961,0.839,0.806,0.828",False,1023.0000000000048,2152.000000000012,1415,1.0,1.0,6.884250309289267,238347.6456588345,121467.19640949802,116880.44924933648,24.13233911011542,0.0705854203241543,341.888438140494,238325.88100440425,121438.17687025772,27.664827537460837,1.0,1.0408907998782601e-12,33.24150051751706,0.9399699415647071,0.7929549294990835,0.2070450705009165,7.547570791169372,4.136783792792709,7.547570791169372,0.8405628437139642,0.8405628437139642,False,background_gradient_dominates,65,67,-216.918211493278,-212.79440969622505,0.7,301.1976095522672,71251.3213834165,110.0
201,191,396,1.0,10.278511196626258,41.07972790844988,-458.1606166208785,124.5,2.0,319.0,223.3,0.7,35.0,0.0074270689989259,0.414247499164475,0.3457720736609525,0.2128556934439802,0.2436028571735833,8.566970557103415,5.511278195488722,24.0,24.11049458723757,396,10.278511196626258,41.07972790844988,-458.1606166208785,0.0,0.0,0.0,319.0,223.3,0.7,35.0,0.0074270689989259,0.414247499164475,0.3457720736609525,new_non_BB86,not_matched,not_matched,,,37,,184.6656479946548,184.6656479946548,33.86061662087849,33.86061662087849,new_candidate,table_fits,True,ok,124,126,2,-460.222517519405,-456.098715722352,1.0,1.0,1.0,53.10657520656743,True,256,0.7314367474042811,167.46923890907985,3.9241164343688335,0.8011267605633803,1.4843661971830986,0.6147887323943662,8.632249104471734,7,121,128,"0.672,0.672,0.672,0.695,0.826,0.794,0.683",False,1747.0000000000064,1766.0000000000027,1117,1.0,1.0,3.28470903847872,110502.90005007845,92829.63205827396,17673.26799180446,10.059450373545296,0.0756536010025191,132.9672380460823,110481.84484468124,92801.5584510777,12.100440354987189,1.0,0.2108561100569868,17.32791393374434,1.5345909900203212,0.681441774897851,0.318558225102149,5.655835647221619,-6.515788025732113,5.655835647221619,0.7895543214178761,0.7895543214178761,False,background_gradient_dominates,124,126,-460.222517519405,-456.098715722352,0.7000000000000001,266.8945484643701,55946.03175384142,35.0
204,208,456,2.0,10.37452773632345,41.1926663521996,-383.93218427392446,106.5,2.0,360.0,342.0,0.95,-90.0,0.0058505335006088,0.433727049604461,0.2862355413029586,0.1984139652126794,0.2375106935701779,15.587957742460633,5.37719298245614,24.0,24.11049458723757,"456,896",10.37462890178779,41.1907916103456,-383.93218427392446,0.0,13.509265928967023,6.754632964483512,390.0,381.0,0.975,-90.0,0.0058505335006088,0.433727049604461,0.2862355413029586,new_non_BB86,not_matched,not_matched,,,42,,95.10199699775796,95.10199699775796,19.76781572607553,19.76781572607553,new_candidate,table_fits,True,ok,106,108,2,-385.994085172451,-381.870283375398,1.0,1.0,1.0,37.46921194708103,True,439,0.906321107480306,314.9558368281053,8.368968698890878,0.7390140845070423,1.1738028169014083,1.070281690140845,13.895945810041283,7,103,110,"0.817,0.862,0.839,0.884,0.917,0.773,0.695",False,1672.1428571428626,1881.857142857144,1919,1.0,1.0,1.8871450287081009,158720.57722524207,88843.63658368129,69876.94064156078,13.112743764081628,0.0496024517106038,264.356766890989,158697.89854675406,88813.39834569726,18.73003131947558,1.0,0.2812741675452199,24.0299178583991,0.8481799626202444,0.8428027575879066,0.1571972424120934,12.478846152362324,9.549607484174786,12.478846152362324,0.8077839460416191,0.8077839460416191,True,ok,106,108,-385.994085172451,-381.870283375398,0.95,350.8845964131227,96698.22187749384,90.0
205,211,478,12.0,10.851972398659058,41.10462855087221,-322.0751573181295,91.5,2.0,382.8,344.52000000000004,0.9,35.0,0.0053503884584574,0.4390356408851908,0.2853499619152496,0.1896424705967556,0.225201932767907,14.968495107736064,5.303258145363409,24.0,24.11049458723757,"478,509,547,553,571,634,760,766,816,833,860,908",10.855754949383028,41.10612762189336,-320.013256419603,4.610550571973168,20.248469457230307,13.391878943792046,401.4,390.9,1.0,76.1645917731758,0.0053503884584574,0.4390356408851908,0.2857752355281599,new_non_BB86,not_matched,not_matched,,,53,,104.48285091573732,104.48285091573732,9.075157318129529,9.075157318129529,new_candidate,table_fits,True,ok,92,94,2,-328.260860013709,-324.137058216656,1.0,1.0,1.0,73.98719490283295,True,465,0.9509573645757076,442.8781183470977,8.982693070142876,0.7183098591549295,1.0909859154929578,0.9667605633802816,17.898375155434685,7,89,96,"0.773,0.806,0.906,0.962,0.873,0.717,0.672",False,1302.4285714285668,1790.9999999999775,2058,1.0,1.0,6.980006706767279,277958.02058740164,126838.61905909612,151119.4015283055,19.525312293504328,0.0502258058589555,388.7506025953165,277935.13211765245,126808.10109943055,24.366179440514312,1.0,0.1265765455558648,32.92119087357015,0.8520592281550148,0.8462751764873682,0.1537248235126318,4.915425008754112,12.293095748024037,12.293095748024037,0.8328494512748612,0.8328494512748612,False,background_gradient_dominates,92,94,-328.260860013709,-324.137058216656,0.9,363.15596649373674,103580.08164711212,35.0
206,209,473,1.0,11.437232845356162,41.6817641429294,-148.87548184190348,49.5,2.0,360.0,288.0,0.8,-90.0,0.0054780236408554,0.4248975810050179,0.2897540577773268,0.192538979864108,0.2310954796185795,17.002887876929428,5.239348370927319,24.0,24.11049458723757,473,11.437232845356162,41.6817641429294,-148.87548184190348,0.0,0.0,0.0,360.0,288.0,0.8,-90.0,0.0054780236408554,0.4248975810050179,0.2897540577773268,new_non_BB86,not_matched,not_matched,,,127,,168.35259531111433,168.35259531111433,4.875481841903479,4.875481841903479,new_candidate,table_fits,True,ok,49,51,2,-150.93738274043,-146.813580943377,1.0,1.0,1.0,46.60739217157772,True,368,0.8612140164147827,300.6745504882756,6.490600168695369,0.7390140845070423,1.256619718309859,0.7804225352112675,14.28631399966417,7,46,53,"0.784,0.817,0.817,0.862,0.849,0.717,0.632",False,854.0000000000125,2386.999999999985,1623,1.0,1.0,4.350108541610648,135055.96756430287,69204.3786822641,65851.58888203878,18.04175670140509,0.0703025889888081,256.6300467864315,135033.79146960034,69174.81055599404,19.186158899801093,1.0,0.104124043727374,25.77434185102739,1.0292485380105163,0.7796710838223472,0.2203289161776528,5.209157477263624,4.664796029192617,5.209157477263624,0.8233327223979271,0.8233327223979271,False,background_gradient_dominates,49,51,-150.93738274043,-146.813580943377,0.8,321.99378875996973,81430.08158104745,90.0
207,204,440,1.0,11.27237204079034,41.6318781964783,-132.3802746536915,45.5,2.0,319.0,255.2,0.8,40.0,0.0061601189512783,0.4001098754710138,0.3088604379799569,0.2069413892792833,0.2408796904446774,15.395593667131974,5.224937343358396,24.0,24.11049458723757,440,11.27237204079034,41.6318781964783,-132.3802746536915,0.0,0.0,0.0,319.0,255.2,0.8,40.0,0.0061601189512783,0.4001098754710138,0.3088604379799569,new_non_BB86,not_matched,not_matched,,,110,,61.57271088293302,61.57271088293302,7.519725346308519,7.519725346308519,new_candidate,table_fits,True,ok,45,47,2,-134.44217555221798,-130.318373755165,1.0,1.0,1.0,72.26522748077907,True,295,0.8051316720810033,369.226809688442,6.044255171421189,0.8011267605633803,1.3601408450704224,1.0288732394366198,20.88082777489345,7,42,49,"0.706,0.717,0.750,0.805,0.803,0.767,0.754",True,980.2857142857148,2334.7142857142844,1274,1.0,1.0,7.493945523772087,278939.31024518365,196335.67791816287,82603.63232702072,15.715006505670672,0.0546759323988874,287.420914764143,278917.86049467523,196307.0782508184,25.527845388627977,1.0,0.3864088518895636,29.89417298555786,0.6264611186760521,0.7345288487073078,0.2654711512926921,-2.5069107454490718,1.6178666950983691,1.6178666950983691,0.1169075388557944,0.1169075388557944,False,foreground_confusion_velocity;low_v9_final_score,45,47,-134.44217555221798,-130.318373755165,0.7999999999999999,285.3222739289732,63938.32200439018,40.0
209,215,499,3.0,10.55545362870622,41.44912256788556,-301.4561483328645,86.5,2.0,435.0,435.0,1.0,-90.0,0.0050089618284214,0.4273582995492178,0.2919536771096879,0.1831398165796901,0.2192092393509803,20.324556377198093,5.179197994987469,24.0,24.11049458723757,"499,720,1184",10.555327176631316,41.450603900550135,-301.4561483328645,0.0,14.773323165160836,7.433060846991777,462.55,435.0,0.95,-90.0,0.0050089618284214,0.4273582995492178,0.2919536771096879,new_non_BB86,not_matched,not_matched,,,60,,188.4534665285796,188.4534665285796,4.85614833286445,4.85614833286445,new_candidate,table_fits,True,ok,86,88,2,-303.518049231391,-299.394247434338,1.0,1.0,1.0,51.34910200700348,True,574,0.9174566427196336,357.4349059750719,8.238784741352575,0.6354929577464788,1.1530985915492955,0.8425352112676057,10.303232532785923,7,83,90,"0.706,0.706,0.706,0.817,0.817,0.728,0.683",False,1531.7142857142958,2145.28571428573,2951,1.0,1.0,3.799331696273182,658764.8201079349,495411.1098466091,163353.71026132576,16.308732570379366,0.0403501439988795,404.1802817564223,658740.8504098101,495379.15024910937,23.78608869161945,1.0,0.27003237176073,33.05430096930315,0.879657303013914,0.734866228102349,0.2651337718976509,14.8058074780982,-3.01937354976563,14.8058074780982,0.791376111972602,0.791376111972602,False,background_gradient_dominates,86,88,-303.518049231391,-299.394247434338,1.0,435.0,148616.96746888215,90.0
210,213,492,2.0,11.212871198657384,41.491325973488486,-177.74209442127452,56.5,2.0,360.0,360.0,1.0,-90.0,0.0051472643417648,0.4200660754005304,0.2784616399839976,0.1902820609959541,0.2312574006279427,22.600117220016035,5.154135338345865,24.0,24.11049458723757,"492,874",11.214270381954416,41.49236127912091,-177.74209442127452,0.0,10.606913342845004,5.303456671422501,390.0,379.5,0.975,67.5,0.0051472643417648,0.4200660754005304,0.2784616399839976,new_non_BB86,not_matched,not_matched,,,87,,50.27139965156778,50.27139965156778,28.15790557872549,28.15790557872549,new_candidate,table_fits,True,ok,56,58,2,-179.803995319801,-175.68019352274803,1.0,1.0,1.0,66.10063296790679,True,466,0.8617324238950854,447.7098403588646,8.424761823550151,0.7597183098591549,1.256619718309859,0.946056338028169,17.933368089001785,7,53,60,"0.683,0.728,0.784,0.839,0.828,0.761,0.784",False,1025.1428571428592,2189.85714285714,2024,1.0,1.0,6.878125530221501,352307.34384984657,204583.9999963613,147723.34385348525,23.56674464865736,0.0613145917596973,384.35784977611127,352284.50535675534,204553.5486722397,24.94693200102812,1.0,0.0565225713671106,33.27855345294498,0.5063174581595626,0.7741469391412448,0.2258530608587552,5.422138961742509,3.176707127367527,5.422138961742509,0.8775206004858832,0.8775206004858832,True,ok,56,58,-179.803995319801,-175.68019352274803,1.0,360.0,101787.6019763093,90.0
211,214,497,1.0,10.746642704858472,41.01820480664003,-388.0559860709775,107.5,2.0,360.0,342.0,0.95,-90.0,0.0050701985429373,0.4258353215499144,0.2969075524536779,0.1843860974231513,0.2174872825707842,15.842681713186147,5.117794486215539,24.0,24.11049458723757,497,10.746642704858472,41.01820480664003,-388.0559860709775,0.0,0.0,0.0,360.0,342.0,0.95,-90.0,0.0050701985429373,0.4258353215499144,0.2969075524536779,new_non_BB86,not_matched,not_matched,,,45,,121.38678048387808,121.38678048387808,33.755986070977485,33.755986070977485,new_candidate,table_fits,True,ok,107,109,2,-390.117886969504,-385.994085172451,1.0,1.0,1.0,31.92938151914015,True,444,0.8838392320305055,289.5508490519999,7.271703913925185,0.7183098591549295,1.2152112676056337,0.9046478873239436,12.264515202927493,7,104,111,"0.739,0.706,0.728,0.816,0.873,0.873,0.840",False,1384.0000000000025,1701.9999999999986,1919,1.0,1.0,3.18371704986694,113057.7955988482,56312.0835451246,56745.71205372362,13.25857835596525,0.0556546567458358,238.2294516075202,113035.1169203602,56281.84530714057,16.033884614511372,1.0,0.0650457744488733,20.822709166242124,0.8734799128369465,0.8367641588932501,0.1632358411067499,3.367818713091939,7.366632815503804,7.366632815503804,0.8397245259734393,0.8397245259734393,False,background_gradient_dominates,107,109,-390.117886969504,-385.994085172451,0.95,350.8845964131227,96698.22187749384,90.0
212,210,476,6.0,10.827809417271736,41.686054645874286,-202.4849052035925,62.5,2.0,319.0,287.1,0.9,-75.0,0.0053802629773834,0.4113985662111581,0.3168871131121166,0.1879169200328641,0.2196191802493364,10.997801084251629,5.032581453634085,24.0,24.11049458723757,"476,641,652,836,892,916",10.832342302071432,41.68924347949159,-198.36110340653948,2.8338117313935656,28.20067551930948,17.83722355838371,401.4,321.12,0.8,-82.14507012387172,0.0053802629773834,0.4113985662111581,0.3168871131121166,new_non_BB86,not_matched,not_matched,,,82,,83.9500163506158,83.9500163506158,24.01509479640751,24.01509479640751,new_candidate,table_fits,True,ok,62,64,2,-204.546806102119,-200.423004305066,1.0,1.0,1.0,84.91512875405624,True,332,0.7827806501835611,310.02681597648825,5.988462046761917,0.7804225352112675,1.4015492957746478,0.8011267605633803,15.487713574460832,7,59,66,"0.717,0.706,0.773,0.850,0.717,0.683,0.683",False,1322.14285714286,2388.999999999998,1437,1.0,1.0,7.1853010216722,213814.6315868707,154993.2320665537,58821.399520317005,13.90730498017194,0.0573387821188673,242.54622205510236,213792.82064821245,154964.15081500937,19.341299836650613,1.0,0.0845489802633055,24.55411150986296,0.2750962929613015,0.7422821027333008,0.2577178972666993,2.5724134781278813,5.193615690409767,5.193615690409767,0.9001374263735133,0.9001374263735133,True,ok,62,64,-204.546806102119,-200.423004305066,0.9,302.6299720781139,71930.61225493897,105.0
215,218,525,1.0,11.205231059095444,41.48663817133132,-169.4944908271685,54.5,2.0,360.0,342.0,0.95,-75.0,0.0045763834201508,0.4140986946002534,0.2915596626243113,0.1782261318774747,0.2126766062681209,17.904821642320268,4.909774436090226,24.0,24.11049458723757,525,11.205231059095444,41.48663817133132,-169.4944908271685,0.0,0.0,0.0,360.0,342.0,0.95,-75.0,0.0045763834201508,0.4140986946002534,0.2915596626243113,new_non_BB86,not_matched,not_matched,,,87,,69.59984868098337,69.59984868098337,36.4055091728315,36.4055091728315,new_candidate,table_fits,True,ok,54,56,2,-171.556391725695,-167.43258992864202,1.0,1.0,1.0,59.83416001960334,True,445,0.8502977644867311,338.2771148793155,6.974140582409064,0.7183098591549295,1.2773239436619717,0.9046478873239436,13.79210483286706,7,51,58,"0.682,0.683,0.717,0.806,0.839,0.828,0.773",False,1031.0,2185.000000000004,1927,1.0,1.0,6.77471239186236,169307.60735008513,94227.82361084734,75079.7837392378,17.694753196366776,0.064574511313081,274.0207062594109,169284.9161910799,94197.56873217368,18.826629269549727,1.0,0.1497803662561946,25.21429919655284,0.935917585277882,0.7936812171875934,0.2063187828124065,4.523525515152617,7.559505233889689,7.559505233889689,0.8195557207547456,0.8195557207547456,False,background_gradient_dominates,54,56,-171.556391725695,-167.43258992864202,0.95,350.8845964131227,96698.22187749384,105.0
217,221,540,1.0,11.299226502911065,42.10747330495413,-111.76126566842647,40.5,2.0,360.0,342.0,0.95,-90.0,0.0043889623424253,0.4092355100512436,0.2910019645742521,0.174932358581734,0.2106795930540135,15.628172105995011,4.7518796992481205,24.0,24.11049458723757,540,11.299226502911065,42.10747330495413,-111.76126566842647,0.0,0.0,0.0,360.0,342.0,0.95,-90.0,0.0043889623424253,0.4092355100512436,0.2910019645742521,new_non_BB86,not_matched,not_matched,,,140,,363.7513393461077,363.7513393461077,50.16126566842647,50.16126566842647,new_candidate,table_fits,True,ok,40,42,2,-113.823166566953,-109.6993647699,1.0,1.0,1.0,39.25927105299615,True,416,0.8282452343764968,268.7609605270959,8.034209950935242,0.7390140845070423,1.318732394366197,0.9046478873239436,11.452671787219025,7,37,44,"0.695,0.683,0.739,0.817,0.795,0.784,0.761",True,963.1428571428532,2823.9999999999973,1925,1.0,1.0,6.884250309289267,166452.38690799417,108052.39354514462,58399.99336284955,14.805947903760448,0.0612634852185607,241.67655253271093,166429.698864254,108022.14282015772,16.549630815260414,1.0,0.1980566239821275,21.799389138583404,0.4271545570408269,0.7475285270717756,0.2524714729282243,9.374226327381932,3.8882855841137656,9.374226327381932,0.1295467631585394,0.1295467631585394,False,foreground_confusion_velocity;low_v9_final_score,40,42,-113.823166566953,-109.6993647699,0.95,350.8845964131227,96698.22187749384,90.0
218,199,418,1.0,11.149252638660354,41.8496683207862,-103.51366207432052,38.5,2.0,319.0,287.1,0.9,45.0,0.0068021067994925,0.3503096713462804,0.2962194612282833,0.23668844984095,0.2769495513844858,7.822862637955905,4.745614035087719,24.0,24.11049458723757,418,11.149252638660354,41.8496683207862,-103.51366207432052,0.0,0.0,0.0,319.0,287.1,0.9,45.0,0.0068021067994925,0.3503096713462804,0.2962194612282833,new_non_BB86,not_matched,not_matched,,,126,,163.18001480657955,163.18001480657955,4.813662074320519,4.813662074320519,new_candidate,table_fits,True,ok,39,41,2,-109.6993647699,-105.575562972847,1.0,1.0,1.0,30.910434422590587,True,325,0.816776128378017,189.760495963178,6.78816350021149,0.8011267605633803,1.33943661971831,1.0288732394366198,9.78276829438029,7,36,43,"0.683,0.728,0.794,0.850,0.772,0.728,0.706",True,1076.1428571428585,2558.142857142853,1427,1.0,1.0,3.187024808732996,84769.69185057867,58746.524658061775,26023.1671925169,12.67292475286322,0.0785481897663912,161.3394884153732,84747.90186172625,58717.471339591866,12.227437661247205,1.0,0.3267515316534133,16.819478478928445,1.6158635819655178,0.7385335183298392,0.2614664816701608,9.646680113090518,-1.591719342806356,9.646680113090518,0.1176100848954189,0.1176100848954189,False,foreground_confusion_velocity;background_gradient_dominates;low_v9_final_score,39,41,-109.6993647699,-105.575562972847,0.9,302.6299720781139,71930.61225493897,45.0
219,220,532,3.0,9.854288592356417,40.73228930324588,-474.6558238090905,128.5,2.0,360.0,360.0,1.0,-90.0,0.0044860868213564,0.4154074530593338,0.2614737945114921,0.1838585493232834,0.2246370523204074,13.691333671748602,4.728070175438597,24.0,24.11049458723757,"532,889,897",9.856586105872124,40.73425053001861,-474.6558238090905,1.9439788099769808,23.70863344408446,8.000480928208638,420.0,410.4,1.0,88.33521847234886,0.0044860868213564,0.4154074530593338,0.2614737945114921,new_non_BB86,not_matched,not_matched,,,7,,216.74004417193984,216.74004417193984,17.35582380909051,17.35582380909051,new_candidate,table_fits,True,ok,129,131,2,-480.84152650467,-476.717724707617,0.8717504332755632,0.9369085173501576,0.9892241379310344,20.967572374115544,True,459,0.8505420924480027,266.503050477663,8.034209950935242,0.8218309859154929,1.2773239436619717,1.008169014084507,13.301781951598118,7,126,133,"0.806,0.840,0.884,0.794,0.839,0.761,0.728",False,2079.285714285728,1410.999999999991,1927,0.8788694481830417,0.9922118380062306,0.1451650022083154,138585.60877300278,88028.60875535362,50557.00001764916,14.802254511839188,0.0658271018508191,224.86565708733227,138562.91761399753,87998.35387667996,15.70322318599931,1.0,0.1881537927818233,24.311351293759287,1.2571298401255433,0.7743245173629685,0.2256754826370315,6.752196241940667,2.2178840585235684,6.752196241940667,0.7640804304459023,0.7640804304459023,False,low_inner_valid_fraction;near_mask_edge;background_gradient_dominates,129,131,-480.84152650467,-476.717724707617,1.0,360.0,101787.6019763093,90.0
220,222,552,8.0,10.248109427302486,41.079616712184354,-449.9130130267725,122.5,2.0,382.8,344.52000000000004,0.9,-80.0,0.0042762455362592,0.4138464201057711,0.2751566128678593,0.1750002282914969,0.2145877178914202,13.475141391957363,4.654761904761905,24.0,24.11049458723757,"552,573,893,993,1008,1034,1113,1162",10.244378294948952,41.07960249261085,-449.9130130267725,3.9928539207616303,19.00031861810297,11.078316560238902,432.0,426.0,0.975,88.60203738416607,0.0042762455362592,0.4138464201057711,0.2751566128678593,new_non_BB86,not_matched,not_matched,,,37,,218.7804021531902,218.7804021531902,25.61301302677248,25.61301302677248,new_candidate,table_fits,True,ok,122,124,2,-451.974913925299,-447.851112128246,1.0,1.0,1.0,53.63346047513774,True,468,0.8728983974403728,422.61731361919567,8.64793432218724,0.7183098591549295,1.2359154929577465,1.0495774647887324,18.18781167922428,7,119,126,"0.706,0.717,0.806,0.906,0.817,0.739,0.728",False,1770.5714285714305,1765.999999999996,2062,1.0,0.997716894977169,1.1055437197307636,374351.0874258304,221137.3650091976,153213.72241663278,21.20019959354316,0.0541602053099801,391.4349931320622,374328.1931308367,221106.83928253927,26.27705351919797,1.0,0.0751811105390303,33.81211103143403,1.462584973741116,0.7840349706794414,0.2159650293205586,1.3070546490033466,4.43698249149151,4.43698249149151,0.801384453023338,0.801384453023338,False,background_gradient_dominates,122,124,-451.974913925299,-447.851112128246,0.9,363.15596649373674,103580.08164711212,100.0
221,226,559,1.0,10.410812726624233,41.29886983796743,-346.8179681004475,97.5,2.0,360.0,360.0,1.0,-90.0,0.0041658945295489,0.4105675603868674,0.2590695739907676,0.1789151821269939,0.2189071932059442,17.305074838826506,4.639097744360902,24.0,24.11049458723757,559,10.410812726624233,41.29886983796743,-346.8179681004475,0.0,0.0,0.0,360.0,360.0,1.0,-90.0,0.0041658945295489,0.4105675603868674,0.2590695739907676,new_non_BB86,not_matched,not_matched,,,50,,80.27177707682107,80.27177707682107,36.28203189955252,36.28203189955252,new_candidate,table_fits,True,ok,97,99,2,-348.879868998974,-344.75606720192104,1.0,1.0,1.0,35.982632328548874,True,464,0.8729124337500639,370.5174416991068,8.87110682082433,0.7804225352112675,1.2359154929577465,1.008169014084507,16.562406937765278,7,94,101,"0.670,0.695,0.717,0.839,0.851,0.784,0.784",False,1643.7142857142971,1991.000000000003,2027,1.0,1.0,6.77471239186236,239186.65881503475,139499.89492098367,99686.76389405108,15.047353137044071,0.0476567891641748,315.7441657516375,239163.8158785954,139469.43767239785,21.07496933104552,1.0,0.2631529439850284,25.49499570351397,0.5771364078490303,0.7865664273406939,0.213433572659306,10.783249977123738,11.33439173320052,11.33439173320052,0.8407169011953239,0.8407169011953239,True,ok,97,99,-348.879868998974,-344.75606720192104,1.0,360.0,101787.6019763093,90.0
222,231,575,6.0,10.505260951788056,40.83432768223626,-408.67499505624255,112.5,2.0,360.0,360.0,1.0,-90.0,0.0038590054565293,0.4075460978473744,0.2744810872184491,0.1690163390194189,0.2041068300010151,22.209100848400933,4.608395989974937,24.0,24.11049458723757,"575,617,658,708,973,1026",10.503516468314883,40.83453325876528,-410.736895954769,2.0619008985264315,15.402924789319028,5.515585280516032,382.8,360.0,1.0,76.71747441146101,0.0038590054565293,0.4075460978473744,0.2744810872184491,new_non_BB86,not_matched,not_matched,,,33,,214.16170507846184,214.16170507846184,13.174995056242553,13.174995056242553,new_candidate,table_fits,True,ok,113,115,2,-414.860697751822,-410.736895954769,1.0,1.0,1.0,53.126292762265535,True,464,0.7384300282449017,360.9566831380187,6.26742767005828,0.8425352112676057,1.4843661971830986,0.6354929577464788,15.49875393876332,7,110,117,"0.739,0.840,0.895,0.795,0.717,0.695,0.695",False,1571.714285714286,1512.9999999999957,2027,1.0,1.0,6.878125530221501,487896.0067678532,407094.00811496266,80801.99865289056,16.61396969376973,0.0584442649017339,284.27031671463163,487873.1638314138,407063.5508663768,20.2569640097606,1.0,0.0185845069853311,27.752518185156656,1.4997143238961048,0.6768956821151864,0.3231043178848136,0.0378643545333396,5.818709514254092,5.818709514254092,0.8158326252990813,0.8158326252990813,False,background_gradient_dominates,113,115,-414.860697751822,-410.736895954769,1.0,360.0,101787.6019763093,90.0
223,229,570,3.0,10.79926629277091,41.00469213837174,-342.6941663033945,96.5,2.0,360.0,360.0,1.0,-90.0,0.0039826087821114,0.40748089870016,0.2715850309584083,0.1719575606533161,0.2092826794407996,17.23807162297577,4.56390977443609,24.0,24.11049458723757,"570,659,852",10.798840025203782,41.006544400465366,-342.6941663033945,1.943978809976954,17.414250026260646,9.92473374790154,360.0,360.0,1.0,-76.717474411461,0.0039826087821114,0.40748089870016,0.2715850309584083,new_non_BB86,not_matched,not_matched,,,46,,183.21162135336905,183.21162135336905,11.605833696605488,11.605833696605488,new_candidate,table_fits,True,ok,96,98,2,-344.75606720192104,-340.632265404868,1.0,1.0,1.0,61.57792265334493,True,466,0.8617680294325724,364.7373409935774,8.94549765370336,0.7597183098591549,1.256619718309859,1.070281690140845,14.86056095445546,7,93,100,"0.773,0.750,0.750,0.795,0.873,0.918,0.860",False,1343.1428571428592,1688.1428571428664,2024,1.0,1.0,6.77471239186236,232540.15920802776,135088.2480899414,97451.91111808635,16.643851959624513,0.05331405324969,312.1850796388524,232517.32071493653,135057.79676581977,20.168745087800424,1.0,0.1330448227821228,27.000153708531226,0.8155604868058959,0.7651549968549121,0.2348450031450879,0.5473347644272994,2.9251603756475992,2.9251603756475992,0.8047481518648387,0.8047481518648387,True,ok,96,98,-344.75606720192104,-340.632265404868,1.0,360.0,101787.6019763093,90.0
224,235,580,2.0,11.16442256219235,41.40903479589392,-218.98011239180448,66.5,2.0,360.0,324.0,0.9,-45.0,0.0037692702982068,0.3961166180698577,0.2892315368895291,0.1647678754890244,0.1996714779224229,19.82217770221809,4.535714285714286,24.0,24.11049458723757,"580,605",11.16516329951972,41.40903172358468,-218.98011239180448,0.0,4.000079081598816,2.000039540799408,371.4,315.12,0.8500000000000001,-45.0,0.0037692702982068,0.3961166180698577,0.2892315368895291,new_non_BB86,not_matched,not_matched,,,77,,79.8848495313177,79.8848495313177,7.519887608195518,7.519887608195518,new_candidate,table_fits,True,ok,66,68,2,-221.042013290331,-216.918211493278,1.0,1.0,1.0,74.79607076944788,True,414,0.8055152646605941,364.4192100032371,6.564991001574399,0.7597183098591549,1.3601408450704224,0.9046478873239436,14.272614014513042,7,63,70,"0.683,0.683,0.695,0.783,0.806,0.828,0.873",False,1061.999999999994,2104.9999999999995,1823,1.0,1.0,6.980006706767279,273152.771979972,172927.1145387313,100225.65744124074,20.19963408039071,0.063802512123669,316.5962186761167,273130.247263648,172897.08158363256,22.106308089722777,1.0,0.1600648917581958,30.379120539589675,0.8078316381207559,0.7208521385495282,0.2791478614504717,8.46007476603648,12.127551483201298,12.127551483201298,0.8101847627884279,0.8101847627884279,True,ok,66,68,-221.042013290331,-216.918211493278,0.9,341.525987298185,91608.84177867837,135.0
225,227,564,3.0,10.258021144733997,40.5721309346792,-466.40822021498445,126.5,2.0,382.8,382.8,1.0,-70.0,0.0041327964963253,0.4174044052869974,0.2668535414814559,0.1739613437905378,0.2132854687546013,7.646073339864782,4.481203007518797,24.0,24.11049458723757,"564,810,1133",10.260345100596432,40.57088943704412,-466.40822021498445,1.943978809976927,20.83868320597747,3.1624278205995675,432.0,432.0,1.0,-83.4587555829825,0.0041327964963253,0.4174044052869974,0.2668535414814559,new_non_BB86,not_matched,not_matched,,,8,,99.66212614558074,99.66212614558074,52.79177978501559,52.79177978501559,new_candidate,table_fits,True,ok,126,128,2,-468.47012111351097,-464.346319316458,1.0,1.0,1.0,33.26819143915273,True,520,0.917550740001377,308.58022565805084,10.451912019503718,0.7183098591549295,1.1530985915492955,1.008169014084507,12.768109192228136,7,123,130,"0.717,0.784,0.884,0.895,0.873,0.884,0.850",False,1765.4285714285695,1244.000000000005,2280,1.0,1.0,6.672854781212783,194657.2264486513,120710.85644719732,73946.37000145395,20.46806898353772,0.0752654631160513,271.94503476286496,194634.0306564854,120679.92872430952,17.204056165369195,1.0,0.0704544288905202,22.18868555798105,1.3335160999643845,0.8128996718584415,0.1871003281415585,6.651127650979428,6.333609616746868,6.651127650979428,0.8344153346506773,0.8344153346506773,False,background_gradient_dominates,126,128,-468.47012111351097,-464.346319316458,1.0,382.8,115088.97960790235,110.0
226,225,558,1.0,10.774947192361584,40.98610242196871,-346.8179681004475,97.5,2.0,360.0,324.0,0.9,-45.0,0.0042074845082099,0.3834978026366968,0.3058394480872836,0.1731409911453126,0.2071887857177859,14.42601259441052,4.478696741854637,24.0,24.11049458723757,558,10.774947192361584,40.98610242196871,-346.8179681004475,0.0,0.0,0.0,360.0,324.0,0.9,-45.0,0.0042074845082099,0.3834978026366968,0.3058394480872836,new_non_BB86,not_matched,not_matched,,,45,,237.5781930800234,237.5781930800234,7.48203189955251,7.48203189955251,new_candidate,table_fits,True,ok,97,99,2,-348.879868998974,-344.75606720192104,1.0,1.0,1.0,69.45667424697609,True,414,0.771574965451073,251.5541940978549,5.9326689221026445,0.7804225352112675,1.4222535211267604,0.7390140845070423,10.30481064287254,7,94,101,"0.728,0.706,0.761,0.772,0.749,0.750,0.694",False,1362.0000000000043,1669.0,1823,1.0,1.0,6.77471239186236,153863.6932532659,112193.00821595755,41670.68503730833,11.528122617282968,0.056468226103029,204.15237759106063,153841.16853694187,112162.97526085886,14.565405119408046,1.0,0.1839772328011069,21.20865150767172,1.4624971719332216,0.6957169642149891,0.3042830357850109,4.188926083916936,-2.1235246108567805,4.188926083916936,0.7895794787930258,0.7895794787930258,False,background_gradient_dominates,97,99,-348.879868998974,-344.75606720192104,0.9,341.525987298185,91608.84177867837,135.0
227,228,567,1.0,11.44986145006922,41.83641574278652,-66.3994459008435,29.5,2.0,382.8,363.66,0.95,-45.0,0.0040577385234537,0.4076661833026424,0.2850232423115642,0.1689543007259498,0.2066949392309183,9.380362554403504,4.466791979949875,24.0,24.11049458723757,567,11.44986145006922,41.83641574278652,-66.3994459008435,0.0,0.0,0.0,382.8,363.66,0.95,-45.0,0.0040577385234537,0.4076661833026424,0.2850232423115642,new_non_BB86,not_matched,not_matched,,,135,,65.89201960895831,65.89201960895831,15.8005540991565,15.8005540991565,new_candidate,table_fits,True,ok,29,31,2,-68.46134679937,-64.337545002317,1.0,1.0,1.0,42.07866543069676,True,480,0.8281526179572929,310.3414137767444,7.494876412562275,0.7390140845070423,1.318732394366197,0.9874647887323944,12.350792314187442,6,27,33,"0.340,0.509,0.780,0.795,0.839,0.906,0.817",True,845.7142857142882,2546.1428571428605,2171,1.0,1.0,3.4413598127442016,270131.26445070875,175501.4743754934,94629.79007521537,22.68572666254255,0.0737430553222788,307.632041599026,270108.2156211991,175470.74260281387,19.82047093376982,1.0,0.1262942832392791,26.93774012645077,2.061508132292443,0.7315120248715026,0.2684879751284974,2.053442196957436,8.736659624338474,8.736659624338474,0.1216544478218498,0.1216544478218498,False,foreground_confusion_velocity;background_gradient_dominates;low_v9_final_score,29,31,-68.46134679937,-64.337545002317,0.9500000000000001,373.1072875192871,109334.53062750724,135.0
228,232,576,2.0,11.339530736196313,41.7669436337088,-103.51366207432052,38.5,2.0,360.0,360.0,1.0,-90.0,0.0038365397976599,0.4101207905399242,0.2672483504438416,0.1703325216230012,0.205501649757485,12.58943684154784,4.444235588972431,24.0,24.11049458723757,"576,938",11.339354439006176,41.76791691154429,-103.51366207432052,0.0,7.071263856033361,3.5356319280166804,390.0,390.0,1.0,-90.0,0.0038365397976599,0.4101207905399242,0.2672483504438416,new_non_BB86,not_matched,not_matched,,,129,,149.7500974319697,149.7500974319697,21.31366207432052,21.31366207432052,new_candidate,table_fits,True,ok,39,41,2,-109.6993647699,-105.575562972847,1.0,1.0,1.0,25.09300409412141,True,464,0.8841002459799647,248.0237238863861,10.079957855108567,0.7597183098591549,1.2152112676056337,1.008169014084507,10.402195244767324,7,36,43,"0.817,0.828,0.862,0.895,0.895,0.806,0.739",True,929.7142857142882,2473.9999999999955,2027,1.0,1.0,1.699112788387284,112301.95946976596,68632.69050076025,43669.2689690057,14.305495647701337,0.0684505732371492,208.9901511582596,112279.1165333266,68602.23325217444,13.612130383343546,1.0,0.3700604225064675,17.297343567330838,1.6680354965708546,0.8010199875937726,0.1989800124062274,7.799840359547139,1.0721604955975552,7.799840359547139,0.1173499560917676,0.1173499560917676,False,foreground_confusion_velocity;background_gradient_dominates;low_v9_final_score,39,41,-109.6993647699,-105.575562972847,1.0,360.0,101787.6019763093,90.0
232,240,599,1.0,10.223365831157285,41.034658240860345,-445.7892112297195,121.5,2.0,360.0,252.0,0.7,75.0,0.0034308997289855,0.3984375339949008,0.2626510163681538,0.1644089696558493,0.1994082805769608,13.560492338043083,4.263157894736842,24.0,24.11049458723757,599,10.223365831157285,41.034658240860345,-445.7892112297195,0.0,0.0,0.0,360.0,252.0,0.7,75.0,0.0034308997289855,0.3984375339949008,0.2626510163681538,new_non_BB86,not_matched,not_matched,,,30,,294.4449854127584,294.4449854127584,21.4892112297195,21.4892112297195,new_candidate,table_fits,True,ok,122,124,2,-451.974913925299,-447.851112128246,1.0,1.0,1.0,37.95547662729254,True,327,0.7280390028024933,154.00422341959128,20.62485841571108,1.0909859154929578,1.5050704225352112,0.8011267605633803,5.459044803328607,7,119,126,"0.817,0.873,0.873,0.773,0.706,0.683,0.695",False,1789.9999999999957,1719.8571428571386,1415,1.0,1.0,4.209785064041148,98691.10617406057,91901.33604927037,6789.770124790215,6.023801541210847,0.0730653083277555,82.44407201006179,98669.34151963034,91872.31651003004,7.621495748390618,0.8987341772151899,0.9146219346183132,12.959328987609126,2.3562474326568847,0.5540943454417293,0.4459056545582706,5.534486650754205,1.138305129291232,5.534486650754205,0.6668354430379747,0.6668354430379747,False,off_center_deficit_peak;background_gradient_dominates;diffuse_growth_tail,122,124,-451.974913925299,-447.851112128246,0.7,301.1976095522672,71251.3213834165,75.0
235,244,613,2.0,9.89317104361802,40.40585956543133,-544.7604543589915,145.5,2.0,360.0,342.0,0.95,-70.0,0.003228761179007,0.3895681185682046,0.2806982062973998,0.1560791979475155,0.1891767903747062,17.1621707903853,4.238721804511278,24.0,24.11049458723757,"613,1000",9.892070923072064,40.40633810580657,-542.6985534604651,2.061900898526517,6.94623020794414,3.47311510397207,396.0,376.2,0.95,-80.0,0.003228761179007,0.3895681185682046,0.2806982062973998,new_non_BB86,not_matched,not_matched,,,2,,649.8561213808787,649.8561213808787,7.339545641008499,7.339545641008499,new_candidate,table_fits,True,ok,145,147,2,-546.822355257518,-542.6985534604651,1.0,1.0,1.0,69.73558411333539,True,446,0.7946619352240285,306.0289633193807,7.308899330364699,0.7597183098591549,1.380845070422535,0.8632394366197182,13.10087373721854,7,142,149,"0.739,0.806,0.862,0.839,0.739,0.706,0.709",False,2052.000000000012,1074.9999999999927,1927,1.0,1.0,6.878125530221501,174404.0364906772,116648.51616624992,57755.520324427256,19.7623040358615,0.0822266108287091,240.3395182738282,174381.34533167194,116618.26128757629,16.8007256322611,1.0,0.2099423328537461,21.819070022479423,0.9520777641202148,0.7607457508756224,0.2392542491243776,5.45086502781219,-0.0260980207624688,5.45086502781219,0.8047888444921948,0.8047888444921948,False,background_gradient_dominates,145,147,-546.822355257518,-542.6985534604651,0.95,350.8845964131227,96698.22187749384,110.0
236,255,649,3.0,11.124552819945936,41.83698550206266,-115.8850674654795,41.5,2.0,420.0,420.0,1.0,-90.0,0.0028509974439461,0.403068741644774,0.2438394998656372,0.1531824922631654,0.1893670956402375,37.11493408115133,4.238721804511278,24.0,24.11049458723757,"649,717,885",11.12499511557272,41.8380487136782,-115.8850674654795,0.0,14.535217671768596,3.905155391846298,435.0,435.0,1.0,-76.717474411461,0.0028509974439461,0.403068741644774,0.2438394998656372,new_non_BB86,not_matched,not_matched,,,119,,131.12044186682212,131.12044186682212,7.514932534520511,7.514932534520511,new_candidate,table_fits,True,ok,41,43,2,-117.946968364006,-113.823166566953,1.0,1.0,1.0,45.32703219275276,True,552,0.9286989521014066,440.89569268829086,10.43331431128396,0.6976056338028169,1.1323943661971831,0.8632394366197182,14.704014168237828,7,38,45,"0.683,0.683,0.728,0.817,0.851,0.851,0.817",True,1094.9999999999975,2544.9999999999973,2734,1.0,0.9913990825688074,1.377156130564948,939853.3761306352,700358.9428754095,239494.43325522577,20.25452732317634,0.0413873124724689,489.3897697911587,939829.6355675834,700327.2887913403,26.70367421293282,1.0,0.3002418989264528,36.36147501323943,1.0540087179106057,0.7631632360266583,0.2368367639733417,6.54997649045649,4.861922539649093,6.54997649045649,0.1165395070626939,0.1165395070626939,False,foreground_confusion_velocity;background_gradient_dominates;low_v9_final_score,41,43,-117.946968364006,-113.823166566953,1.0,420.0,138544.23602330987,90.0
238,219,531,1.0,11.210083368207984,41.92316580605402,-91.14225668316148,35.5,2.0,382.8,267.96,0.7,50.0,0.0044875298187694,0.3595525059892819,0.2645008324224628,0.1952236070847213,0.2417050094085813,7.887292407970451,4.1760651629072685,24.0,24.11049458723757,531,11.210083368207984,41.92316580605402,-91.14225668316148,0.0,0.0,0.0,382.8,267.96,0.7,50.0,0.0044875298187694,0.3595525059892819,0.2645008324224628,new_non_BB86,not_matched,not_matched,,,130,,116.62215400036348,116.62215400036348,21.34225668316148,21.34225668316148,new_candidate,table_fits,True,ok,35,37,2,-93.204157581688,-89.080355784635,1.0,1.0,1.0,46.47701294952421,True,362,0.8382500286077039,206.1450666349509,5.746691839905069,0.7390140845070423,1.2980281690140845,0.8218309859154929,10.065138234000756,7,32,39,"0.683,0.683,0.683,0.757,0.817,0.817,0.851",True,1030.000000000004,2634.0000000000045,1593,1.0,1.0,3.126949844479291,91327.91086930552,57093.27836602673,34234.6325032788,19.871440899233686,0.1073865180063284,185.0459561233063,91305.7907463758,57063.78486878709,14.455517542321225,1.0,5.344755941855984e-13,20.16792479209525,1.9040558140794737,0.7447057446871378,0.2552942553128622,4.828495966995666,2.9621316039690573,4.828495966995666,0.1245000735800159,0.1245000735800159,False,foreground_confusion_velocity;background_gradient_dominates;low_v9_final_score,35,37,-93.204157581688,-89.080355784635,0.7,320.2734581572441,80562.28572553163,50.0
239,233,577,2.0,11.426905243606202,42.17077111566949,-78.7708512920025,32.5,2.0,382.8,306.24,0.8,-45.0,0.003835671939628,0.3806273131688139,0.2886459491069792,0.1699853998650211,0.2053829644010885,6.916105392865698,4.144110275689222,24.0,24.11049458723757,"577,1193",11.431051091841944,42.17268947478769,-78.7708512920025,0.0,26.08041767727352,13.04020883863676,443.4,354.72,0.8,-67.5,0.003835671939628,0.3806273131688139,0.2886459491069792,new_non_BB86,not_matched,not_matched,,,141,,662.2524757716781,662.2524757716781,21.270851292002504,21.270851292002504,new_candidate,table_fits,True,ok,33,35,2,-84.95655398758201,-80.83275219052899,1.0,1.0,1.0,25.83854901110903,True,422,0.8168524773510772,145.07669557337687,6.974140582409064,0.8011267605633803,1.33943661971831,0.8632394366197182,6.100762121826087,7,30,37,"0.683,0.672,0.748,0.839,0.773,0.683,0.679",True,866.285714285712,2889.8571428571427,1830,1.0,1.0,6.77471239186236,49284.74193347008,32341.721389391503,16943.02054407858,16.53750460893451,0.1270218119812131,130.19421114367705,49262.20571973258,32311.67310440816,8.821992353921448,1.0,0.2091442923430445,12.84983168037523,2.148397698457712,0.7096287839764529,0.2903712160235471,3.482331182888041,0.4337944181096202,3.482331182888041,0.1174535390061502,0.1174535390061502,False,foreground_confusion_velocity;background_gradient_dominates;low_v9_final_score,33,35,-84.95655398758201,-80.83275219052899,0.8,342.3867287147678,92071.18368632188,135.0
240,247,633,2.0,10.778631369429196,40.85970818217148,-379.80838247687154,105.5,2.0,360.0,342.0,0.95,-90.0,0.0029688124750663,0.3921594181658854,0.2508930637473069,0.1569261955121446,0.192280842298839,19.25150990772057,4.131578947368421,24.0,24.11049458723757,"633,970",10.77862930350297,40.85824981219644,-379.80838247687154,0.0,10.500269847084526,5.250134923542263,390.0,370.5,0.95,-67.5,0.0029688124750663,0.3921594181658854,0.2508930637473069,new_non_BB86,not_matched,not_matched,,,36,,385.53569939385295,385.53569939385295,0.8083824768715431,0.8083824768715431,new_candidate,table_fits,True,ok,106,108,2,-385.994085172451,-381.870283375398,1.0,1.0,1.0,32.64940744834736,True,444,0.8506636058835655,318.7502371798672,10.80526847567911,0.8218309859154929,1.2773239436619717,1.1323943661971831,15.092068268002311,7,103,110,"0.718,0.750,0.895,0.851,0.873,0.769,0.683",False,1358.9999999999989,1538.999999999982,1919,1.0,1.0,3.262177696325081,229222.87002792596,157346.4401132498,71876.42991467615,14.584433245172615,0.0543968148821698,268.1118973006834,229200.19134943796,157316.20187526575,18.629069313920148,1.0,0.3252288722437013,21.796685346227,0.8272391650248212,0.7491906267790495,0.2508093732209505,2.1839415473128945,1.545962561300375,2.1839415473128945,0.7669969484643346,0.7669969484643346,True,ok,106,108,-385.994085172451,-381.870283375398,0.95,350.8845964131227,96698.22187749384,90.0
241,236,582,2.0,10.271969664757444,41.06512107635332,-437.5416076356135,119.5,2.0,382.8,267.96,0.7,-5.0,0.0036414029468448,0.3812650331600516,0.2802829969698009,0.1674699462325773,0.203473628134103,10.096766805912448,4.12531328320802,24.0,24.11049458723757,"582,798",10.272061770929003,41.06512140631544,-437.5416076356135,0.0,0.5000073745502299,0.2500036872751149,408.9,264.48,0.6499999999999999,5.0,0.0036414029468448,0.3812650331600516,0.2802829969698009,new_non_BB86,not_matched,not_matched,,,37,,239.95319741738408,239.95319741738408,13.24160763561349,13.24160763561349,new_candidate,table_fits,True,ok,119,121,2,-439.60350853414,-435.479706737087,1.0,1.0,1.0,33.318583224016606,True,369,0.8048047415004461,265.3622814300292,5.746691839905069,0.7390140845070423,1.3601408450704224,0.8632394366197182,11.746744519270864,7,116,123,"0.717,0.813,0.929,0.884,0.747,0.683,0.683",False,1752.142857142857,1750.9999999999936,1595,1.0,1.0,2.497513132773781,148817.0353397038,93191.41394924949,55625.621390454326,14.227724975801117,0.0603210978638134,235.8664792196415,148794.91145265815,93161.9154331886,17.256168179421387,1.0,0.0124597897331665,28.141113825705187,0.9386211444789488,0.7406020386252954,0.2593979613747046,-16.42542336915944,-11.335522129738896,-11.335522129738896,0.7888318353612562,0.7888318353612562,False,background_gradient_dominates,119,121,-439.60350853414,-435.479706737087,0.7,320.2734581572441,80562.28572553163,175.0
242,257,670,2.0,11.30456330632144,41.69421406365684,-115.8850674654795,41.5,2.0,420.0,420.0,1.0,-90.0,0.0026332159701334,0.4054197275155062,0.2276729210215946,0.1509016009877406,0.1890498669180047,32.30308286188081,4.097744360902255,24.0,24.11049458723757,"670,1179",11.304092283986174,41.69359153812746,-117.946968364006,2.0619008985265026,5.1480946586908525,2.5740473293454262,462.0,462.0,1.0,-90.0,0.0026332159701334,0.4054197275155062,0.2276729210215946,new_non_BB86,not_matched,not_matched,,,121,,137.6096032887424,137.6096032887424,0.6850674654794915,0.6850674654794915,new_candidate,table_fits,True,ok,41,43,2,-117.946968364006,-113.823166566953,1.0,1.0,1.0,63.21452441456586,True,628,0.9844508961670116,511.8439958865013,12.21869430038068,0.6976056338028169,1.0288732394366198,0.9874647887323944,17.855460217716157,7,38,45,"0.739,0.717,0.706,0.851,0.951,0.851,0.840",True,955.9999999999972,2398.999999999998,2749,1.0,1.0,6.56941807695744,320135.5873138824,134999.88871877146,185135.6985951109,18.406809064898766,0.042778360371462,430.2831830174159,320111.8303364179,134968.2127488188,24.482087123550254,1.0,0.3250960986629662,29.62244403263601,1.2162540371354391,0.8991742572559703,0.1008257427440296,3.6366381122980393,5.367282038597645,5.367282038597645,0.1222348765213413,0.1222348765213413,False,foreground_confusion_velocity;background_gradient_dominates;low_v9_final_score,41,43,-117.946968364006,-113.823166566953,1.0,420.0,138544.23602330987,90.0
243,234,579,7.0,10.36184451290341,40.73095384025727,-462.28441841793153,125.5,2.0,382.8,382.8,1.0,-45.0,0.0037829501314967,0.3814855620433676,0.2459061101167993,0.1788907577475288,0.2254214747356319,8.4878315917542,4.076441102756892,24.0,24.11049458723757,"579,829,840,902,903,977,994",10.353000811556742,40.729678430704034,-470.5320220120375,4.248165379750047,40.967547437363024,29.21087492536982,420.0,420.0,1.0,-85.26883889598719,0.0037829501314967,0.3814855620433676,0.2459061101167993,new_non_BB86,not_matched,not_matched,,,25,,216.13116157347565,216.13116157347565,17.284418417931533,17.284418417931533,new_candidate,table_fits,True,ok,126,128,2,-468.47012111351097,-464.346319316458,0.9332321699544764,0.9753914988814316,1.0,28.627535839083823,True,525,0.8395074394908639,299.24723640708896,10.13575097976784,0.8218309859154929,1.2980281690140845,1.2359154929577465,12.710827411853288,7,123,130,"0.806,0.795,0.828,0.851,0.806,0.750,0.750",False,1683.7142857142892,1406.9999999999814,2236,0.9476813317479192,1.0,0.1451650022083154,244365.9972094623,170623.75748258055,73742.23972688176,16.346678461820403,0.0601933686342743,271.5694242191415,244342.85987795948,170592.90770724346,18.247198562616894,1.0,0.1526165178000771,27.559538234917,1.387830059466096,0.7571115242942409,0.2428884757057591,6.717751656718708,4.174879861368104,6.717751656718708,0.7658187921557246,0.7658187921557246,False,near_mask_edge;background_gradient_dominates,126,128,-468.47012111351097,-464.346319316458,1.0,382.8,115088.97960790235,135.0
245,248,636,1.0,11.381026744266665,41.67808617868612,-157.1230854360095,51.5,2.0,360.0,360.0,1.0,-90.0,0.0029654892255788,0.384314075652574,0.2777407549627542,0.1512193051188516,0.1837228652158996,16.71932566300628,4.034461152882206,24.0,24.11049458723757,636,11.381026744266665,41.67808617868612,-157.1230854360095,0.0,0.0,0.0,360.0,360.0,1.0,-90.0,0.0029654892255788,0.384314075652574,0.2777407549627542,new_non_BB86,not_matched,not_matched,,,123,,150.97524635866202,150.97524635866202,41.92308543600949,41.92308543600949,new_candidate,table_fits,True,ok,51,53,2,-159.18498633453598,-155.061184537483,1.0,1.0,1.0,55.14241158329446,True,466,0.783393032570533,324.9490733559711,6.93694516596955,0.7597183098591549,1.4015492957746478,0.9253521126760562,12.351898094003325,7,48,55,"0.672,0.683,0.695,0.739,0.884,0.828,0.714",False,897.142857142859,2382.857142857129,2024,1.0,1.0,6.878125530221501,252648.8981364506,167134.01324100856,85514.88489544202,17.413945283101377,0.0595466025105749,292.4422981144696,252626.05964335936,167103.56191688697,19.41484555371675,1.0,0.0929225349274202,24.50288941697807,0.7246942430620574,0.7305683561980277,0.2694316438019722,2.080855233615186,5.235034467406183,5.235034467406183,0.8332514358845833,0.8332514358845833,True,ok,51,53,-159.18498633453598,-155.061184537483,1.0,360.0,101787.6019763093,90.0
246,261,678,4.0,11.382755849951636,41.82016880217996,-74.6470494949495,31.5,2.0,420.0,420.0,1.0,-90.0,0.0025872795968504,0.3931292562003709,0.2291203403607739,0.1515624027906501,0.1895190503336903,38.47938061185653,3.994987468671679,24.0,24.11049458723757,"678,748,754,809",11.382902822958275,41.82082769610452,-76.708950393476,2.0619008985265026,7.6490147683320915,2.5001166602485503,427.5,427.5,1.0,-90.0,0.0025872795968504,0.3931292562003709,0.2291203403607739,new_non_BB86,not_matched,not_matched,,,134,,114.28372208110476,114.28372208110476,4.847049494949502,4.847049494949502,new_candidate,table_fits,True,ok,31,33,2,-76.708950393476,-72.585148596423,1.0,1.0,1.0,121.2646297596036,True,570,0.9844463778262078,587.2746635841935,11.0284409743162,0.6769014084507041,1.0288732394366198,0.9253521126760562,21.732295948845568,7,28,35,"0.657,0.683,0.717,0.851,0.951,0.906,0.862",True,897.0000000000018,2529.0000000000045,2749,1.0,1.0,6.364123762052519,414739.0092698082,212128.1101392679,202610.8991305403,20.623465427698505,0.0458164835917539,450.1320007764701,414715.2522923437,212096.43416931524,25.649416330936237,1.0,0.3250960986632488,34.40819304592995,0.8729315932887545,0.9314704978190516,0.0685295021809483,-1.6056442633221095,3.514992184326878,3.514992184326878,0.1213756168729014,0.1213756168729014,False,foreground_confusion_velocity;background_gradient_dominates;low_v9_final_score,31,33,-76.708950393476,-72.585148596423,1.0,420.0,138544.23602330987,90.0
248,242,606,1.0,10.025761489260232,40.70520686136858,-561.2556615472035,149.5,2.0,382.8,306.24,0.8,-15.0,0.0033581125857578,0.374566227366361,0.2750747055024393,0.1634524967365424,0.1993996630702487,8.485829973138916,3.922932330827067,24.0,24.11049458723757,606,10.025761489260232,40.70520686136858,-561.2556615472035,0.0,0.0,0.0,382.8,306.24,0.8,-15.0,0.0033581125857578,0.374566227366361,0.2750747055024393,new_non_BB86,not_matched,not_matched,,,12,,219.7254395886233,219.7254395886233,15.644338452796433,15.644338452796433,new_candidate,table_fits,True,ok,150,152,2,-567.441364242783,-563.31756244573,1.0,1.0,1.0,35.24934845800032,True,425,0.7949295774637013,205.55903172881696,26.63191817069275,0.8632394366197182,1.380845070422535,1.1530985915492955,8.57254362292974,7,147,154,"0.816,0.884,0.782,0.784,0.795,0.794,0.783",False,1945.857142857136,1382.0000000000027,1833,1.0,1.0,3.6378245284697366,114442.31139585152,87025.44327103387,27416.868124817654,11.781746319012589,0.0711444856442675,165.60308521904264,114419.770268108,86995.38843404251,11.911923149466713,1.0,0.332476106853916,17.41084380738829,2.322422296864476,0.6840018858619962,0.3159981141380038,0.5293402290079872,0.5383573907505519,0.5383573907505519,0.7371789388267841,0.7371789388267841,False,background_gradient_dominates,150,152,-567.441364242783,-563.31756244573,0.8,342.3867287147678,92071.18368632188,165.0
249,251,644,1.0,11.449437916086293,41.94128989600407,-62.275644103790505,28.5,2.0,360.0,342.0,0.95,75.0,0.0029260393992116,0.3863198811777046,0.2600519665747665,0.1538744541772416,0.1892807477795297,12.483878197449927,3.914160401002506,24.0,24.11049458723757,644,11.449437916086293,41.94128989600407,-62.275644103790505,0.0,0.0,0.0,360.0,342.0,0.95,75.0,0.0029260393992116,0.3863198811777046,0.2600519665747665,new_non_BB86,not_matched,not_matched,,,138,,220.83784239924847,220.83784239924847,11.724355896209495,11.724355896209495,new_candidate,table_fits,True,ok,28,30,2,-64.337545002317,-60.21374320526401,1.0,1.0,1.0,50.73832395402878,True,405,0.8282428017978132,262.31536862854733,8.015612242715484,0.7597183098591549,1.318732394366197,1.0495774647887324,11.352901266327136,7,25,32,"0.699,0.727,0.817,0.917,0.784,0.750,0.773",True,846.9999999999997,2654.0000000000045,1927,1.0,1.0,6.980006706767279,93772.44031963112,52460.45119206034,41311.98912757079,22.95905734273639,0.1129474021165706,203.2721152722117,93749.74916062588,52430.19631338668,13.956945153577768,1.0,0.0652807135763196,16.939526563969213,1.852898659086584,0.788504418776429,0.211495581223571,-1.2083763078137353,-3.3937078265692757,-1.2083763078137353,0.11857485399687,0.11857485399687,False,foreground_confusion_velocity;background_gradient_dominates;low_v9_final_score,28,30,-64.337545002317,-60.21374320526401,0.95,350.8845964131227,96698.22187749384,75.0
250,245,615,7.0,11.682416289992794,42.23388743427446,-41.6566351185255,23.5,2.0,382.8,363.66,0.95,30.0,0.0032090115175757,0.3935811123189071,0.2695470683531653,0.1567158263842065,0.1930143316064799,2.0756992578723503,3.890977443609023,24.0,24.11049458723757,"615,753,801,807,936,1039,1144",11.683075717777784,42.23660064049195,-45.780436915578505,3.435098557498951,33.210693375516634,9.514621064375394,435.0,435.0,1.0,85.52586221768647,0.0032090115175757,0.3935811123189071,0.2695470683531653,new_non_BB86,not_matched,not_matched,,,141,,1225.4499679020223,1225.4499679020223,15.8433648814745,15.8433648814745,new_candidate,table_fits,True,ok,23,25,2,-43.718536017052,-39.594734219999,1.0,1.0,1.0,15.494825508656415,True,498,0.7947702563541178,75.27160182805387,7.848232868737667,0.7390140845070423,1.380845070422535,0.7804225352112675,3.06379745784894,5,22,27,"0.000,0.354,0.611,0.726,0.895,0.973,0.984",True,672.2857142857149,2956.714285714282,2174,1.0,1.0,6.77471239186236,12024.353283219112,8420.960293701117,3603.3929895179954,21.06834602695163,0.3506001109509636,60.09224004466541,12001.300311016068,8390.222997430392,4.095000408348352,1.0,0.0809590421072662,5.468066541923283,8.479993334611612,0.7981723744630753,0.2018276255369246,1.1288605262973626,2.979120019283763,2.979120019283763,0.122094013662335,0.122094013662335,False,foreground_confusion_velocity;background_gradient_dominates;low_v9_final_score,23,25,-43.718536017052,-39.594734219999,0.9500000000000001,373.1072875192871,109334.53062750724,30.0
251,249,638,2.0,11.24689496483105,41.86368402493786,-58.15184230673751,27.5,2.0,382.8,344.52000000000004,0.9,-45.0,0.0029589877415903,0.3932530906224396,0.2585132593204446,0.1536817783656601,0.1893938274698116,5.008871281668428,3.881578947368421,24.0,24.11049458723757,"638,851",11.245499893398762,41.86410742962397,-58.15184230673751,0.0,8.077781205015965,4.038890602507983,408.9,368.01,0.9,-67.5,0.0029589877415903,0.3932530906224396,0.2585132593204446,new_non_BB86,not_matched,not_matched,,,130,,122.27466778172668,122.27466778172668,11.64815769326249,11.64815769326249,new_candidate,table_fits,True,ok,27,29,2,-60.21374320526401,-56.08994140821101,1.0,0.999379267535692,1.0,23.41164834799436,True,467,0.8617459421115448,209.5917262550016,8.592141197527967,0.7390140845070423,1.256619718309859,0.9874647887323944,8.893613841597048,6,25,31,"0.404,0.925,0.940,0.906,0.817,0.706,0.683",True,1001.4285714285744,2572.9999999999845,2026,1.0,0.9769230769230768,1.1055437197307636,89769.72115808142,49264.41630630935,40505.30485177207,25.635110553690534,0.1273615772163103,201.27821211064287,89746.879702027,49233.961031570114,12.734775452093974,1.0,0.3697556558968435,19.13042191472324,3.153579758080244,0.7712221852084463,0.2287778147915536,4.274627555506004,6.553409777372583,6.553409777372583,0.1142791601830128,0.1142791601830128,False,foreground_confusion_velocity;background_gradient_dominates;low_v9_final_score,27,29,-60.21374320526401,-56.08994140821101,0.9,363.15596649373674,103580.08164711212,135.0
253,256,660,2.0,10.188600333077888,40.51420632549935,-487.0272292002495,131.5,2.0,360.0,360.0,1.0,-90.0,0.0027364117807748,0.384958997501071,0.2500736759660513,0.1517159471803282,0.1873560690979543,15.125339166890116,3.847744360902256,24.0,24.11049458723757,"660,929",10.187956278205531,40.514828588943175,-487.0272292002495,0.0,5.700991305250343,2.8504956526251712,390.0,369.0,0.95,60.0,0.0027364117807748,0.384958997501071,0.2500736759660513,new_non_BB86,not_matched,not_matched,,,4,,80.28629696150804,80.28629696150804,9.12722920024953,9.12722920024953,new_candidate,table_fits,True,ok,132,134,2,-493.21293189582906,-489.089130098776,1.0,1.0,1.0,24.631620321414708,True,456,0.7948922820578134,197.940772063215,9.280256401658995,0.8011267605633803,1.380845070422535,1.008169014084507,8.074751944056358,7,129,136,"0.706,0.739,0.828,0.817,0.773,0.727,0.862",False,1820.0000000000032,1184.7142857142833,2027,1.0,1.0,3.3513943221669305,135553.04798958416,103851.47235666556,31701.5756329186,13.957908450564174,0.0783840630988759,178.07074421438537,135530.2050531448,103821.01510807977,11.547308844277612,1.0,0.1765528163606678,15.878814996338594,0.4498534308430392,0.6928701481242111,0.3071298518757888,7.203749553604386,7.418482744996509,7.418482744996509,0.8530652526985422,0.8530652526985422,True,ok,132,134,-493.21293189582906,-489.089130098776,1.0,360.0,101787.6019763093,90.0
254,252,645,1.0,11.288384389908297,41.91223072451347,-82.89465308905551,33.5,2.0,360.0,342.0,0.95,85.0,0.0029171533959401,0.3823549454760779,0.2558842987420054,0.1552450745508581,0.1920574182755041,9.180462731092334,3.791353383458647,24.0,24.11049458723757,645,11.288384389908297,41.91223072451347,-82.89465308905551,0.0,0.0,0.0,360.0,342.0,0.95,85.0,0.0029171533959401,0.3823549454760779,0.2558842987420054,new_non_BB86,not_matched,not_matched,,,130,,155.02291483909528,155.02291483909528,13.094653089055512,13.094653089055512,new_candidate,table_fits,True,ok,34,36,2,-89.080355784635,-84.95655398758201,1.0,1.0,1.0,20.379585416599586,True,441,0.8283339351289402,161.13367826957074,9.187267860560208,0.7804225352112675,1.318732394366197,1.0495774647887324,6.736674882791706,7,31,38,"0.739,0.795,0.784,0.817,0.817,0.772,0.758",True,970.0000000000084,2623.1428571428305,1917,1.0,1.0,6.878125530221501,50400.09769649788,33348.3634083331,17051.734288164786,14.168476828690965,0.1084782455282996,130.61122771380656,50377.42214626875,33318.12934136092,8.395141493133455,1.0,0.2903584305823124,10.702172247203825,2.70472503811821,0.7774128251839438,0.2225871748160561,11.336894630303108,1.9340631564820705,11.336894630303108,0.1194915996685544,0.1194915996685544,False,foreground_confusion_velocity;background_gradient_dominates;low_v9_final_score,34,36,-89.080355784635,-84.95655398758201,0.95,350.8845964131227,96698.22187749384,85.0
255,270,705,4.0,9.951039699888188,40.36832402410597,-528.2652471707795,141.5,2.0,420.0,399.0,0.95,45.0,0.0023229915899094,0.3871516038199462,0.2360214644195832,0.1412243732907018,0.1800136417571491,24.96665703608925,3.763157894736842,24.0,24.11049458723757,"705,769,844,856",9.953237413311422,40.36740049167816,-532.3890489678325,2.9159682149654307,12.619431810523857,7.492589091518016,420.0,406.125,0.95,-90.0,0.0023229915899094,0.3871516038199462,0.2360214644195832,new_non_BB86,not_matched,not_matched,,,1,,599.2087211198693,599.2087211198693,21.46524717077949,21.46524717077949,new_candidate,table_fits,True,ok,141,143,2,-530.3271480693061,-526.2033462722529,1.0,1.0,1.0,76.50382380119487,True,581,0.9064057510623303,398.6723922326926,10.80526847567911,0.7183098591549295,1.1738028169014083,1.008169014084507,13.417906766852647,7,138,145,"0.773,0.750,0.784,0.895,0.851,0.851,0.918",False,2006.9999999999964,1036.0000000000089,2603,1.0,1.0,6.56941807695744,227150.032003457,116281.87712731856,110868.15487613843,22.197007536262703,0.0666615821169759,332.9805088830926,227126.438743742,116250.41944769856,20.13092279891454,1.0,0.2289581040593068,27.20517721635833,0.7948906283864543,0.8443009838585266,0.1556990161414733,6.380089012770092,10.069327884885144,10.069327884885144,0.8257996940815503,0.8257996940815503,True,ok,141,143,-530.3271480693061,-526.2033462722529,0.95,409.3653624819765,131617.0242221444,45.0
256,268,695,1.0,10.478385694890036,41.50220587399261,-272.58953575349346,79.5,2.0,420.0,399.0,0.95,-45.0,0.0023935284084395,0.3811738843655632,0.2418693427885605,0.142366764774859,0.1823584986595423,24.79571796626168,3.761278195488722,24.0,24.11049458723757,695,10.478385694890036,41.50220587399261,-272.58953575349346,0.0,0.0,0.0,420.0,399.0,0.95,-45.0,0.0023935284084395,0.3811738843655632,0.2418693427885605,new_non_BB86,not_matched,not_matched,,,58,,168.6021374844489,168.6021374844489,19.81046424650652,19.81046424650652,new_candidate,table_fits,True,ok,79,81,2,-274.65143665202,-270.527634854967,1.0,1.0,1.0,43.94845422507862,True,592,0.8729201947222436,400.8382184950465,9.01988848658239,0.7183098591549295,1.2359154929577465,0.883943661971831,13.640214888516056,6,77,83,"0.200,0.665,0.851,0.929,0.817,0.706,0.695",False,1590.9999999999911,2199.9999999999955,2603,1.0,1.0,1.84764883414428,332138.61325894366,194572.2290791605,137566.3841797832,16.520631912620715,0.0445408068851366,370.9100276343148,332115.01999922865,194540.77139954048,22.157772154903984,1.0,0.1305888572955676,29.2976148658156,1.2706857658824888,0.7755146824517388,0.2244853175482611,3.6748861656067113,-0.3116610957939428,3.6748861656067113,0.8043951281028909,0.8043951281028909,False,background_gradient_dominates,79,81,-274.65143665202,-270.527634854967,0.95,409.3653624819765,131617.0242221444,135.0
258,263,681,4.0,11.309714959000582,41.95573366046364,-54.0280405096845,26.5,2.0,420.0,399.0,0.95,-45.0,0.0025684373412792,0.3916371267771292,0.2481844577972031,0.1452137584874765,0.1819712475272704,10.76310908768492,3.709899749373433,24.0,24.11049458723757,"681,740,825,861",11.308629839036852,41.95459351165344,-51.966139611158,2.061900898526499,9.553266035690845,7.413636801483296,426.0,404.7,0.95,-80.0,0.0025684373412792,0.3916371267771292,0.2481844577972031,new_non_BB86,not_matched,not_matched,,,139,,113.83921236031186,113.83921236031186,7.5719594903155,7.5719594903155,new_candidate,table_fits,True,ok,26,28,2,-56.08994140821101,-51.966139611158,1.0,1.0,1.0,19.29923820483633,True,555,0.8952170527912918,159.7586703627654,9.01988848658239,0.6769014084507041,1.1945070422535211,0.883943661971831,5.514984183042265,7,23,30,"0.599,0.832,0.840,0.906,0.828,0.739,0.728",True,954.0000000000056,2667.999999999992,2603,1.0,1.0,6.467585528177292,47788.75994458959,24745.18008366525,23043.57986092434,22.70352326611638,0.1495354590299244,151.827020917982,47765.16668487461,24713.72240404527,8.956339253375477,1.0,0.0572395260154358,11.392201041141089,0.6261113178319105,0.7893549795215783,0.2106450204784217,5.752791277950606,2.3897897425612435,5.752791277950606,0.1295106117972946,0.1295106117972946,False,foreground_confusion_velocity;low_v9_final_score,26,28,-56.08994140821101,-51.966139611158,0.95,409.3653624819765,131617.0242221444,135.0
259,271,710,1.0,9.972414212242075,40.39860308455243,-536.5128507648855,143.5,2.0,420.0,420.0,1.0,-90.0,0.0022518055232116,0.3919073378784661,0.2259484245436268,0.1420098077816676,0.1790687606697828,20.541724040950506,3.702380952380952,24.0,24.11049458723757,710,9.972414212242075,40.39860308455243,-536.5128507648855,0.0,0.0,0.0,420.0,420.0,1.0,-90.0,0.0022518055232116,0.3919073378784661,0.2259484245436268,new_non_BB86,not_matched,not_matched,,,1,,482.894150579392,482.894150579392,29.712850764885445,29.712850764885445,new_candidate,table_fits,True,ok,143,145,2,-538.5747516634119,-534.450949866359,1.0,1.0,1.0,45.63740282160041,True,640,0.9510056090597528,321.989626152441,12.21869430038068,0.6976056338028169,1.0909859154929578,0.9253521126760562,10.603853822554356,7,140,147,"0.695,0.706,0.773,0.884,0.940,0.817,0.779",False,1990.0000000000032,1066.9999999999875,2749,1.0,1.0,6.467585528177292,143271.40072659185,65109.50877432573,78161.89195226612,18.20386882776636,0.0651094709724085,279.58864595107235,143247.64374912734,65077.83280437307,15.54025938512296,1.0,0.3250960986631793,20.7451592402087,0.6203823532059366,0.8300096392067784,0.1699903607932216,7.566554634427385,8.635329364371039,8.635329364371039,0.8341415728063235,0.8341415728063235,True,ok,143,145,-538.5747516634119,-534.450949866359,1.0,420.0,138544.23602330987,90.0
260,239,661,3.0,11.044529034963618,41.29474589858237,-256.0943285652815,75.5,2.0,360.0,288.0,0.8,-5.0,0.0027319431336248,0.3524675109080777,0.2779861251056044,0.1514947657132953,0.1840483023236199,18.794926581271696,3.6641604010025066,24.0,24.11049458723757,"598,661,1175",11.04281101022428,41.29609380984757,-256.0943285652815,3.887957619953921,17.50010454562446,4.000000437743106,382.8,288.0,0.8,-28.13105346553104,0.0034431624417148,0.3524675109080777,0.2779861251056044,new_non_BB86,not_matched,not_matched,,,66,,131.02968306250847,131.02968306250847,15.70567143471851,15.70567143471851,new_candidate,table_fits,True,ok,75,77,2,-258.156229463808,-254.03242766675496,1.0,1.0,1.0,111.19354117491288,True,380,0.7707188517557011,374.6147022238087,5.337542259070404,0.8218309859154929,1.4222535211267604,0.7804225352112675,16.23011187760577,7,72,79,"0.784,0.795,0.828,0.794,0.728,0.683,0.695",False,1153.9999999999957,1987.0000000000025,1621,1.0,1.0,6.992072414488091,347882.5260437907,258746.53838089737,89135.98766289331,18.503992974253677,0.0619756242835149,298.5688839470972,347860.3536482255,258716.9751868104,23.17718130278096,1.0,0.1021202687304207,32.268070611947,0.5462472088799557,0.6752429129394342,0.3247570870605658,15.283534825859432,0.8411781163480511,15.283534825859432,0.8466072750933293,0.8466072750933293,True,ok,75,77,-258.156229463808,-254.03242766675496,0.8,321.99378875996973,81430.08158104745,175.0
262,250,639,1.0,10.62960428069496,40.97431879753765,-400.4273914621365,110.5,2.0,360.0,342.0,0.95,-55.0,0.0029538491728146,0.3441300545818853,0.2552096843434452,0.1653516779615529,0.2034042185234107,18.106907718296323,3.640350877192982,24.0,24.11049458723757,639,10.62960428069496,40.97431879753765,-400.4273914621365,0.0,0.0,0.0,360.0,342.0,0.95,-55.0,0.0029538491728146,0.3441300545818853,0.2552096843434452,new_non_BB86,not_matched,not_matched,,,38,,66.0166341253334,66.0166341253334,36.27260853786351,36.27260853786351,new_candidate,table_fits,True,ok,110,112,2,-402.489292360663,-398.36549056361,1.0,1.0,1.0,46.74890397087235,True,440,0.8059869549564996,347.74255104312067,8.387566407110635,0.7804225352112675,1.3601408450704224,0.9667605633802816,15.812499154992103,7,107,114,"0.750,0.739,0.739,0.773,0.851,0.784,0.683",False,1474.8571428571431,1656.857142857123,1925,1.0,1.0,4.558273530188186,289402.7466731471,208900.94563830533,80501.80103484174,16.636429380339347,0.058632299033884,283.74172008375524,289380.0586294069,208870.69491331844,18.69188434364314,1.0,0.2559545254845583,23.89633275701101,1.8621613685901908,0.7295957195148278,0.2704042804851721,7.981722896750755,1.160316343154444,7.981722896750755,0.7923596662257327,0.7923596662257327,False,background_gradient_dominates,110,112,-402.489292360663,-398.36549056361,0.95,350.8845964131227,96698.22187749384,125.0
263,275,722,1.0,9.768904593377624,40.529392881954585,-532.3890489678325,142.5,2.0,420.0,420.0,1.0,-90.0,0.0021431559862668,0.3875000094721604,0.2232101576129269,0.1400617605065018,0.1769084303396065,23.93934757682325,3.631578947368421,24.0,24.11049458723757,722,9.768904593377624,40.529392881954585,-532.3890489678325,0.0,0.0,0.0,420.0,420.0,1.0,-90.0,0.0021431559862668,0.3875000094721604,0.2232101576129269,new_non_BB86,not_matched,not_matched,,,2,,748.8384130186598,748.8384130186598,19.71095103216749,19.71095103216749,new_candidate,table_fits,True,ok,142,144,2,-534.450949866359,-530.3271480693061,1.0,1.0,1.0,44.91738495227939,True,604,0.939852661683196,367.4591130905317,11.0284409743162,0.6976056338028169,1.1116901408450703,0.9253521126760562,12.868039556077791,7,139,146,"0.695,0.695,0.739,0.884,0.895,0.817,0.817",False,2147.999999999995,1203.000000000004,2749,1.0,1.0,6.467585528177292,194467.50570263932,93153.3482703459,101314.15743229345,20.77408045855055,0.0652634110229779,318.31128856008496,194443.74872517484,93121.67230039324,17.89812956049999,1.0,0.0557535209563292,21.92404186181058,1.3602263273600992,0.8478347332314583,0.1521652667685417,4.266304630085828,4.343127295588972,4.343127295588972,0.837890072716365,0.837890072716365,False,background_gradient_dominates,142,144,-534.450949866359,-530.3271480693061,1.0,420.0,138544.23602330987,90.0
265,269,698,1.0,11.25738372253984,41.97267019365557,-74.6470494949495,31.5,2.0,360.0,360.0,1.0,-90.0,0.0023825710954376,0.3677413008216637,0.2648656717912614,0.1405210579025892,0.1740749885848561,20.783180800725297,3.625313283208021,24.0,24.11049458723757,698,11.25738372253984,41.97267019365557,-74.6470494949495,0.0,0.0,0.0,360.0,360.0,1.0,-90.0,0.0023825710954376,0.3677413008216637,0.2648656717912614,new_non_BB86,not_matched,not_matched,,,140,,136.9386267077335,136.9386267077335,13.047049494949498,13.047049494949498,new_candidate,table_fits,True,ok,31,33,2,-76.708950393476,-72.585148596423,1.0,1.0,1.0,63.049963165872605,True,466,0.7724515711626359,377.12262644987584,7.699451202979607,0.8011267605633803,1.4222535211267604,0.9253521126760562,15.439409326105793,7,28,35,"0.695,0.683,0.706,0.750,0.784,0.784,0.757",True,994.142857142862,2685.142857142855,2024,1.0,1.0,6.77471239186236,418881.60277911305,311428.6744147578,107452.92836435523,17.616517839027843,0.0537397394170715,327.8117465793214,418858.7642860218,311398.2230906362,21.61288522585795,1.0,0.1211561626380673,27.13138511141754,1.0401706328393083,0.6896010744430517,0.3103989255569483,-1.8160993033094015,5.650847263718518,5.650847263718518,0.120565799355113,0.120565799355113,False,foreground_confusion_velocity;background_gradient_dominates;low_v9_final_score,31,33,-76.708950393476,-72.585148596423,1.0,360.0,101787.6019763093,90.0
266,246,624,1.0,10.495939514685498,40.75555984032921,-416.9225986503485,114.5,2.0,360.0,342.0,0.95,85.0,0.0030488298504477,0.3465382971696076,0.2489887966349758,0.1692316417647917,0.2087952319632389,12.813401309908906,3.62468671679198,24.0,24.11049458723757,624,10.495939514685498,40.75555984032921,-416.9225986503485,0.0,0.0,0.0,360.0,342.0,0.95,85.0,0.0030488298504477,0.3465382971696076,0.2489887966349758,new_non_BB86,not_matched,not_matched,,,29,,92.77272370497796,92.77272370497796,15.677401349651518,15.677401349651518,new_candidate,table_fits,True,ok,115,117,2,-423.108301345928,-418.98449954887496,1.0,1.0,1.0,22.153190533076724,True,437,0.9174983445706324,149.09604831844806,8.740922863286027,0.7183098591549295,1.1530985915492955,0.9874647887323944,6.603899872709448,7,112,119,"0.784,0.773,0.795,0.895,0.862,0.817,0.873",False,1579.142857142855,1431.9999999999982,1921,1.0,1.0,6.980006706767279,45946.78803102729,28599.05449303026,17347.733537997028,8.394934438389702,0.0637237491765508,131.73949346782763,45924.106227538985,28568.812088379185,8.368371095843347,1.0,0.323987566836689,10.5844141485626,1.185576741791451,0.8135568852964653,0.1864431147035347,4.656142463401809,6.915512353310104,6.915512353310104,0.7987476045702816,0.7987476045702816,False,background_gradient_dominates,115,117,-423.108301345928,-418.98449954887496,0.95,350.8845964131227,96698.22187749384,85.0
267,259,674,6.0,11.1792059985458,41.88927022005636,-91.14225668316148,35.5,2.0,382.8,344.52000000000004,0.9,45.0,0.0026182282366537,0.3852256359834051,0.2398162317618426,0.1499395795579406,0.1890155168169686,8.239423168375499,3.6234335839599,24.0,24.11049458723757,"674,898,982,1064,1136,1145",11.173470626502182,41.88746549214912,-89.080355784635,2.061900898526481,38.90312050298648,15.593280134798388,469.5,469.5,1.0,84.34503376298989,0.0026182282366537,0.3852256359834051,0.2398162317618426,new_non_BB86,not_matched,not_matched,,,128,,108.52096123714072,108.52096123714072,8.942256683161474,8.942256683161474,new_candidate,table_fits,True,ok,35,37,2,-93.204157581688,-89.080355784635,1.0,1.0,1.0,49.105639542314975,True,415,0.8951578018716345,346.5078567366833,8.220187033132818,0.7390140845070423,1.1945070422535211,1.0909859154929578,15.198137828429816,7,32,39,"0.817,0.873,0.929,0.962,0.817,0.695,0.672",True,1053.4285714285688,2599.000000000003,2056,1.0,1.0,3.19363004858294,184933.74539483656,103952.53679180042,80981.20860303614,26.64481280362296,0.0936267809404772,284.5853775594642,184910.85984195684,103922.02272129412,18.646384968848466,1.0,0.1070477787421712,22.728916604476304,1.722024915190394,0.8268198455157592,0.1731801544842409,12.795082979401672,7.730757851101309,12.795082979401672,0.124785101448095,0.124785101448095,False,foreground_confusion_velocity;background_gradient_dominates;low_v9_final_score,35,37,-93.204157581688,-89.080355784635,0.9,363.15596649373674,103580.08164711212,45.0
269,267,693,1.0,10.176137074853736,40.61568869172776,-553.0080579530975,147.5,2.0,360.0,342.0,0.95,-50.0,0.0024069058689437,0.3708538416200482,0.2623231714989602,0.1419233495483677,0.1743274658400071,15.152620700157728,3.5739348370927315,24.0,24.11049458723757,693,10.176137074853736,40.61568869172776,-553.0080579530975,0.0,0.0,0.0,360.0,342.0,0.95,-50.0,0.0024069058689437,0.3708538416200482,0.2623231714989602,new_non_BB86,not_matched,not_matched,,,6,,153.7822314096758,153.7822314096758,19.79194204690248,19.79194204690248,new_candidate,table_fits,True,ok,147,149,2,-555.069958851624,-550.946157054571,1.0,1.0,1.0,51.19524748191762,True,439,0.7832389256591461,262.7479993756287,6.602186418013915,0.7804225352112675,1.4015492957746478,0.9046478873239436,11.21949360674976,7,144,151,"0.683,0.672,0.683,0.727,0.795,0.773,0.739",False,1829.1428571428569,1289.1428571428532,1916,1.0,1.0,6.77471239186236,131806.47868674685,90213.792117038,41592.68656970887,15.037641309362431,0.0737278856583954,203.9613800812974,131783.80470187127,90183.56013720388,14.815594324496702,1.0,0.4187989058131359,19.724170544899614,1.9198114052557875,0.7488631134686957,0.2511368865313042,12.011816833585108,8.120583369841349,12.011816833585108,0.7730398511565525,0.7730398511565525,False,background_gradient_dominates,147,149,-555.069958851624,-550.946157054571,0.95,350.8845964131227,96698.22187749384,130.0
272,274,719,3.0,9.899656057132908,40.38159502114567,-524.1414453737265,140.5,2.0,432.0,410.4,0.95,-90.0,0.0021727180792307,0.3780450618609697,0.238206620740286,0.1369961627961465,0.1761154989626731,18.41509351580869,3.526315789473684,24.0,24.11049458723757,"719,850,1061",9.9006892721888,40.38160211111554,-524.1414453737265,1.9439788099769808,11.000596373837684,2.5001363927129274,432.0,410.4,0.95,76.71747441146101,0.0021727180792307,0.3780450618609697,0.238206620740286,new_non_BB86,not_matched,not_matched,,,1,,680.5604808452234,680.5604808452234,17.341445373726458,17.341445373726458,new_candidate,table_fits,True,ok,140,142,2,-526.2033462722529,-522.0795444752,1.0,1.0,1.0,48.48028396633881,True,630,0.8617416848823203,390.4015454007742,8.536348072868694,0.6976056338028169,1.256619718309859,1.008169014084507,14.031177499250466,7,137,144,"0.732,0.750,0.806,0.828,0.862,0.940,0.862",False,2047.1428571428544,1050.000000000005,2765,1.0,1.0,6.364123762052519,318127.87031717325,188457.8851683657,129669.98514880757,24.38028545640948,0.0677026682483344,360.1081919989064,318104.0959294314,188426.18598470988,20.941107685530028,1.0,0.1006660795041172,30.28376799572028,1.4117565687231195,0.7821144045460937,0.2178855954539062,14.570054525409155,18.4310577184603,18.4310577184603,0.8242863000059576,0.8242863000059576,False,background_gradient_dominates,140,142,-526.2033462722529,-522.0795444752,0.95,421.06151569574723,139245.4395035911,90.0
274,281,744,2.0,11.032001829364155,41.88980112457212,-144.7516800448505,48.5,2.0,435.0,304.5,0.7,30.0,0.0020073376737012,0.3783204639708244,0.233915759241381,0.1331518222707651,0.170354655122222,17.47677419732612,3.384711779448622,24.0,24.11049458723757,"744,762",11.029477911677674,41.88883629380995,-146.813580943377,2.0619008985264884,15.207516698417605,7.6037583492088014,435.0,304.5,0.7,30.0,0.0020073376737012,0.3783204639708244,0.233915759241381,new_non_BB86,not_matched,not_matched,,,122,,160.7314212010902,160.7314212010902,4.851680044850497,4.851680044850497,new_candidate,table_fits,True,ok,49,51,2,-150.93738274043,-146.813580943377,1.0,1.0,1.0,65.76736590155573,True,449,0.8841157458821696,339.5799742096337,12.66503929765486,0.8011267605633803,1.2152112676056337,1.0909859154929578,14.879685123837804,7,46,53,"0.683,0.706,0.795,0.895,0.828,0.761,0.695",False,1166.1428571428555,2598.999999999998,2067,1.0,1.0,7.1853010216722,215331.4980364396,156887.42533516392,58444.0727012757,12.752144421232703,0.052745404215917,241.7678774255079,215308.59647576057,156856.8899209252,17.76029174151326,0.961206896551724,0.2307282129317282,25.202092826644098,0.7161218678113216,0.8123859589716588,0.1876140410283412,4.098345863562806,-3.188697509706611,4.098345863562806,0.818334703069815,0.818334703069815,True,ok,49,51,-150.93738274043,-146.813580943377,0.7,363.9471115423229,104031.8772282175,30.0
277,286,767,3.0,10.776040911345683,41.111519247078974,-367.4369770857125,102.5,2.0,432.0,432.0,1.0,-90.0,0.0018443154365063,0.3732502674517986,0.2267332711247572,0.1306826828339256,0.1667637982736974,16.95402205542699,3.18796992481203,24.0,24.11049458723757,"767,1095,1126",10.782434995057736,41.11378241332816,-363.3131752886595,3.367070067717391,40.9939031963099,16.97792951002043,504.0,504.0,1.0,-90.0,0.0018443154365063,0.3732502674517986,0.2267332711247572,new_non_BB86,not_matched,not_matched,,,48,,122.52476012006404,122.52476012006404,29.636977085712488,29.636977085712488,new_candidate,table_fits,True,ok,102,104,2,-369.498877984239,-365.375076187186,1.0,1.0,1.0,38.43592295061893,True,664,0.8729584345228509,397.92572444740506,10.58209597704202,0.6976056338028169,1.2359154929577465,0.9046478873239436,12.626049330782628,7,99,106,"0.695,0.706,0.728,0.817,0.906,0.895,0.895",False,1361.285714285716,1798.0000000000025,2917,1.0,1.0,3.720870967670624,429842.3054748148,278153.11338367284,151689.19209114194,17.008340693035134,0.0436689959481739,389.48320939690313,429818.3705419052,278121.2001397934,21.24288397753702,1.0,0.2612227119164222,28.48192028082105,1.2477412462111854,0.7668817765120193,0.2331182234879807,17.893732267132997,11.349177415798987,17.893732267132997,0.7987180283535844,0.7987180283535844,False,background_gradient_dominates,102,104,-369.498877984239,-365.375076187186,1.0,432.0,146574.14684588538,90.0
279,278,739,2.0,10.237412354030845,41.08110348564346,-416.9225986503485,114.5,2.0,382.8,306.24,0.8,30.0,0.0020426835610719,0.3651076555261652,0.2396984517805304,0.1356781902710774,0.1720302749592653,8.121451150457608,3.1203007518796992,24.0,24.11049458723757,"739,890",10.237322117028029,41.08082535230329,-416.9225986503485,0.0,2.06157462690386,1.0307873134519296,408.9,305.37,0.75,32.5,0.0020426835610719,0.3651076555261652,0.2396984517805304,new_non_BB86,not_matched,not_matched,,,37,,232.3555325204433,232.3555325204433,7.377401349651507,7.377401349651507,new_candidate,table_fits,True,ok,115,117,2,-423.108301345928,-418.98449954887496,1.0,1.0,1.0,36.73363236137095,True,418,0.7057421451583246,147.35827839873735,26.68771129535202,1.070281690140845,1.5464788732394366,0.6976056338028169,4.8507842691235705,7,112,119,"0.682,0.784,0.839,0.761,0.683,0.672,0.706",False,1778.8571428571386,1767.5714285714262,1829,1.0,1.0,1.5431251403803403,115754.65685205883,110748.06205170685,5006.594800352017,4.039412345476138,0.0570455036654915,70.81035464535117,115732.12227811367,110718.01595311328,7.025237942377118,0.95,0.2114327617605569,12.669220310179323,0.5147371438036066,0.5565461226369977,0.4434538773630023,2.69082946667753,-0.6357973217420485,2.69082946667753,0.7810866599279879,0.7810866599279879,False,diffuse_growth_tail,115,117,-423.108301345928,-418.98449954887496,0.8,342.3867287147678,92071.18368632188,30.0
281,294,799,1.0,11.133666690327493,42.01974319682942,-161.2468872330625,52.5,2.0,420.0,420.0,1.0,-90.0,0.00163423494841,0.3688782103356174,0.2100605031487138,0.1280845141945463,0.1646608923849485,24.311238405155883,3.055764411027569,24.0,24.11049458723757,799,11.133666690327493,42.01974319682942,-161.2468872330625,0.0,0.0,0.0,420.0,420.0,1.0,-90.0,0.00163423494841,0.3688782103356174,0.2100605031487138,new_non_BB86,not_matched,not_matched,,,133,,104.95668053315548,104.95668053315548,13.046887233062506,13.046887233062506,new_candidate,table_fits,True,ok,52,54,2,-163.308788131589,-159.18498633453598,1.0,1.0,1.0,30.10442604523036,True,640,0.9175603219524938,383.7705093625763,12.21869430038068,0.7390140845070423,1.1530985915492955,0.9874647887323944,13.7079654383786,7,49,56,"0.706,0.761,0.873,0.873,0.940,0.851,0.761",False,1088.9999999999884,2733.000000000009,2749,1.0,1.0,4.927063557718079,203595.20168600685,98077.8807607308,105517.320925276,16.066227788317534,0.0494579084163734,324.8464866945058,203571.44470854232,98046.20479077817,18.01663600258235,1.0,0.1763081137947471,21.869545607477825,1.1149360364648169,0.820469522806585,0.1795304771934149,3.8717952664867465,1.4944793834727648,3.8717952664867465,0.8118875235201083,0.8118875235201083,False,background_gradient_dominates,52,54,-163.308788131589,-159.18498633453598,1.0,420.0,138544.23602330987,90.0
286,273,718,3.0,10.376269563777504,40.86113773848541,-511.7700399825675,137.5,2.0,382.8,306.24,0.8,45.0,0.0021779638690364,0.3264277366160472,0.235406020393821,0.1502432677261211,0.1886474898526351,11.764173584627962,2.960526315789474,24.0,24.11049458723757,"718,992,1087",10.376937552455038,40.86229697349891,-515.8938417796205,1.9439788099769808,10.595151869122532,3.201666891549814,435.0,306.24,0.7,35.44669732456546,0.0021779638690364,0.3264277366160472,0.235406020393821,new_non_BB86,not_matched,not_matched,,,34,,313.16479822545506,313.16479822545506,29.67003998256746,29.67003998256746,new_candidate,table_fits,True,ok,137,139,2,-513.8319408810939,-509.708139084041,1.0,1.0,1.0,38.072749398644376,True,421,0.794239311858451,360.7559728375135,6.360416211157067,0.7804225352112675,1.380845070422535,0.8218309859154929,14.933860466918224,7,134,141,"0.693,0.717,0.761,0.794,0.783,0.750,0.706",False,1671.999999999995,1540.8571428571438,1833,1.0,1.0,1.9475928773502025,323492.18069180165,219092.01423312345,104400.16645867824,22.93921382723216,0.0709924732595799,323.1217729710054,323469.63956405816,219061.9593961321,22.628516295340184,1.0,0.1319890981392164,29.337094888265632,1.3850819237119305,0.7132941160310502,0.2867058839689498,2.7635264025496458,0.4325855398099763,2.7635264025496458,0.7875536335572191,0.7875536335572191,False,background_gradient_dominates,137,139,-513.8319408810939,-509.708139084041,0.8,342.3867287147678,92071.18368632188,45.0
287,298,826,1.0,10.921562183828277,41.28534085678299,-284.96094114465245,82.5,2.0,420.0,420.0,1.0,-90.0,0.0015214300134715,0.36297231186834,0.2067297994081197,0.1246948411940508,0.1626023852651283,28.50853459699076,2.9348370927318297,24.0,24.11049458723757,826,10.921562183828277,41.28534085678299,-284.96094114465245,0.0,0.0,0.0,420.0,420.0,1.0,-90.0,0.0015214300134715,0.36297231186834,0.2067297994081197,new_non_BB86,not_matched,not_matched,,,61,,151.95235917951632,151.95235917951632,4.860941144652429,4.860941144652429,new_candidate,table_fits,True,ok,82,84,2,-287.02284204317897,-282.899040246126,1.0,1.0,1.0,46.83732890047743,True,594,0.8841162589066678,495.079444858191,13.185775127808071,0.7390140845070423,1.2152112676056337,0.9874647887323944,17.086069228955008,7,79,86,"0.706,0.717,0.784,0.862,0.884,0.817,0.761",False,1248.9999999999957,1976.999999999991,2749,1.0,1.0,6.56941807695744,322708.33344618155,173530.71854485857,149177.614901323,17.76677220669966,0.0459986597267833,386.2454321979889,322684.5764687171,173499.0425749059,21.623847677745594,1.0,0.3569967213561441,27.80913601301293,1.2467199828730615,0.8196196834131608,0.1803803165868391,5.900066770344312,6.101032842963623,6.101032842963623,0.7952423073270176,0.7952423073270176,False,background_gradient_dominates,82,84,-287.02284204317897,-282.899040246126,1.0,420.0,138544.23602330987,90.0
290,295,814,2.0,10.822578740917232,41.1513342985813,-338.5703645063415,95.5,2.0,432.0,432.0,1.0,-90.0,0.0015485644290926,0.3598995368115781,0.2158286934816929,0.1231321057906923,0.161907699828639,17.83618038718882,2.897243107769424,24.0,24.11049458723757,"814,1154",10.825160185629086,41.15091448945877,-338.5703645063415,0.0,14.317856842550936,7.158928421275468,468.0,468.0,1.0,-90.0,0.0015485644290926,0.3598995368115781,0.2158286934816929,new_non_BB86,not_matched,not_matched,,,54,,100.33345680823278,100.33345680823278,3.329635493658486,3.329635493658486,new_candidate,table_fits,True,ok,95,97,2,-340.632265404868,-336.508463607815,1.0,1.0,1.0,46.58978447951314,True,670,0.8395212438619345,418.2689647487221,12.181498883941169,0.7390140845070423,1.2980281690140845,1.008169014084507,14.52312705267598,7,92,99,"0.750,0.717,0.739,0.795,0.862,0.840,0.873",False,1325.285714285716,1839.0,2917,1.0,1.0,6.364123762052519,418595.404107066,279848.4601580968,138746.9439489692,16.29562914050842,0.0437468647152202,372.4982177943122,418571.4691741564,279816.5469142173,21.39223189482936,1.0,0.1427839069735169,28.59606086204744,0.5833962293258657,0.7817116861656114,0.2182883138343886,6.156867727419178,19.289163737793007,19.289163737793007,0.8559017249013241,0.8559017249013241,True,ok,95,97,-340.632265404868,-336.508463607815,1.0,432.0,146574.14684588538,90.0
291,300,832,1.0,11.125401971321656,41.38974507036187,-247.84672497117552,73.5,2.0,420.0,420.0,1.0,-90.0,0.0015030693826752,0.3621291236424299,0.2071766788353366,0.1243893720357572,0.1610613861977207,24.65684907502773,2.882832080200501,24.0,24.11049458723757,832,11.125401971321656,41.38974507036187,-247.84672497117552,0.0,0.0,0.0,420.0,420.0,1.0,-90.0,0.0015030693826752,0.3621291236424299,0.2071766788353366,new_non_BB86,not_matched,not_matched,,,71,,145.1305533310479,145.1305533310479,0.7467249711755244,0.7467249711755244,new_candidate,table_fits,True,ok,73,75,2,-249.90862586970204,-245.784824072649,1.0,1.0,1.0,47.4480491784339,True,640,0.884115543133608,384.8828052566076,12.5162576318968,0.7390140845070423,1.2152112676056337,0.9874647887323944,13.01827886071113,7,70,77,"0.683,0.683,0.683,0.773,0.906,0.929,0.906",False,1092.0000000000189,2084.999999999996,2749,1.0,1.0,6.467585528177292,232357.39430837697,136100.18788008095,96257.20642829602,15.587422672578947,0.050238865263976,310.26621701497635,232333.6373309125,136068.5119101283,18.537073213511505,0.973421926910299,0.3250960986619596,27.368118442278107,0.7911764752822332,0.825264383053708,0.174735616946292,20.40914741911088,12.773233566409566,20.40914741911088,0.8056704536380161,0.8056704536380161,True,ok,73,75,-249.90862586970204,-245.784824072649,1.0,420.0,138544.23602330987,90.0
293,289,778,1.0,10.12404441562337,40.73976002777881,-590.1222741265744,156.5,2.0,420.0,420.0,1.0,-90.0,0.0017551907489737,0.3674755859218932,0.2119621144468798,0.1313499344781424,0.1715567168949647,6.08072658408833,2.841478696741855,24.0,24.11049458723757,778,10.12404441562337,40.73976002777881,-590.1222741265744,0.0,0.0,0.0,420.0,420.0,1.0,-90.0,0.0017551907489737,0.3674755859218932,0.2119621144468798,new_non_BB86,not_matched,not_matched,,,16,,73.9586481988981,73.9586481988981,25.62227412657444,25.62227412657444,new_candidate,table_fits,True,ok,156,158,2,-592.184175025101,-588.060373228048,1.0,1.0,1.0,8.004918346831843,True,570,0.8729588952782114,69.1212573106352,13.185775127808071,0.7804225352112675,1.2359154929577465,1.2152112676056337,2.530995647818313,7,153,160,"0.951,0.929,0.929,0.828,0.780,0.711,0.512",False,1869.0000000000011,1416.999999999993,2749,1.0,1.0,2.711906041013025,27572.18012562481,21352.24637947711,6219.933746147704,3.625360527164577,0.0459390525909505,78.9167456160976,27548.42314816032,21320.57040952445,4.3169957383199735,0.9900332225913622,0.3942369274301636,7.955102262772604,0.2779764487245505,0.7183365636873437,0.2816634363126563,2.984948422972628,0.4284123926783894,2.984948422972628,0.8340330160476659,0.8340330160476659,True,ok,156,158,-592.184175025101,-588.060373228048,1.0,420.0,138544.23602330987,90.0
297,302,845,1.0,11.289458813394807,42.16294852921433,-148.87548184190348,49.5,2.0,420.0,420.0,1.0,-90.0,0.001394271142987,0.3570154095911249,0.2038600400235765,0.1210041480639995,0.1583171320074086,23.728281981333232,2.716165413533835,24.0,24.11049458723757,845,11.289458813394807,42.16294852921433,-148.87548184190348,0.0,0.0,0.0,420.0,420.0,1.0,-90.0,0.001394271142987,0.3570154095911249,0.2038600400235765,new_non_BB86,not_matched,not_matched,,,140,,559.5923608673437,559.5923608673437,87.27548184190348,87.27548184190348,new_candidate,table_fits,True,ok,49,51,2,-150.93738274043,-146.813580943377,0.8562421185372006,0.9467838963442852,1.0,22.45462509356029,True,640,0.8172114417144924,318.47746640204224,10.191544104427113,0.8218309859154929,1.33943661971831,0.9253521126760562,12.697667138385157,7,46,53,"0.695,0.706,0.728,0.784,0.817,0.784,0.717",False,971.0000000000076,2880.9999999999764,2634,0.8855721393034826,1.0,0.1451650022083154,160328.0306321604,93909.64358101568,66418.38705114473,15.747122184895904,0.0610986037857525,257.7329302010652,160304.40185551348,93878.13854548644,15.545718347943858,1.0,0.2787676047791162,27.486479786902773,0.5009433798132936,0.7753125205683356,0.2246874794316644,-13.696740273625643,-3.861238001771656,-3.861238001771656,0.7607546650417326,0.7607546650417326,False,near_mask_edge,49,51,-150.93738274043,-146.813580943377,1.0,420.0,138544.23602330987,90.0
299,308,865,4.0,10.709499627109084,41.61516614451956,-247.84672497117552,73.5,2.0,420.0,420.0,1.0,-90.0,0.0013023432550302,0.3542107160257747,0.2044337987945255,0.1180251375384714,0.1523830125911965,39.85764051552337,2.644736842105263,24.0,24.11049458723757,"865,901,917,979",10.709685521359738,41.61547861042264,-249.908625869702,2.061900898526474,3.5000640405660643,1.825163776930267,427.5,427.5,1.0,-90.0,0.0013023432550302,0.3542107160257747,0.2044337987945255,new_non_BB86,not_matched,not_matched,,,72,,64.72184709225029,64.72184709225029,29.64672497117553,29.64672497117553,new_candidate,table_fits,True,ok,73,75,2,-249.90862586970204,-245.784824072649,1.0,1.0,1.0,53.76367297885059,True,640,0.8729641043403762,631.6500347567069,11.400395138711351,0.7390140845070423,1.2359154929577465,0.9874647887323944,22.01399321407122,7,70,77,"0.951,0.906,0.817,0.851,0.884,0.840,0.750",False,1413.0000000000011,2315.999999999977,2749,1.0,1.0,6.467585528177292,666213.7080716008,358224.45518957416,307989.2528820266,24.15764885621581,0.0435292615786275,554.9749290504161,666189.9510941362,358192.7792196215,30.86382591068037,1.0,0.2365421564574276,38.50136407115823,0.7445368705278047,0.7826877622029075,0.2173122377970925,17.267209840257806,20.84190939760764,20.84190939760764,0.8201019184026387,0.8201019184026387,True,ok,73,75,-249.90862586970204,-245.784824072649,1.0,420.0,138544.23602330987,90.0
300,305,855,1.0,11.186159492067164,41.37005311326005,-218.98011239180448,66.5,2.0,420.0,420.0,1.0,-90.0,0.001342850556455,0.3518762567333566,0.2027642891668615,0.1196817721304954,0.1572599884815934,24.58086212464351,2.6159147869674184,24.0,24.11049458723757,855,11.186159492067164,41.37005311326005,-218.98011239180448,0.0,0.0,0.0,420.0,420.0,1.0,-90.0,0.001342850556455,0.3518762567333566,0.2027642891668615,new_non_BB86,not_matched,not_matched,,,77,,185.94044538155907,185.94044538155907,7.519887608195518,7.519887608195518,new_candidate,table_fits,True,ok,66,68,2,-221.042013290331,-216.918211493278,1.0,1.0,1.0,47.212569854010525,True,640,0.850669747737976,386.3683716295163,12.21869430038068,0.7597183098591549,1.2773239436619717,0.9874647887323944,14.000710201983036,7,63,70,"0.673,0.750,0.784,0.817,0.918,0.728,0.695",False,1045.0000000000014,2065.000000000003,2749,1.0,1.0,1.7480181036220228,277590.2881888772,164255.99204520782,113334.2961436694,16.775810029019397,0.0498296287379727,336.6633557964955,277566.53121141274,164224.31607525516,19.00429794667281,1.0,0.4597553118037363,27.69433572493409,1.6440446577858792,0.7750422427175152,0.2249577572824848,11.911738772521112,19.41699612867979,19.41699612867979,0.7659447237106702,0.7659447237106702,False,background_gradient_dominates,66,68,-221.042013290331,-216.918211493278,1.0,420.0,138544.23602330987,90.0
301,307,858,1.0,11.107953085211136,42.08887419076152,-181.86589621832752,57.5,2.0,420.0,420.0,1.0,-90.0,0.001326475410277,0.3544349552174886,0.1988204952620706,0.1193307434977946,0.157742659736674,25.4752115558512,2.609022556390977,24.0,24.11049458723757,858,11.107953085211136,42.08887419076152,-181.86589621832752,0.0,0.0,0.0,420.0,420.0,1.0,-90.0,0.001326475410277,0.3544349552174886,0.1988204952620706,new_non_BB86,not_matched,not_matched,,,136,,152.6533430527303,152.6533430527303,3.43410378167249,3.43410378167249,new_candidate,table_fits,True,ok,58,60,2,-188.051598913907,-183.927797116854,0.978562421185372,0.974548819990745,0.975,29.56555309567181,True,585,0.8172263979376178,299.88088211314573,16.18000615118903,0.8218309859154929,1.33943661971831,1.0495774647887324,11.832589847586757,7,55,62,"0.717,0.750,0.851,0.817,0.806,0.739,0.706",False,1108.9999999999984,2803.999999999998,2671,0.9800995024875622,0.966743119266055,0.1451650022083154,228080.0966300369,178068.51697928965,50011.57965074721,10.839757295724231,0.0484674327233462,223.65032944075944,228056.42600539752,178036.9561464372,14.462221241457812,0.9534883720930232,0.2010221785948082,25.083301159248744,1.018595758776124,0.7232543607913983,0.2767456392086017,4.850003899759801,6.452727644576332,6.452727644576332,0.7464895566559753,0.7464895566559753,False,near_mask_edge;background_gradient_dominates,58,60,-188.051598913907,-183.927797116854,1.0,420.0,138544.23602330987,90.0
305,311,880,1.0,10.201787596733723,40.81303441736791,-557.1318597501505,148.5,2.0,420.0,420.0,1.0,-90.0,0.0012561935508691,0.350080057358913,0.2101431585047331,0.1152770458724536,0.1481259313071828,22.134065260808104,2.5006265664160403,24.0,24.11049458723757,880,10.201787596733723,40.81303441736791,-557.1318597501505,0.0,0.0,0.0,420.0,420.0,1.0,-90.0,0.0012561935508691,0.350080057358913,0.2101431585047331,new_non_BB86,not_matched,not_matched,,,24,,158.65341484669182,158.65341484669182,3.2681402498494663,3.2681402498494663,new_candidate,table_fits,True,ok,148,150,2,-559.193760648677,-555.069958851624,1.0,1.0,1.0,42.41890621314983,True,640,0.82836309077963,337.11806590600963,10.43331431128396,0.7390140845070423,1.318732394366197,0.9253521126760562,12.211439740332334,7,145,152,"0.683,0.683,0.706,0.784,0.873,0.940,0.929",False,1807.999999999996,1492.0,2749,1.0,1.0,6.467585528177292,221708.94761320707,146166.00126534287,75542.9463478642,15.029902717948993,0.0546809999745388,274.8651766600353,221685.19063574256,146134.3252953902,16.006414260455625,1.0,0.3250960986631749,20.80079449391837,1.5333344326906249,0.7754869850556118,0.2245130149443882,0.9404298992848154,4.785909345404186,4.785909345404186,0.7896269711530306,0.7896269711530306,False,background_gradient_dominates,148,150,-559.193760648677,-555.069958851624,1.0,420.0,138544.23602330987,90.0
307,309,873,1.0,10.479711145231931,41.43498540335792,-297.3323465358115,85.5,2.0,432.0,432.0,1.0,-90.0,0.0012750631715704,0.3473036765581369,0.2097438796960659,0.1144960860389092,0.1528770815017356,17.90549972282375,2.446741854636591,24.0,24.11049458723757,873,10.479711145231931,41.43498540335792,-297.3323465358115,0.0,0.0,0.0,432.0,432.0,1.0,-90.0,0.0012750631715704,0.3473036765581369,0.2097438796960659,new_non_BB86,not_matched,not_matched,,,58,,134.05609998295512,134.05609998295512,4.932346535811519,4.932346535811519,new_candidate,table_fits,True,ok,85,87,2,-299.394247434338,-295.27044563728504,1.0,1.0,1.0,52.87566480737441,True,659,0.8060767426318987,414.22072147336166,12.66503929765486,0.7597183098591549,1.3601408450704224,1.008169014084507,15.35589752655414,7,82,89,"0.672,0.672,0.683,0.739,0.862,0.873,0.806",False,1590.1428571428455,2130.8571428571267,2915,1.0,1.0,6.364123762052519,411212.81333373673,289348.7901740202,121864.02315971653,14.35027063178957,0.0411062747778046,349.1017055025865,411188.8804584404,289316.8796736251,20.859676876765523,0.9969230769230768,0.1164110006494586,27.444947025988007,0.8441045756715387,0.7695889722039393,0.2304110277960607,14.43845299962974,11.166599087561826,14.43845299962974,0.8201099861716795,0.8201099861716795,True,ok,85,87,-299.394247434338,-295.27044563728504,1.0,432.0,146574.14684588538,90.0
308,314,888,1.0,10.662887382720172,41.01433041036727,-412.7987968532954,113.5,2.0,420.0,420.0,1.0,-90.0,0.001223602946444,0.3531929875767766,0.1906399680042057,0.117397822733499,0.1547941140071538,23.343714316195747,2.425438596491228,24.0,24.11049458723757,888,10.662887382720172,41.01433041036727,-412.7987968532954,0.0,0.0,0.0,420.0,420.0,1.0,-90.0,0.001223602946444,0.3531929875767766,0.1906399680042057,new_non_BB86,not_matched,not_matched,,,38,,221.06347071068183,221.06347071068183,23.90120314670457,23.90120314670457,new_candidate,table_fits,True,ok,113,115,2,-414.860697751822,-410.736895954769,1.0,1.0,1.0,33.80700121353843,True,632,0.8952652267931346,386.027631760204,14.450419286751584,0.7597183098591549,1.1945070422535211,0.9874647887323944,14.871240996112473,7,110,117,"0.706,0.717,0.739,0.851,0.906,0.840,0.817",False,1449.0000000000002,1698.0000000000005,2749,1.0,1.0,3.785440126190792,222332.02291049395,131357.81479931553,90974.20811117842,14.876205483682554,0.0493189844809059,301.6324370880336,222308.26593302944,131326.13882936287,16.59517304979418,1.0,0.2230140838241889,19.277723772204936,0.95981085075677,0.8138310361599878,0.1861689638400123,7.441742723540735,16.53274643802956,16.53274643802956,0.813054903737087,0.813054903737087,False,background_gradient_dominates,113,115,-414.860697751822,-410.736895954769,1.0,420.0,138544.23602330987,90.0
311,306,857,2.0,11.646671334973972,42.10416180331588,-41.6566351185255,23.5,2.0,420.0,420.0,1.0,-90.0,0.0013302632797577,0.3533570064256536,0.2109429032120768,0.1179798279974868,0.1512694467407092,5.419445062437418,2.338345864661654,24.0,24.11049458723757,"857,925",11.646202274230172,42.104096199361386,-41.6566351185255,0.0,2.5497996849911115,1.2748998424955558,427.5,427.5,1.0,-90.0,0.0013302632797577,0.3533570064256536,0.2109429032120768,new_non_BB86,not_matched,not_matched,,,141,,871.0668257128351,871.0668257128351,15.8433648814745,15.8433648814745,new_candidate,table_fits,True,ok,23,25,2,-43.718536017052,-39.594734219999,1.0,1.0,1.0,12.370053490775913,True,640,0.8618074378286298,82.63177455372947,10.43331431128396,0.7183098591549295,1.256619718309859,0.9253521126760562,2.9038513683088056,6,21,27,"0.307,0.462,0.637,0.850,0.862,0.760,0.698",True,697.9999999999961,2823.000000000002,2749,1.0,1.0,6.467585528177292,10985.448705040606,5753.187078478184,5232.261626562422,20.949015528805337,0.2893946448706532,72.38909185126295,10961.69172757611,5721.511108525523,4.169256852605089,1.0,0.2493373256852281,5.093139880312452,6.6181903921051175,0.785988291014291,0.214011708985709,0.8116195969755772,2.5953581923034355,2.5953581923034355,0.117719725030107,0.117719725030107,False,foreground_confusion_velocity;background_gradient_dominates;low_v9_final_score,23,25,-43.718536017052,-39.594734219999,1.0,420.0,138544.23602330987,90.0
312,316,904,2.0,10.705598683896874,41.61613914863975,-231.3515177829635,69.5,2.0,420.0,420.0,1.0,-90.0,0.001162950910652,0.3450568486223765,0.1997265479696696,0.1131352696324325,0.1491546919290649,33.12284907079482,2.317042606516291,24.0,24.11049458723757,"904,1102",10.70596972733193,41.61461127539674,-233.41341868149,2.0619008985265026,11.180533458147336,5.590266729073669,462.0,462.0,1.0,-90.0,0.001162950910652,0.3450568486223765,0.1997265479696696,new_non_BB86,not_matched,not_matched,,,72,,75.62144738898772,75.62144738898772,13.15151778296351,13.15151778296351,new_candidate,table_fits,True,ok,69,71,2,-233.41341868149,-229.28961688443692,1.0,1.0,1.0,69.90434766593182,True,640,0.850669747737976,535.6093400431121,12.21869430038068,0.7597183098591549,1.2773239436619717,0.9874647887323944,20.00903039148296,7,66,73,"0.683,0.683,0.728,0.784,0.906,0.929,0.840",False,1416.0000000000002,2316.999999999994,2749,1.0,1.0,6.467585528177292,573650.367058851,362249.18135463336,211401.1857042177,20.31622714871088,0.0441856467686399,459.7924582860247,573626.6100813865,362217.5053846807,26.04490683732513,1.0,0.2787676047805081,34.47417778168054,0.1643671060532309,0.7561048980455592,0.2438951019544407,7.705519934726453,11.39736767914829,11.39736767914829,0.8909835956332706,0.8909835956332706,True,ok,69,71,-233.41341868149,-229.28961688443695,1.0,420.0,138544.23602330987,90.0
313,318,906,1.0,9.978828681585837,40.51726984321777,-540.6366525619385,144.5,2.0,420.0,420.0,1.0,-90.0,0.0011615659859791,0.3499040614477711,0.1982948959208767,0.1136060055323026,0.1473608360921132,22.33596680646809,2.288847117794486,24.0,24.11049458723757,906,9.978828681585837,40.51726984321777,-540.6366525619385,0.0,0.0,0.0,420.0,420.0,1.0,-90.0,0.0011615659859791,0.3499040614477711,0.1982948959208767,new_non_BB86,not_matched,not_matched,,,2,,201.89397277287577,201.89397277287577,11.463347438061533,11.463347438061533,new_candidate,table_fits,True,ok,144,146,2,-542.6985534604651,-538.5747516634119,1.0,1.0,1.0,29.92060063097751,True,640,0.861818176773729,368.4614854440479,12.21869430038068,0.7390140845070423,1.256619718309859,0.9253521126760562,12.962644368654722,7,141,148,"0.772,0.828,0.851,0.851,0.851,0.851,0.806",False,1983.9999999999925,1189.0000000000114,2749,1.0,1.0,6.467585528177292,189725.650895724,96372.68738964712,93352.96350607688,19.036843591667974,0.062303503307389,305.5501309090952,189701.8939182595,96341.01141969446,17.14090403588489,1.0,0.1763081137955167,20.72100611069172,0.8145531260007256,0.8003181099784046,0.1996818900215954,11.143803080379582,6.37853058596387,11.143803080379582,0.8220790616044844,0.8220790616044844,True,ok,144,146,-542.6985534604651,-538.5747516634119,1.0,420.0,138544.23602330987,90.0
315,320,911,2.0,11.186097325483662,41.86396118991436,-115.8850674654795,41.5,2.0,420.0,420.0,1.0,-90.0,0.001144655363154,0.3308722700496747,0.198650112541453,0.1142423333933966,0.1524398441165759,27.227395792182875,2.1672932330827064,24.0,24.11049458723757,"911,971",11.183948841054054,41.86348423954343,-111.76126566842647,4.123801797053005,12.02132772679275,6.010663863396375,427.5,416.625,0.975,-90.0,0.001144655363154,0.3308722700496747,0.2174621541852931,new_non_BB86,not_matched,not_matched,,,130,,174.6930591222884,174.6930591222884,46.0850674654795,46.0850674654795,new_candidate,table_fits,True,ok,41,43,2,-117.946968364006,-113.823166566953,1.0,1.0,1.0,29.878452317332176,True,591,0.7837746551826543,357.01083532529424,11.0284409743162,0.7804225352112675,1.4015492957746478,0.9253521126760562,12.322867375595797,7,38,45,"0.817,0.817,0.784,0.784,0.806,0.784,0.739",True,1048.0000000000005,2573.0000000000064,2749,1.0,1.0,1.8871450287081009,503455.1409538495,386152.7664807105,117302.37447313896,14.87215798426644,0.0434216107280942,342.5059028186625,503431.383976385,386121.0905107579,18.10671642641746,1.0,0.3526162275901837,27.062274349871192,0.6144541073319506,0.7028372341821002,0.2971627658178998,9.721324019173531,3.788635595005738,9.721324019173531,0.1206072926157676,0.1206072926157676,False,foreground_confusion_velocity;low_v9_final_score,41,43,-117.946968364006,-113.823166566953,1.0,420.0,138544.23602330987,90.0
316,322,919,3.0,11.391169821722526,41.75497437671948,-99.3898602772675,37.5,2.0,420.0,420.0,1.0,-90.0,0.0011199594687296,0.3421705072772852,0.1854073055010383,0.1149124942133615,0.1536263239120473,23.40061704463257,2.151002506265664,24.0,24.11049458723757,"919,1159,1206",11.390992809361814,41.75580884162738,-103.51366207432052,5.143284485178324,9.055637986783347,0.5000211431590886,504.0,504.0,1.0,-90.0,0.0011199594687296,0.3421705072772852,0.1854073055010383,new_non_BB86,not_matched,not_matched,,,129,,67.71546762331946,67.71546762331946,17.1898602772675,17.1898602772675,new_candidate,table_fits,True,ok,37,39,2,-101.451761175794,-97.327959378741,1.0,1.0,1.0,50.99352223328872,True,640,0.8506713658023924,384.4580688672629,13.929683456598372,0.7804225352112675,1.2773239436619717,0.9874647887323944,13.968429281779551,7,34,41,"0.717,0.717,0.773,0.795,0.884,0.884,0.918",True,889.9999999999976,2462.0000000000045,2749,1.0,1.0,6.467585528177292,276294.5283038723,187594.0441995025,88700.48410436983,21.97827361095429,0.0737923251733864,297.8395593215547,276270.77132640785,187562.36822954984,16.51550237555319,1.0,0.1246686628424553,21.87595313842211,1.1975465521854876,0.7942811824561304,0.2057188175438695,0.2180587281644941,-1.7504540217370037,0.2180587281644941,0.117743947700586,0.117743947700586,False,foreground_confusion_velocity;background_gradient_dominates;low_v9_final_score,37,39,-101.451761175794,-97.327959378741,1.0,420.0,138544.23602330987,90.0
317,312,881,1.0,11.124123338999407,41.96435764724966,-115.8850674654795,41.5,2.0,420.0,420.0,1.0,-90.0,0.0012413504561108,0.287730284460894,0.1918837365258636,0.1303441027189333,0.1724960996107701,27.1159807437362,2.1416040100250626,24.0,24.11049458723757,881,11.124123338999407,41.96435764724966,-115.8850674654795,0.0,0.0,0.0,420.0,420.0,1.0,-90.0,0.0012413504561108,0.287730284460894,0.1918837365258636,new_non_BB86,not_matched,not_matched,,,133,,103.3181158173891,103.3181158173891,32.314932534520494,32.314932534520494,new_candidate,table_fits,True,ok,41,43,2,-117.946968364006,-113.823166566953,1.0,1.0,1.0,41.487594617933865,True,640,0.8395115198153829,420.9010698274883,10.43331431128396,0.7804225352112675,1.2980281690140845,0.9253521126760562,14.896419337955868,7,38,45,"0.683,0.706,0.706,0.761,0.840,0.862,0.784",True,1096.000000000004,2675.999999999995,2749,1.0,1.0,5.953535132242679,378060.2666958937,247217.9530468071,130842.31364908665,14.547424778601194,0.0402159998569097,361.73226651983146,378036.5097184293,247186.27707685443,20.417790047944894,1.0,0.3002418989261845,25.67364835414104,0.4631693902026889,0.7396341942904235,0.2603658057095765,4.907431541800598,-0.627096297149549,4.907431541800598,0.1262835381189227,0.1262835381189227,False,foreground_confusion_velocity;low_v9_final_score,41,43,-117.946968364006,-113.823166566953,1.0,420.0,138544.23602330987,90.0
320,321,915,1.0,10.108882103660244,40.712460823891256,-585.9984723295215,155.5,2.0,420.0,420.0,1.0,-90.0,0.0011298812577825,0.331124334424318,0.208929667501857,0.1109936986651103,0.147144241132118,13.878192491978291,2.0219298245614032,24.0,24.11049458723757,915,10.108882103660244,40.712460823891256,-585.9984723295215,0.0,0.0,0.0,420.0,420.0,1.0,-90.0,0.0011298812577825,0.331124334424318,0.208929667501857,new_non_BB86,not_matched,not_matched,,,12,,87.23748499958086,87.23748499958086,9.098472329521542,9.098472329521542,new_candidate,table_fits,True,ok,155,157,2,-588.060373228048,-583.9365714309951,1.0,1.0,1.0,22.89642907179916,True,549,0.7503338863677911,141.87595001662598,12.21869430038068,0.8218309859154929,1.4636619718309858,0.6561971830985915,4.9914376518300045,7,152,159,"0.683,0.695,0.739,0.739,0.750,0.750,0.770",False,1881.0000000000011,1388.999999999995,2749,1.0,1.0,6.467585528177292,277492.2437784367,245865.6404648386,31626.603313598083,10.111705755228453,0.0568517428513357,177.86096341267876,277468.4868009722,245833.96449488596,10.271674180292887,1.0,0.4020443571892017,13.048232179139228,1.9078989403917552,0.624648310137896,0.375351689862104,7.567375356674578,-3.0300364985407398,7.567375356674578,0.7517452366583787,0.7517452366583787,False,background_gradient_dominates,155,157,-588.060373228048,-583.9365714309951,1.0,420.0,138544.23602330987,90.0
321,324,940,1.0,9.998029906339104,40.88880600783818,-425.1702022444545,116.5,2.0,420.0,420.0,1.0,-90.0,0.0010512397046828,0.3315069043693072,0.2033930217231632,0.1090910319943214,0.1429170617525168,18.21898491026038,1.9855889724310776,24.0,24.11049458723757,940,9.998029906339104,40.88880600783818,-425.1702022444545,0.0,0.0,0.0,420.0,420.0,1.0,-90.0,0.0010512397046828,0.3315069043693072,0.2033930217231632,new_non_BB86,not_matched,not_matched,,,23,,144.2423980107565,144.2423980107565,19.829797755545485,19.829797755545485,new_candidate,table_fits,True,ok,116,118,2,-427.232103142981,-423.108301345928,1.0,1.0,1.0,45.8187849952658,True,640,0.7726307444877052,271.7871500741709,12.21869430038068,0.7597183098591549,1.4222535211267604,0.6561971830985915,9.36373080709615,7,113,120,"0.761,0.717,0.739,0.784,0.761,0.695,0.683",False,1965.999999999999,1570.9999999999864,2749,1.0,1.0,6.56941807695744,131855.51921432596,93512.1965395986,38343.32267472737,11.660976870892886,0.0595449889891587,195.83473049287107,131831.76223686145,93480.52056964592,11.46300779799046,1.0,0.3902746466924035,13.555748729406876,1.8475997380240383,0.7602267326235802,0.2397732673764198,-1.5380483542802583,-0.5386565972914781,-0.5386565972914781,0.7392313042720066,0.7392313042720066,False,background_gradient_dominates,116,118,-427.232103142981,-423.108301345928,1.0,420.0,138544.23602330987,90.0
322,325,947,1.0,11.277075932490431,41.53698954068072,-161.2468872330625,52.5,2.0,432.0,410.4,0.95,-90.0,0.0010194759373924,0.328719989425167,0.2095846798771673,0.1043782829323497,0.141768969803242,18.026006886076363,1.952380952380952,24.0,24.11049458723757,947,11.277075932490431,41.53698954068072,-161.2468872330625,0.0,0.0,0.0,432.0,410.4,0.95,-90.0,0.0010194759373924,0.328719989425167,0.2095846798771673,new_non_BB86,not_matched,not_matched,,,99,,77.51404858877477,77.51404858877477,15.753112766937504,15.753112766937504,new_candidate,table_fits,True,ok,52,54,2,-163.308788131589,-159.18498633453598,1.0,1.0,1.0,52.6779390648253,True,637,0.7726017528020012,388.4228744377213,9.46623348385657,0.7804225352112675,1.4222535211267604,0.883943661971831,13.42122650867424,7,49,56,"0.672,0.672,0.683,0.739,0.806,0.750,0.706",False,975.9999999999848,2237.142857142885,2768,1.0,1.0,5.33765218752792,416288.8803216542,318630.0959026468,97658.78441900742,17.19657317968509,0.0550260872364676,312.51673603076665,416265.102680704,318598.39238137985,18.543647101665336,1.0,0.1059642942130958,26.848849332849664,0.9125313877901268,0.7091137841653146,0.2908862158346854,-0.3953760642955611,-2.5030144238601824,-0.3953760642955611,0.769633436680396,0.769633436680396,False,background_gradient_dominates,52,54,-163.308788131589,-159.18498633453598,0.95,421.06151569574723,139245.4395035911,90.0
324,326,952,1.0,10.615452956054517,41.65695450888973,-256.0943285652815,75.5,2.0,432.0,410.4,0.95,-90.0,0.0010040127504303,0.3276545142009198,0.2052880149897597,0.1051843451905735,0.1419084868896442,15.856515201630542,1.879072681704261,24.0,24.11049458723757,952,10.615452956054517,41.65695450888973,-256.0943285652815,0.0,0.0,0.0,432.0,410.4,0.95,-90.0,0.0010040127504303,0.3276545142009198,0.2052880149897597,new_non_BB86,not_matched,not_matched,,,69,,182.8113424905341,182.8113424905341,7.505671434718522,7.505671434718522,new_candidate,table_fits,True,ok,75,77,2,-258.156229463808,-254.03242766675496,1.0,1.0,1.0,45.33312654258376,True,628,0.7837634228138223,377.1488791757853,10.024164730449296,0.7804225352112675,1.4015492957746478,0.883943661971831,13.140388694058975,7,72,79,"0.761,0.761,0.761,0.784,0.761,0.750,0.773",False,1485.2857142857133,2358.999999999996,2761,1.0,1.0,6.467585528177292,363539.5518021109,259756.5559759683,103782.9958261426,15.50030673001226,0.0481127979195814,322.1659807837486,363515.7817574751,259724.8625831206,18.117249363174047,1.0,0.157803792728326,25.24708544326961,0.5175843797595742,0.6957439055814837,0.3042560944185163,4.700768232075518,2.780958743217688,4.700768232075518,0.844303685593721,0.844303685593721,True,ok,75,77,-258.156229463808,-254.03242766675496,0.95,421.06151569574723,139245.4395035911,90.0
325,319,909,1.0,11.459012498512609,41.97623075261234,-37.5328333214725,22.5,2.0,420.0,378.0,0.9,30.0,0.0011540660189176,0.3404418102318401,0.2036448824158154,0.1121216272832816,0.1484652689575789,3.0882611508854083,1.8709273182957395,24.0,24.11049458723757,909,11.459012498512609,41.97623075261234,-37.5328333214725,0.0,0.0,0.0,420.0,378.0,0.9,30.0,0.0011540660189176,0.3404418102318401,0.2036448824158154,new_non_BB86,not_matched,not_matched,,,141,,282.69532492003674,282.69532492003674,19.96716667852749,19.96716667852749,new_candidate,table_fits,True,ok,22,24,2,-39.594734219999,-35.47093242294601,1.0,0.998968540484786,1.0,6.33997880751649,True,515,0.8281629002410323,51.67605758262237,9.01988848658239,0.7597183098591549,1.318732394366197,1.008169014084507,1.8003935410412188,5,21,26,"0.000,0.237,0.461,0.730,0.850,0.928,0.884",True,839.9999999999987,2690.000000000004,2417,1.0,0.9615877080665812,1.046799717729849,4380.120237652534,2694.119393249985,1686.0008444025489,9.996145589312013,0.2428860913815026,41.15569373468572,4356.749390510424,2662.9582637271715,2.4959756536386246,1.0,0.1344663199952287,4.189063698315422,4.515154003872039,0.8073607078262134,0.1926392921737865,1.0798995885267992,2.4283241970253724,2.4283241970253724,0.1169879861310362,0.1169879861310362,False,foreground_confusion_velocity;background_gradient_dominates;low_v9_final_score,22,24,-39.594734219999,-35.47093242294601,0.9,398.4469851812158,124689.8124209789,30.0
326,331,974,1.0,10.595448916371517,41.47027154216654,-280.83713934759953,81.5,2.0,432.0,302.4,0.7,50.0,0.0009337573219209,0.3323449976905764,0.1943543599672108,0.1043717479725731,0.1385056945383486,23.38138761258693,1.8684210526315783,24.0,24.11049458723757,974,10.595448916371517,41.47027154216654,-280.83713934759953,0.0,0.0,0.0,432.0,302.4,0.7,50.0,0.0009337573219209,0.3323449976905764,0.1943543599672108,new_non_BB86,not_matched,not_matched,,,60,,224.1546601807166,224.1546601807166,15.76286065240049,15.76286065240049,new_candidate,table_fits,True,ok,82,84,2,-287.02284204317897,-282.899040246126,1.0,1.0,1.0,87.53378108031353,True,470,0.7057421451787135,349.064747979996,29.68194231873298,1.1116901408450703,1.5464788732394366,0.7390140845070423,11.043911073472486,7,79,86,"0.706,0.761,0.906,0.750,0.683,0.672,0.672",False,1500.8571428571415,2166.9999999999973,2042,1.0,1.0,7.288671010584817,725033.5035596245,707274.4368636596,17759.066695964895,6.477750205726405,0.0485982861921354,133.29174160826042,725010.6385046283,707243.9501236648,15.267803352163622,0.8546255506607929,0.176925189709225,22.57483578850908,1.2099291834944583,0.5572498518080308,0.4427501481919693,6.477461901177537,-9.884219178603562,6.477461901177537,0.7561236477446008,0.7561236477446008,False,background_gradient_dominates;diffuse_growth_tail,82,84,-287.02284204317897,-282.899040246126,0.7,361.43713146272063,102601.90279211976,50.0
328,327,953,1.0,9.942943407538277,40.35854783875412,-515.8938417796205,138.5,2.0,435.0,304.5,0.7,55.0,0.0010030737559202,0.3184896002124435,0.1959612146302332,0.109699899418716,0.1465079731104074,15.8043363157145,1.7788220551378444,24.0,24.11049458723757,953,9.942943407538277,40.35854783875412,-515.8938417796205,0.0,0.0,0.0,435.0,304.5,0.7,55.0,0.0010030737559202,0.3184896002124435,0.1959612146302332,new_non_BB86,not_matched,not_matched,,,1,,639.6911140726721,639.6911140726721,9.093841779620504,9.093841779620504,new_candidate,table_fits,True,ok,138,140,2,-517.9557426781471,-513.8319408810939,1.0,1.0,1.0,43.65130959784469,True,473,0.7948811914719729,368.2005999468143,9.01988848658239,0.7804225352112675,1.380845070422535,1.0288732394366198,15.080793916409382,7,135,142,"0.759,0.739,0.761,0.784,0.784,0.750,0.761",False,2013.4285714285609,1026.0000000000036,2065,1.0,1.0,5.441267628221113,256004.5247933881,173775.81600064732,82228.70879274074,22.30591665343169,0.0777836258928092,286.76879481255673,255981.62613687187,173745.28445862574,19.05004121225772,1.0,0.06649383356711,25.0021880654923,1.0143111707761892,0.7508558607091345,0.2491441392908656,19.4331168264967,4.339337377092827,19.4331168264967,0.8231566087295205,0.8231566087295205,False,background_gradient_dominates,138,140,-517.9557426781471,-513.8319408810939,0.7,363.9471115423229,104031.8772282175,55.0
329,333,989,1.0,10.905249025752592,41.16162265707346,-301.4561483328645,86.5,2.0,435.0,435.0,1.0,-55.0,0.0008645154767294,0.3336610186896326,0.1777392349253053,0.1039740204893408,0.1402035973760827,18.897065595496542,1.7330827067669172,24.0,24.11049458723757,989,10.905249025752592,41.16162265707346,-301.4561483328645,0.0,0.0,0.0,435.0,435.0,1.0,-55.0,0.0008645154767294,0.3336610186896326,0.1777392349253053,new_non_BB86,not_matched,not_matched,,,57,,66.33917187604587,66.33917187604587,4.85614833286445,4.85614833286445,new_candidate,table_fits,True,ok,86,88,2,-303.518049231391,-299.394247434338,1.0,1.0,1.0,85.81912891474883,True,647,0.8729682788706997,566.6123751897338,14.097062830576188,0.7597183098591549,1.2359154929577465,1.1530985915492955,19.86972731458201,7,83,90,"0.706,0.706,0.784,0.906,0.806,0.706,0.683",False,1261.2857142857174,1849.714285714283,2951,1.0,1.0,6.364123762052519,751659.8469901247,526105.0916730198,225554.7553171049,19.609071347902564,0.041287951978614,474.9344641279254,751635.8772919999,526073.13207552,25.708572226226824,1.0,0.3477610583047351,36.23829656210148,0.5544929454996338,0.7866905096604998,0.2133094903395002,10.358998987339398,-0.8884627910031342,10.358998987339398,0.8319925850565092,0.8319925850565092,True,ok,86,88,-303.518049231391,-299.394247434338,1.0,435.0,148616.96746888215,125.0
330,338,1009,2.0,10.940695232212532,41.21529977322328,-309.70375192697054,88.5,2.0,420.0,420.0,1.0,-90.0,0.0007835257579169,0.3288446969176837,0.1789363701576336,0.1001604549042616,0.1329436272911642,30.13553064469833,1.682330827067669,24.0,24.11049458723757,"1009,1019",10.937921997576012,41.21433362566892,-311.765652825497,2.06190089852646,16.55300173237333,8.276500866186664,426.0,426.0,1.0,-90.0,0.0007835257579169,0.3288446969176837,0.1860925456640446,new_non_BB86,not_matched,not_matched,,,62,,104.22785125926735,104.22785125926735,9.003751926970551,9.003751926970551,new_candidate,table_fits,True,ok,89,91,2,-315.88945462255,-311.765652825497,1.0,1.0,1.0,40.72124184972397,True,640,0.8283747184267541,569.655340867128,14.822373451146731,0.8218309859154929,1.318732394366197,1.0495774647887324,21.03701695167431,7,86,93,"0.717,0.717,0.784,0.851,0.828,0.906,0.772",False,1233.999999999999,1904.999999999985,2749,1.0,1.0,6.56941807695744,561471.809596281,382488.0256560227,178983.78394025832,19.005402801910805,0.0449221598119355,423.0741104496309,561448.0526188165,382456.34968607005,22.162301142455075,1.0,0.4597553118036011,28.886898533764573,1.0258020196926312,0.7794341425155837,0.2205658574844163,11.038548944438794,6.556342457628095,11.038548944438794,0.7730808234626281,0.7730808234626281,False,background_gradient_dominates,89,91,-315.88945462255,-311.765652825497,1.0,420.0,138544.23602330987,90.0
331,339,1020,1.0,11.066320104826904,41.88788827571749,-111.76126566842647,40.5,2.0,504.0,504.0,1.0,-90.0,0.0007084381535787,0.3302931073244405,0.1749383938146142,0.094342027757755,0.1299607144965072,24.470996078691183,1.612155388471178,26.66666666666667,24.11049458723757,1020,11.066320104826904,41.88788827571749,-111.76126566842647,0.0,0.0,0.0,504.0,504.0,1.0,-90.0,0.0007084381535787,0.3302931073244405,0.1749383938146142,new_non_BB86,not_matched,not_matched,,,122,,68.5779070070035,68.5779070070035,28.13873433157353,28.13873433157353,new_candidate,table_fits,True,ok,40,42,2,-113.823166566953,-109.6993647699,0.9718061674008812,0.9607464607464608,0.9602649006622516,33.815629270401544,True,804,0.7949294839372036,453.9998187721346,15.268718448420913,0.8011267605633803,1.380845070422535,1.0495774647887324,14.366036291780974,7,37,44,"0.562,0.738,0.750,0.761,0.761,0.706,0.706",True,1139.8571428571531,2597.1428571428264,3705,0.978067169294037,0.9108356657337066,0.1451650022083154,738529.9698677895,532024.7110530187,206505.25881477084,15.301281925788,0.0336708142149794,454.4375383408688,738505.3175521763,531991.8412988677,20.78367170038693,1.0,0.1925967963978725,35.4050767750829,1.2135555911370293,0.7227241657238449,0.2772758342761551,2.762456062893352,0.3502236055107086,2.762456062893352,0.1103586289458408,0.1103586289458408,False,foreground_confusion_velocity;near_mask_edge;background_gradient_dominates;low_v9_final_score,40,42,-113.823166566953,-109.6993647699,1.0,504.0,199503.69987356622,90.0
332,330,972,1.0,11.552261786890972,42.19630380517408,-49.9042387126315,25.5,2.0,420.0,420.0,1.0,-90.0,0.000941760148839,0.3320744196529288,0.1894685424436002,0.1059607307360666,0.1412611794084408,8.148056656240811,1.600877192982456,24.0,24.11049458723757,972,11.552261786890972,42.19630380517408,-49.9042387126315,0.0,0.0,0.0,420.0,420.0,1.0,-90.0,0.000941760148839,0.3320744196529288,0.1894685424436002,new_non_BB86,not_matched,not_matched,,,141,,895.6828646647824,895.6828646647824,7.595761287368496,7.595761287368496,new_candidate,table_fits,True,ok,25,27,2,-51.966139611158,-47.84233781410501,1.0,1.0,1.0,18.276454599925152,True,640,0.817224968506269,129.01588066809148,12.5162576318968,0.7804225352112675,1.33943661971831,0.9874647887323944,4.797537849132548,7,22,29,"0.532,0.928,0.951,0.862,0.784,0.784,0.851",True,770.999999999996,2917.000000000018,2749,1.0,1.0,6.467585528177292,32355.27947846765,21091.792626392948,11263.486852074704,22.26570538428576,0.2097236533815423,106.1668773420545,32331.52250100316,21060.11665644029,5.9127494312845785,1.0,0.2298776559008213,8.067936753375548,5.177100382021579,0.7562134162240591,0.2437865837759409,1.429609605910878,1.631318725583029,1.631318725583029,0.1161242540865965,0.1161242540865965,False,foreground_confusion_velocity;background_gradient_dominates;low_v9_final_score,25,27,-51.966139611158,-47.84233781410501,1.0,420.0,138544.23602330987,90.0
334,340,1024,2.0,10.721964403368649,40.997798539236726,-363.3131752886595,101.5,2.0,504.0,504.0,1.0,-90.0,0.0006899129872805,0.3261422467986582,0.1703993802812064,0.0939116512713008,0.1321903564899508,31.420501253610794,1.5933583959899749,26.66666666666667,24.11049458723757,"1024,1089",10.720952348498926,40.99793774766847,-363.3131752886595,0.0,5.590174778055984,2.795087389027992,513.0,513.0,1.0,-90.0,0.0006899129872805,0.3261422467986582,0.1703993802812064,new_non_BB86,not_matched,not_matched,,,43,,209.3417088049196,209.3417088049196,23.98682471134049,23.98682471134049,new_candidate,table_fits,True,ok,102,104,2,-369.498877984239,-365.375076187186,1.0,1.0,1.0,51.6770315232768,True,763,0.8729685807150495,409.80843335900914,31.29994293385188,0.8632394366197182,1.2359154929577465,1.4429577464788732,12.766392381161774,7,99,106,"0.695,0.717,0.773,0.862,0.851,0.840,0.862",False,1403.1428571428564,1681.0000000000032,3969,1.0,1.0,6.878125530221501,816048.7675187363,654705.7915722275,161342.9759465088,15.17174573660374,0.0377702076249283,401.6855265203884,816023.908710378,654672.6464944164,18.40845780470737,1.0,0.973494288318172,33.539548485961426,1.1847663716982937,0.7156742135628915,0.2843257864371084,3.914509186807064,5.7513741855660285,5.7513741855660285,0.7058427073453127,0.7058427073453127,False,off_center_deficit_peak;background_gradient_dominates,102,104,-369.498877984239,-365.375076187186,1.0,504.0,199503.69987356622,90.0
337,334,1003,1.0,10.62945281551196,40.93556813389759,-400.4273914621365,110.5,2.0,462.55,323.785,0.7,45.0,0.0008078991770695,0.3016361685110293,0.2039618722405339,0.0983564107854258,0.1335125492236046,11.759430731962874,1.4530075187969924,24.47354497354498,24.11049458723757,1003,10.62945281551196,40.93556813389759,-400.4273914621365,0.0,0.0,0.0,462.55,323.785,0.7,45.0,0.0008078991770695,0.3016361685110293,0.2039618722405339,new_non_BB86,not_matched,not_matched,,,40,,137.5242936144043,137.5242936144043,33.82739146213646,33.82739146213646,new_candidate,table_fits,True,ok,110,112,2,-402.489292360663,-398.36549056361,1.0,1.0,1.0,52.58960110984607,True,515,0.7491089433852063,352.2869329754212,5.783887256344585,0.8218309859154929,1.4636619718309858,0.6354929577464788,11.533205371936509,7,107,114,"0.728,0.695,0.706,0.750,0.750,0.750,0.695",False,1474.999999999999,1616.999999999994,2339,1.0,1.0,7.390595336577119,561185.2369706774,450583.2315144096,110602.0054562678,17.56453443886157,0.0528128874267034,332.58046084373984,561161.9645343777,450552.2015993433,21.837275430320137,1.0,0.1189456322248513,29.670934147513503,0.4453599020138158,0.6434126945828523,0.3565873054171476,9.770037172803097,-6.913219340068064,9.770037172803097,0.8524119448347482,0.8524119448347482,True,ok,110,112,-402.489292360663,-398.36549056361,0.7000000000000001,386.9970952733367,117626.53176245159,45.0
338,342,1028,1.0,11.05637663404981,41.297625121458886,-243.7229231741225,72.5,2.0,435.0,304.5,0.7,30.0,0.0006762697846623,0.2935362217121438,0.1977286817346532,0.0929430221035968,0.1253637063083875,18.65418593429883,1.3953634085213034,24.0,24.11049458723757,1028,11.05637663404981,41.297625121458886,-243.7229231741225,0.0,0.0,0.0,435.0,304.5,0.7,30.0,0.0006762697846623,0.2935362217121438,0.1977286817346532,new_non_BB86,not_matched,not_matched,,,66,,126.2540372827458,126.2540372827458,28.07707682587749,28.07707682587749,new_candidate,table_fits,True,ok,73,75,2,-249.90862586970204,-245.784824072649,1.0,1.0,1.0,92.70437998869166,True,470,0.7280390032502386,376.8026161979465,30.14688502422692,0.9874647887323944,1.5050704225352112,0.7183098591549295,11.915838651927483,7,70,77,"0.873,0.862,0.784,0.728,0.728,0.706,0.706",False,1144.857142857133,1990.000000000004,2067,1.0,1.0,7.089345083344754,676772.2718824248,619056.6680404237,57715.603842001176,13.52671160366756,0.0563011012073494,240.2566080164308,676749.3703217458,619026.132626185,18.061713206436977,0.9353448275862069,0.285524614854333,29.989629949909443,1.8081396098089937,0.5835938377423062,0.4164061622576938,10.936002671034196,4.928148539016767,10.936002671034196,0.7519700107173509,0.7519700107173509,False,background_gradient_dominates,73,75,-249.90862586970204,-245.784824072649,0.7,363.9471115423229,104031.8772282175,30.0
339,347,1068,1.0,10.796000898435077,41.14164072878208,-317.9513555210765,90.5,2.0,504.0,504.0,1.0,-90.0,0.0004863224699357,0.31545320614866,0.1509050330594693,0.0853474522632937,0.1197002628614496,28.42587012171452,1.3715538847117794,26.66666666666667,24.11049458723757,1068,10.796000898435077,41.14164072878208,-317.9513555210765,0.0,0.0,0.0,504.0,504.0,1.0,-90.0,0.0004863224699357,0.31545320614866,0.1509050330594693,new_non_BB86,not_matched,not_matched,,,54,,178.40798205853326,178.40798205853326,23.948644478923484,23.948644478923484,new_candidate,table_fits,True,ok,90,92,2,-320.013256419603,-315.88945462255,1.0,1.0,1.0,43.93890760176548,True,881,0.9175622673342138,583.0113372214398,16.42177635804588,0.7183098591549295,1.1530985915492955,1.0288732394366198,17.87183131510244,7,87,94,"0.728,0.728,0.784,0.873,0.918,0.862,0.784",False,1345.8571428571406,1828.999999999984,3969,1.0,1.0,2.989130344304754,558236.0359163558,287209.2853242623,271026.7505920935,19.136904819367743,0.036758601395264,520.6102542800587,558211.1771079975,287176.14024645113,24.477128010912622,1.0,0.3946836549709987,31.205830125033277,1.145667779530571,0.8211652056019462,0.1788347943980539,8.932239313247477,11.931774528113896,11.931774528113896,0.7902161842307955,0.7902161842307955,False,background_gradient_dominates,90,92,-320.013256419603,-315.88945462255,1.0,504.0,199503.69987356622,90.0
340,344,1055,1.0,10.97143092911559,41.77954297326665,-165.3706890301155,53.5,2.0,504.0,504.0,1.0,-90.0,0.000527908747222,0.2975369621068734,0.1732019036558595,0.0842313236614002,0.121616260967999,24.517614792739938,1.3151629072681703,26.66666666666667,24.11049458723757,1055,10.97143092911559,41.77954297326665,-165.3706890301155,0.0,0.0,0.0,504.0,504.0,1.0,-90.0,0.000527908747222,0.2975369621068734,0.1732019036558595,new_non_BB86,not_matched,not_matched,,,108,,70.31511127756809,70.31511127756809,28.1293109698845,28.1293109698845,new_candidate,table_fits,True,ok,53,55,2,-167.43258992864202,-163.308788131589,1.0,1.0,1.0,48.942142169542485,True,732,0.750335615320465,313.7097559602609,14.301637620993525,0.8425352112676057,1.4636619718309858,0.8425352112676057,8.846467468142938,7,50,57,"0.695,0.683,0.706,0.739,0.784,0.750,0.695",False,1212.1428571428555,2485.4285714285825,3963,1.0,1.0,3.585311074139249,1325451.6846858414,1165645.883037161,159805.80164868035,15.206720732950284,0.0380389081000928,399.7675404597943,1325426.830416062,1165612.7440107884,19.4674242130544,1.0,0.3609264213500202,26.56702668157909,0.5371436738149101,0.6172124040515911,0.3827875959484089,1.34827918688779,7.558860530732459,7.558860530732459,0.8003017105859824,0.8003017105859824,True,ok,53,55,-167.43258992864202,-163.308788131589,1.0,504.0,199503.69987356622,90.0
344,353,1082,1.0,9.851073348308136,40.40264249330422,-548.8842561560446,146.5,2.0,504.0,504.0,1.0,-90.0,0.0004398389982374,0.3052804921484358,0.1580330079158456,0.0806509918349075,0.1130413046567184,22.621489289970626,1.2330827067669174,26.66666666666667,24.11049458723757,1082,9.851073348308136,40.40264249330422,-548.8842561560446,0.0,0.0,0.0,504.0,504.0,1.0,-90.0,0.0004398389982374,0.3052804921484358,0.1580330079158456,new_non_BB86,not_matched,not_matched,,,2,,735.6959183985026,735.6959183985026,3.2157438439554653,3.2157438439554653,new_candidate,table_fits,True,ok,147,149,2,-555.069958851624,-550.946157054571,1.0,1.0,1.0,53.62740383493812,True,904,0.8172263095945227,337.950364155624,14.971155116904791,0.7597183098591549,1.33943661971831,0.9253521126760562,10.216325443336878,7,144,151,"0.695,0.706,0.773,0.851,0.761,0.728,0.689",False,2085.000000000005,1071.9999999999989,3985,1.0,1.0,6.980006706767279,306846.9647500149,196410.18219360916,110436.78255640576,18.78583168113967,0.0565271713655973,332.3327742624815,306822.0938722412,196377.02102324425,15.720090583274429,1.0,0.1469234281625164,20.866394908963255,1.3206364136313364,0.7307577346395715,0.2692422653604284,5.655227100119919,10.563911592617115,10.563911592617115,0.8079736279442579,0.8079736279442579,False,background_gradient_dominates,147,149,-555.069958851624,-550.946157054571,1.0,504.0,199503.69987356622,90.0
345,346,1065,1.0,10.16506829927418,40.41520131086429,-503.52243638846153,135.5,2.0,504.0,504.0,1.0,-90.0,0.0004957285754027,0.3129140090381791,0.1613564715536765,0.0840215019350873,0.1168536057699469,15.143057571935389,1.2224310776942355,26.66666666666667,24.11049458723757,1065,10.16506829927418,40.41520131086429,-503.52243638846153,0.0,0.0,0.0,504.0,504.0,1.0,-90.0,0.0004957285754027,0.3129140090381791,0.1613564715536765,new_non_BB86,not_matched,not_matched,,,1,,290.6122577192499,290.6122577192499,3.2775636115384827,3.2775636115384827,new_candidate,table_fits,True,ok,136,138,2,-509.708139084041,-505.5843372869881,1.0,1.0,1.0,25.16050563303898,True,904,0.7280390031195922,135.9175119660302,58.117838186742205,1.008169014084507,1.5050704225352112,0.7183098591549295,3.307294252112009,7,133,140,"0.840,0.873,0.895,0.761,0.706,0.679,0.671",False,1838.9999999999968,1082.9999999999995,3985,1.0,1.0,7.08339764514741,78391.86896084186,70767.08509519104,7624.783865650825,4.7562032967064605,0.0544390664062027,87.36746624597775,78366.99808306819,70733.92392482614,5.042522601048314,0.9290617848970252,0.957823566257958,9.757206195104269,2.327778665077698,0.6049428060443388,0.3950571939556612,1.4530270962127505,0.0702390364837169,1.4530270962127505,0.6471532594814275,0.6471532594814275,False,off_center_deficit_peak;background_gradient_dominates,136,138,-509.708139084041,-505.5843372869881,1.0,504.0,199503.69987356622,90.0
346,355,1096,2.0,10.703371107782482,40.97321940754685,-346.8179681004475,97.5,2.0,504.0,504.0,1.0,-90.0,0.0004166746400182,0.3077367629672937,0.1438071087516991,0.0808722355701768,0.1164227582531394,23.880026882658377,1.2105263157894737,26.66666666666667,24.11049458723757,"1096,1128",10.705946425860812,40.9730800432601,-348.879868998974,2.0619008985264884,14.03567177996273,7.017835889981365,513.0,486.9,0.95,-59.99999999999999,0.0004166746400182,0.3077367629672937,0.1438071087516991,new_non_BB86,not_matched,not_matched,,,40,,146.128130930595,146.128130930595,19.78203189955252,19.78203189955252,new_candidate,table_fits,True,ok,97,99,2,-348.879868998974,-344.75606720192104,1.0,0.99871009351822,1.0,47.48019966154386,True,900,0.9064138667839912,519.2453896478241,19.769363837602228,0.7597183098591549,1.1738028169014083,1.1116901408450703,15.308596614787156,7,94,101,"0.671,0.695,0.695,0.728,0.940,0.862,0.728",False,1417.571428571429,1655.714285714292,3939,1.0,0.9924091090691172,1.2402903225568749,463888.4862325127,281148.5730852812,182739.9131472315,16.608104535164166,0.0388502238439126,427.4905751351659,463863.6501860238,281115.4583566293,19.47917416254388,1.0,0.3232587993292229,26.49973231999051,1.2083737250245012,0.819295084286144,0.180704915713856,4.87496336260442,0.2728684179112671,4.87496336260442,0.7799504446433705,0.7799504446433705,False,background_gradient_dominates,97,99,-348.879868998974,-344.75606720192104,1.0,504.0,199503.69987356622,90.0
347,357,1107,1.0,9.856464929353448,40.33503151441425,-553.0080579530975,147.5,2.0,604.8,604.8,1.0,-90.0,0.0003686441766978,0.3136896284762103,0.1354577587689179,0.0773497087637242,0.1121617171620743,25.81239379931792,1.1779448621553883,32.0,24.11049458723757,1107,9.856464929353448,40.33503151441425,-553.0080579530975,0.0,0.0,0.0,604.8,604.8,1.0,-90.0,0.0003686441766978,0.3136896284762103,0.1354577587689179,new_non_BB86,not_matched,not_matched,,,1,,874.2702247943884,874.2702247943884,46.208057953097466,46.208057953097466,new_candidate,table_fits,True,ok,147,149,2,-555.069958851624,-550.946157054571,1.0,1.0,1.0,51.55336500632785,True,1019,0.9733044419867404,470.3410715424602,22.800790277422703,0.6561971830985915,1.0495774647887324,1.008169014084507,12.393171290222792,7,144,151,"0.750,0.784,0.784,0.906,0.873,0.817,0.784",False,2081.428571428563,1002.4285714285832,5708,1.0,1.0,8.2117725961968,1059274.2416118635,749966.5544297555,309307.6871821082,26.465138064249665,0.0475852915853903,556.1621497424003,1059248.292739928,749931.9559338412,21.863715764876176,1.0,0.2030751175123262,26.53567125377722,1.4914876631589915,0.7478547191206957,0.2521452808793044,4.190877698735871,7.586933269891391,7.586933269891391,0.8033028990968798,0.8033028990968798,False,background_gradient_dominates,147,149,-555.069958851624,-550.946157054571,1.0,604.8,287285.3278179353,90.0
348,348,1069,1.0,10.239162785374864,40.57580932172498,-478.7796256061435,129.5,2.0,504.0,504.0,1.0,-90.0,0.0004833973994057,0.2580316087944178,0.1768077850294264,0.0871989691688388,0.1215118589694374,20.996116397933378,1.1015037593984962,26.66666666666667,24.11049458723757,1069,10.239162785374864,40.57580932172498,-478.7796256061435,0.0,0.0,0.0,504.0,504.0,1.0,-90.0,0.0004833973994057,0.2580316087944178,0.1768077850294264,new_non_BB86,not_matched,not_matched,,,8,,46.45852300468546,46.45852300468546,40.42037439385655,40.42037439385655,new_candidate,table_fits,True,ok,129,131,2,-480.84152650467,-476.717724707617,1.0,1.0,1.0,28.081520899512807,True,705,0.7168833144532034,249.98083377680004,10.916854724997656,0.7597183098591549,1.5257746478873238,0.6147887323943662,6.102383043271511,7,126,133,"0.717,0.695,0.683,0.706,0.750,0.806,0.840",False,1780.142857142846,1247.8571428571736,3960,1.0,1.0,2.220597536852821,727144.3648074359,640193.5716013768,86950.79320605914,16.282570880863673,0.0552160730086249,294.8882452817729,727119.5128095231,640160.4356041597,14.396720770371427,1.0,0.1793306172150691,20.14496604605734,0.993855059110483,0.6150911306270472,0.3849088693729527,0.1803505954042525,12.60419120345572,12.60419120345572,0.7813667612745091,0.7813667612745091,False,background_gradient_dominates,129,131,-480.84152650467,-476.717724707617,1.0,504.0,199503.69987356622,90.0
350,360,1120,1.0,10.009165016062344,40.42591388424204,-524.1414453737265,140.5,2.0,504.0,504.0,1.0,-90.0,0.0003501848222157,0.2892707365545147,0.1573106671259087,0.0738264464442673,0.1042371863375334,27.3241073625658,1.0883458646616542,26.66666666666667,24.11049458723757,1120,10.009165016062344,40.42591388424204,-524.1414453737265,0.0,0.0,0.0,504.0,504.0,1.0,-90.0,0.0003501848222157,0.2892707365545147,0.1573106671259087,new_non_BB86,not_matched,not_matched,,,1,,342.87006537570653,342.87006537570653,17.341445373726458,17.341445373726458,new_candidate,table_fits,True,ok,140,142,2,-526.2033462722529,-522.0795444752,1.0,1.0,1.0,45.35108674875477,True,906,0.7949290969520313,450.7320844089842,13.632120125082253,0.7390140845070423,1.380845070422535,0.9253521126760562,12.928224856796987,7,137,144,"0.739,0.750,0.773,0.773,0.806,0.806,0.739",False,1961.000000000004,1094.857142857139,3969,1.0,1.0,6.980006706767279,388888.1663812061,233637.95376183628,155250.21261936985,21.78175056924173,0.0552796250981875,394.0285508549129,388863.30757284776,233604.80868402516,18.981960341597688,1.0,0.1639298081699977,24.43771742911743,0.6854277731682887,0.7310878298029276,0.2689121701970723,11.013426451561772,2.7943345608237524,11.013426451561772,0.8288693286474774,0.8288693286474774,True,ok,140,142,-526.2033462722529,-522.0795444752,1.0,504.0,199503.69987356622,90.0
353,345,1056,5.0,11.40565839579245,41.95045818619891,-41.6566351185255,23.5,2.0,522.0,417.6,0.8,-90.0,0.0005262812410765,0.3109435279463172,0.1667555188210248,0.084901690306709,0.1195473120807369,3.261416119871915,1.016290726817043,27.619047619047628,24.11049458723757,"1056,1185,1199,1207,1208",11.407984932564224,41.94811020957376,-41.6566351185255,2.020242040630431,19.525719764837834,13.124463788482116,600.0,480.0,0.8,87.5779257319061,0.0005262812410765,0.3109435279463172,0.1667555188210248,new_non_BB86,not_matched,not_matched,,,139,,143.743569927212,143.743569927212,19.9433648814745,19.9433648814745,new_candidate,table_fits,True,ok,23,25,2,-43.718536017052,-39.594734219999,1.0,1.0,1.0,10.57602915601701,True,725,0.7949231455825729,92.694264035741,11.065636390755715,0.7597183098591549,1.380845070422535,0.9253521126760562,3.04228158725365,5,22,27,"0.010,0.353,0.661,0.795,0.795,0.683,0.672",True,880.571428571428,2663.1428571428523,3407,1.0,1.0,4.350108541610648,24911.56625526535,17915.605267118895,6995.960988146453,16.980381338111446,0.2028950437531608,83.69046884540724,24887.16549301237,17883.07091744825,4.522016339503107,1.0,0.2299966523952598,6.512192488045112,2.325012340841243,0.7282309846945297,0.2717690153054702,-2.645406985788608,-0.8249788288991586,-0.8249788288991586,0.1133646536464314,0.1133646536464314,False,foreground_confusion_velocity;background_gradient_dominates;low_v9_final_score,23,25,-43.718536017052,-39.594734219999,0.8,466.8909937019561,171206.74652415223,90.0
354,361,1138,1.0,10.96487154397703,41.77025296297742,-169.4944908271685,54.5,2.0,504.0,504.0,1.0,-90.0,0.000311127627886,0.2877747284749933,0.1453954233630665,0.0721734373802055,0.1030286000877845,25.07673068750464,0.9774436090225564,26.66666666666667,24.11049458723757,1138,10.96487154397703,41.77025296297742,-169.4944908271685,0.0,0.0,0.0,504.0,504.0,1.0,-90.0,0.000311127627886,0.2877747284749933,0.1453954233630665,new_non_BB86,not_matched,not_matched,,,108,,92.6342675531965,92.6342675531965,24.00550917283149,24.00550917283149,new_candidate,table_fits,True,ok,54,56,2,-171.556391725695,-167.43258992864202,1.0,1.0,1.0,52.650926502620194,True,880,0.806077885157175,457.99411575691136,15.008350533344307,0.7597183098591549,1.3601408450704224,1.0288732394366198,14.227820339708195,7,51,58,"0.706,0.683,0.706,0.795,0.817,0.717,0.672",False,1217.1428571428578,2475.857142857133,3960,1.0,1.0,3.785440126190792,755078.0762395653,567657.22719213,187420.8490474352,16.42620024734628,0.0379418554124247,432.9308640496068,755053.2242416525,567624.091194913,21.34035811006848,1.0,0.3535270758584337,28.442873525648828,0.7153639943409155,0.717423023612769,0.2825769763872309,-2.557054755572892,-4.294759668783776,-2.557054755572892,0.755273545287454,0.755273545287454,True,ok,54,56,-171.556391725695,-167.43258992864202,1.0,504.0,199503.69987356622,90.0
360,369,1176,1.0,11.107032422734102,41.44036983798296,-214.8563105947515,65.5,2.0,504.0,504.0,1.0,-90.0,0.0002298716648385,0.27504841762686,0.1264248640349767,0.0668536206618477,0.0988823689606671,26.59462429859241,0.7349624060150375,26.66666666666667,24.11049458723757,1176,11.107032422734102,41.44036983798296,-214.8563105947515,0.0,0.0,0.0,504.0,504.0,1.0,-90.0,0.0002298716648385,0.27504841762686,0.1264248640349767,new_non_BB86,not_matched,not_matched,,,76,,135.28073482611646,135.28073482611646,13.056310594751494,13.056310594751494,new_candidate,table_fits,True,ok,65,67,2,-216.918211493278,-212.79440969622505,1.0,1.0,1.0,50.35273671806539,True,907,0.8283748621743521,587.7019259569626,18.93246696771314,0.8011267605633803,1.318732394366197,1.1323943661971831,18.219245653515355,7,62,69,"0.717,0.717,0.773,0.806,0.851,0.828,0.840",False,1106.4285714285727,2136.9999999999977,3957,1.0,1.0,3.126949844479291,700039.460110005,474020.8219556573,226018.6381543477,19.66526699649775,0.0413637364503018,475.42288690784426,700014.6103856808,473987.6889898918,22.10309457696216,1.0,0.4933545687129595,29.40978656225741,1.3290219830769123,0.7596473475457433,0.2403526524542567,9.706503441634965,3.945240746751949,9.706503441634965,0.7645684856301888,0.7645684856301888,False,background_gradient_dominates,65,67,-216.918211493278,-212.79440969622505,1.0,504.0,199503.69987356622,90.0
361,371,1181,1.0,11.108246877803978,41.42772631419802,-227.2277159859105,68.5,2.0,504.0,504.0,1.0,-90.0,0.0002206541765746,0.2761263790099666,0.1235003516062162,0.0665757928971575,0.0971895817020615,32.052738319838426,0.731829573934837,26.66666666666667,24.11049458723757,1181,11.108246877803978,41.42772631419802,-227.2277159859105,0.0,0.0,0.0,504.0,504.0,1.0,-90.0,0.0002206541765746,0.2761263790099666,0.1235003516062162,new_non_BB86,not_matched,not_matched,,,76,,127.7269045561752,127.7269045561752,25.42771598591048,25.42771598591048,new_candidate,table_fits,True,ok,68,70,2,-229.28961688443692,-225.16581508738403,1.0,1.0,1.0,69.65655689476388,True,907,0.861820149281611,713.8986275072765,18.93246696771314,0.7804225352112675,1.256619718309859,1.1738028169014083,22.89271227467952,7,65,72,"0.717,0.906,0.817,0.851,0.862,0.706,0.695",False,1105.4285714285738,2124.000000000011,3957,1.0,1.0,6.878125530221501,808889.5649580115,519086.20806421805,289803.35689379345,22.247879791561594,0.0413266989883199,538.34156456216,808864.7152336873,519053.0750984525,24.53987734369923,1.0,0.3482540044002147,36.72763477064817,1.0315073683410083,0.783205952340056,0.216794047659944,-8.554076235715495,15.15841725939311,15.15841725939311,0.7895406244743782,0.7895406244743782,False,background_gradient_dominates,68,70,-229.28961688443695,-225.16581508738403,1.0,504.0,199503.69987356622,90.0
363,359,1115,1.0,11.119534255881646,41.94881794328128,-91.14225668316148,35.5,2.0,522.0,365.4,0.7,-90.0,0.0003585388480139,0.2404171098656456,0.1419741889019427,0.0847529611221483,0.1239385953609595,11.18995884909172,0.7192982456140351,27.619047619047628,24.11049458723757,1115,11.119534255881646,41.94881794328128,-91.14225668316148,0.0,0.0,0.0,522.0,365.4,0.7,-90.0,0.0003585388480139,0.2404171098656456,0.1419741889019427,new_non_BB86,not_matched,not_matched,,,133,,158.2693247943046,158.2693247943046,57.05774331683851,57.05774331683851,new_candidate,table_fits,True,ok,35,37,2,-93.204157581688,-89.080355784635,0.9662004662004662,0.8888888888888888,0.8453757225433526,38.78094325434908,True,585,0.7948901422987883,278.8323074855916,9.224463276999725,0.7597183098591549,1.380845070422535,0.8218309859154929,9.16286240244498,7,32,39,"0.739,0.795,0.795,0.784,0.750,0.672,0.672",True,1099.4285714285757,2659.9999999999877,2551,0.9486238532110092,0.8052016985138004,0.1451650022083154,194432.62351989775,136492.69517865474,57939.92834124304,16.98231788712705,0.0705470068796279,240.72343588018444,194409.09079774332,136461.31821578217,13.95771614426089,1.0,0.1263944042621655,19.72621564952478,3.172691724665378,0.7505509116495258,0.2494490883504742,12.623966068619008,1.8029801490765205,12.623966068619008,0.1152406645638923,0.1152406645638923,False,foreground_confusion_velocity;near_mask_edge;background_gradient_dominates;low_v9_final_score,35,37,-93.204157581688,-89.080355784635,0.7,436.7365338507874,149805.9032086332,90.0
364,372,1192,1.0,10.33016163408334,41.30740067351435,-322.0751573181295,91.5,2.0,504.0,478.8,0.95,-90.0,0.0001767881511649,0.24299065276063,0.1295429516361138,0.0619683080417792,0.0906317069602307,26.01953637857656,0.6027568922305764,26.66666666666667,24.11049458723757,1192,10.33016163408334,41.30740067351435,-322.0751573181295,0.0,0.0,0.0,504.0,478.8,0.95,-90.0,0.0001767881511649,0.24299065276063,0.1295429516361138,new_non_BB86,not_matched,not_matched,,,47,,137.28256566391144,137.28256566391144,9.075157318129529,9.075157318129529,new_candidate,table_fits,True,ok,92,94,2,-328.260860013709,-324.137058216656,1.0,1.0,1.0,72.43151082777591,True,866,0.7726327193932829,535.0202758508383,54.844641540064885,0.8632394366197182,1.4222535211267604,0.7597183098591549,16.388598330308923,7,89,96,"0.706,0.695,0.717,0.750,0.761,0.761,0.828",False,1705.999999999996,1999.9999999999864,3761,1.0,1.0,7.1853010216722,822139.9634398975,697403.0696258792,124736.89381401836,12.185971219887085,0.0345023244350225,353.1927607612826,822115.2661194222,697370.1398652453,19.16528564756131,0.9647058823529412,0.6142793226167591,30.14679783839003,0.6840264708747389,0.7340002542333296,0.2659997457666703,4.617410716638905,7.306646063515111,7.306646063515111,0.7614549167952239,0.7614549167952239,True,ok,92,94,-328.260860013709,-324.137058216656,0.9500000000000001,491.2384349783718,189528.51487988792,90.0
365,362,1146,2.0,11.659317504855322,42.159483711409344,-37.5328333214725,22.5,2.0,504.0,504.0,1.0,-90.0,0.0002929659712439,0.282418748488261,0.1482027328755225,0.0697954608617527,0.1002859893450543,4.947443763065318,0.5964912280701754,26.66666666666667,24.11049458723757,"1146,1183",11.659221682551886,42.159345593776834,-37.5328333214725,0.0,1.1182487731473332,0.5591243865736666,513.0,513.0,1.0,-90.0,0.0002929659712439,0.282418748488261,0.1482027328755225,new_non_BB86,not_matched,not_matched,,,141,,1004.3966860469396,1004.3966860469396,19.96716667852749,19.96716667852749,new_candidate,table_fits,True,ok,22,24,2,-39.594734219999,-35.47093242294601,1.0,1.0,1.0,10.801872843318918,True,904,0.7837806830917236,90.49894355608647,14.450419286751584,0.7597183098591549,1.4015492957746478,0.8218309859154929,2.633474973524254,5,21,26,"0.000,0.256,0.796,0.817,0.761,0.683,0.683",True,688.9999999999965,2880.000000000005,3980,1.0,0.9980221518987342,1.6551356810238331,21844.50057623317,15436.42578765413,6408.074788579041,21.46225658427385,0.2679358903360332,80.10220861922173,21819.63346493833,15403.269639261016,3.893244864401436,1.0,0.1314123091432033,5.013562344238842,3.722863434440336,0.7285023938606197,0.2714976061393803,-2.3471844824067505,0.5127297328798566,0.5127297328798566,0.1147821111226669,0.1147821111226669,False,foreground_confusion_velocity;background_gradient_dominates;low_v9_final_score,22,24,-39.594734219999,-35.47093242294601,1.0,504.0,199503.69987356622,90.0
368,373,1201,1.0,9.98197527930268,40.47853448270287,-544.7604543589915,145.5,2.0,504.0,504.0,1.0,-90.0,0.0001538970328925,0.2484908663023591,0.1288798322811744,0.0567957567247559,0.0846094679570668,23.439120624719934,0.5407268170426065,26.66666666666667,24.11049458723757,1201,9.98197527930268,40.47853448270287,-544.7604543589915,0.0,0.0,0.0,504.0,504.0,1.0,-90.0,0.0001538970328925,0.2484908663023591,0.1288798322811744,new_non_BB86,not_matched,not_matched,,,2,,294.7044381874053,294.7044381874053,7.339545641008499,7.339545641008499,new_candidate,table_fits,True,ok,145,147,2,-546.822355257518,-542.6985534604651,1.0,1.0,1.0,44.20548546321804,True,906,0.7503358323419209,462.407698673793,16.440374066265637,0.8218309859154929,1.4636619718309858,0.9253521126760562,14.357284634364762,7,142,149,"0.706,0.706,0.728,0.750,0.750,0.739,0.784",False,1981.8571428571488,1149.1428571428455,3960,1.0,1.0,6.980006706767279,550241.9828995448,415603.0115526659,134638.97134687885,18.972321666578008,0.0517037123451198,366.943122767252,550217.130901632,415569.8755554489,18.1195777152286,1.0,0.1696092773631332,21.03355068152653,0.3095299064804007,0.6976527778732073,0.3023472221267926,5.221321242966208,2.4358447346005363,5.221321242966208,0.8747668740326723,0.8747668740326723,True,ok,145,147,-546.822355257518,-542.6985534604651,1.0,504.0,199503.69987356622,90.0
369,374,1203,1.0,11.25818248700894,41.83293238909766,-66.3994459008435,29.5,2.0,604.8,604.8,1.0,-90.0,0.0001422524762379,0.262747649423993,0.1276006787307022,0.0521754997666222,0.0813207533816294,21.57420705691625,0.5401002506265664,32.0,24.11049458723757,1203,11.25818248700894,41.83293238909766,-66.3994459008435,0.0,0.0,0.0,604.8,604.8,1.0,-90.0,0.0001422524762379,0.262747649423993,0.1276006787307022,new_non_BB86,not_matched,not_matched,,,132,,234.90173322562248,234.90173322562248,4.7994459008435015,4.7994459008435015,new_candidate,table_fits,True,ok,29,31,2,-68.46134679937,-64.337545002317,1.0,1.0,1.0,46.080241207293305,True,1304,0.7837811471067242,439.1586700546292,19.527593630745383,0.7390140845070423,1.4015492957746478,0.9253521126760562,10.260949006684893,7,26,33,"0.728,0.706,0.695,0.728,0.840,0.840,0.840",True,992.5714285714342,2541.428571428565,5708,1.0,1.0,8.2117725961968,448105.87837244506,323274.9270113563,124830.95136108878,16.55059559918464,0.0468422169526493,353.3264793149069,448079.9295005093,323240.3285154419,14.189079299797664,1.0,0.116678751291654,22.552175501846428,1.2017256893475234,0.7383209120483476,0.2616790879516523,2.205575355612788,2.4526906897398946,2.4526906897398946,0.1189958393126409,0.1189958393126409,False,foreground_confusion_velocity;background_gradient_dominates;low_v9_final_score,29,31,-68.46134679937,-64.337545002317,1.0,604.8,287285.3278179353,90.0
