Seq,Seq_str,ra_deg,dec_deg,x_arcmin,y_arcmin,HRV,Maj,Min,PA,video_path,video_name,has_video,joint__PA_astro_best_deg,joint__Maj_best_pc,joint__Min_best_pc,joint__HRV_used_kms,joint__nch_used,joint__dx_best_arcsec,joint__dy_best_arcsec,joint__dr_best_arcsec,joint__contrast_base,joint__contrast_best,joint__delta_I_sn_base,joint__delta_I_sn_best,joint__status,joint__selection_position,joint__selection_pa,joint__selection_size_shape,cg2d__PA_geometry_deg,cg2d__Maj_growth_pc,cg2d__Min_growth_pc,cg2d__hrv_kms,cg2d__nch_best,cg2d__vel_lo_kms,cg2d__vel_hi_kms,cg2d__delta_I_sn,cg2d__med_Nbeam_center,cg2d__med_Nbeam_ring,cg2d__major_fit_amp_sn,cg2d__minor_fit_amp_sn,cg2d__major_r50_deficit_arcsec,cg2d__major_r80_deficit_arcsec,cg2d__minor_r50_deficit_arcsec,cg2d__minor_r80_deficit_arcsec,cg2d__major_growth_score,cg2d__minor_growth_score,cg2d__major_combined_score,cg2d__major_source,cg2d__minor_source,tracer,source_catalog,object_label,contrast_joint_refit_png,summary_2dcg_png
1,1,10.10875,40.48361111111111,-25.968443363607893,-47.13333333333324,-506.8,200.0,380.0,0.0,videos/bb86_hole_001_ppv_flythrough_dark_web.mp4,bb86_hole_001_ppv_flythrough_dark_web.mp4,True,5.0,570.6666666666666,300.35087719298247,-506.8,2,18.0,12.0,21.633307652783937,0.0988876330394318,0.3946460260259252,4.516035422855669,39.74483444555173,refit_recommended,plateau_contrast_rel_0.98,plateau_contrast_rel_0.98,plateau_contrast_rel_0.95_prior,-55.0,280.30985915492954,274.70366197183097,-506.8,3,-509.708139084041,-501.46053548993495,22.60202275182083,8.135971538081572,29.00585356486141,43.43591160916652,18.79471854123233,22.74547743533605,35.1730589023035,24.316113437732955,36.276971759124834,0.4965635746437224,0.4711460952387361,0.6184498806283443,growth2d_local,growth2d_local,HI,BB86 + 2DCG/joint contrast,HI 001,figures/contrast_joint_refit/hole_001_joint_contrast_refit.png,figures/2dcg_summary/hole_001_2dcg_summary.png
2,2,10.041666666666664,40.54666666666667,-28.99371064402825,-43.3499999999998,-552.1,140.0,320.0,156.0,videos/bb86_hole_002_ppv_flythrough_dark_2dcg.mp4,bb86_hole_002_ppv_flythrough_dark_2dcg.mp4,True,31.0,320.0,140.00001750000217,-552.1,2,10.0,0.0,10.0,0.1357958621439225,0.2721907403378383,10.251403330002226,22.711628836774253,refit_recommended,plateau_contrast_rel_0.98,plateau_contrast_rel_0.98,plateau_contrast_rel_0.95_prior,-29.0,190.41971830985915,186.611323943662,-552.1,3,-555.069958851624,-546.822355257518,19.18893538894501,4.751214241585551,9.710221974570986,51.24463330434313,39.15510177361021,16.348234088576756,24.166463381138065,17.564031346196657,26.00901961687796,0.7327581014305236,0.7198839049343129,0.7598430898844662,growth2d_local,growth2d_local,HI,BB86 + 2DCG/joint contrast,HI 002,figures/contrast_joint_refit/hole_002_joint_contrast_refit.png,figures/2dcg_summary/hole_002_2dcg_summary.png
3,3,10.233749999999995,40.4975,-20.331299362824787,-46.29999999999967,-486.2,200.0,280.0,0.0,videos/bb86_hole_003_ppv_flythrough_dark_2dcg.mp4,bb86_hole_003_ppv_flythrough_dark_2dcg.mp4,True,0.0,304.30552569311567,217.36108978079693,-486.2,2,0.0,20.0,20.0,0.4594770686454225,0.6145723743951089,17.688844030133563,31.08476485019512,refit_recommended,plateau_contrast_rel_0.98,plateau_contrast_rel_0.98,plateau_contrast_rel_0.95_prior,-90.0,356.90555813110586,349.76744696848374,-486.2,3,-489.089130098776,-480.84152650467,53.87914344117144,9.493584435125234,34.25555540289284,37.912109128125216,30.139310824343823,33.148565783943994,45.83017718399381,34.51287960404875,48.116821761374666,0.2206891030985903,0.2062495110130454,0.4718164733068825,growth2d_local,growth2d_local,HI,BB86 + 2DCG/joint contrast,HI 003,figures/contrast_joint_refit/hole_003_joint_contrast_refit.png,figures/2dcg_summary/hole_003_2dcg_summary.png
4,4,10.197083333333332,40.535555555555554,-21.98486160305446,-44.016666666666566,-477.9,140.0,160.0,0.0,videos/bb86_hole_004_ppv_flythrough_dark_2dcg.mp4,bb86_hole_004_ppv_flythrough_dark_2dcg.mp4,True,80.0,160.48011180346745,140.42011538054845,-477.9,2,0.0,10.0,10.0,0.2335788611331972,0.27385347543676,10.837855282918706,13.48365222012704,refit_recommended,plateau_contrast_rel_0.98,plateau_contrast_rel_0.98,plateau_contrast_rel_0.95_prior,45.0,196.2169014084507,192.29256338028168,-477.9,3,-480.84152650467,-472.593922910564,20.877560814340463,2.3979276189750465,8.739966713134448,15.112062181709918,229.33192181770573,16.674017016127067,24.33707315008152,17.099656555411872,25.234894185194992,0.7267388936598221,0.7411890507459259,0.748048435271214,growth2d_local,growth2d_local,HI,BB86 + 2DCG/joint contrast,HI 004,figures/contrast_joint_refit/hole_004_joint_contrast_refit.png,figures/2dcg_summary/hole_004_2dcg_summary.png
5,5,10.137916666666664,40.5775,-24.653109763425224,-41.49999999999977,-560.4,220.0,480.0,0.0,videos/bb86_hole_005_ppv_flythrough_dark_2dcg.mp4,bb86_hole_005_ppv_flythrough_dark_2dcg.mp4,True,0.0,421.3333333333333,234.699417633502,-560.4,2,10.0,0.0,10.0,0.3216279295864597,0.3900151604963918,23.185160143935768,28.72925225865453,refit_recommended,plateau_contrast_rel_0.98,plateau_contrast_rel_0.98,plateau_contrast_rel_0.95_prior,-90.0,281.01126760563375,275.3910422535211,-560.4,3,-563.31756244573,-555.069958851624,50.83443718961771,11.313334198327937,40.54808166118327,36.64770827601955,63.54648053620917,25.84295018449483,36.78653560855848,26.179483729544344,37.09069514844929,0.3865162296927069,0.3727492295496865,0.5684188431264072,growth2d_local,growth2d_local,HI,BB86 + 2DCG/joint contrast,HI 005,figures/contrast_joint_refit/hole_005_joint_contrast_refit.png,figures/2dcg_summary/hole_005_2dcg_summary.png
6,6,10.1225,40.60277777777778,-25.348357523521745,-39.98333333333292,-572.8,620.0,640.0,90.0,videos/bb86_hole_006_ppv_flythrough_dark_2dcg.mp4,bb86_hole_006_ppv_flythrough_dark_2dcg.mp4,True,-90.0,640.0,620.0000387500024,-572.8,2,-2.0,-2.0,2.8284271247461903,0.4963685046992624,0.5031997345595102,114.43245697050908,114.17037094955676,refit_recommended,plateau_contrast_rel_0.98,plateau_contrast_rel_0.98,plateau_contrast_rel_0.95_prior,-10.0,843.2873239436619,826.4215774647886,-572.8,3,-575.688967836889,-567.441364242783,138.52400124192235,42.05495478746659,117.46880572736757,10.433185053956496,6.480835434168507,71.56135691534728,109.88451349634867,75.0087703926696,101.72805694025487,0.0379486120812384,0.025921724651237,0.2301769035774118,growth2d_local,growth2d_local,HI,BB86 + 2DCG/joint contrast,HI 006,figures/contrast_joint_refit/hole_006_joint_contrast_refit.png,figures/2dcg_summary/hole_006_2dcg_summary.png
7,7,9.832916666666666,40.790277777777774,-38.4077411253361,-28.73333333333335,-457.3,240.0,380.0,0.0,videos/bb86_hole_007_ppv_flythrough_dark_2dcg.mp4,bb86_hole_007_ppv_flythrough_dark_2dcg.mp4,True,0.0,306.66666666666663,193.6842513019476,-457.3,2,12.0,4.0,12.649110640673518,0.2088356400113551,0.3409060860913694,18.39849812238814,22.026988190947502,refit_recommended,plateau_contrast_rel_0.98,plateau_contrast_rel_0.98,plateau_contrast_rel_0.95_prior,-65.0,271.774647887324,266.33915492957755,-457.3,3,-460.222517519405,-451.974913925299,34.4459550538547,9.661553773817811,35.228280628423526,55.27326158082886,73.72656621253537,23.51009097877184,34.01522453883035,27.73034241407266,42.29004843556029,0.4771924457238798,0.3443581147358545,0.6517748246785335,growth2d_local,growth2d_local,HI,BB86 + 2DCG/joint contrast,HI 007,figures/contrast_joint_refit/hole_007_joint_contrast_refit.png,figures/2dcg_summary/hole_007_2dcg_summary.png
8,8,10.222499999999998,40.57833333333333,-20.83864232289521,-41.44999999999982,-519.2,660.0,680.0,90.0,videos/bb86_hole_008_ppv_flythrough_dark_2dcg.mp4,bb86_hole_008_ppv_flythrough_dark_2dcg.mp4,True,-90.0,680.0,660.0000194117653,-519.2,1,-16.0,-12.0,20.0,0.4729643612088052,0.6006758276031479,57.6997106381788,72.77345458975778,refit_recommended,plateau_contrast_rel_0.98,plateau_contrast_rel_0.98,plateau_contrast_rel_0.95_prior,55.0,802.0394366197182,785.9986478873238,-519.2,3,-522.0795444752,-513.8319408810939,109.82357733614488,47.41623542429812,63.84112190176348,74.9220360107701,4.961545196153507,84.0848014686095,122.0709386764576,100.83149994573836,145.84923005220375,0.0097289280593149,0.0052106362988004,0.1756273848504692,growth2d_local,growth2d_local,HI,BB86 + 2DCG/joint contrast,HI 008,figures/contrast_joint_refit/hole_008_joint_contrast_refit.png,figures/2dcg_summary/hole_008_2dcg_summary.png
9,9,10.31125,40.528055555555554,-16.836270082339105,-44.46666666666658,-477.9,0.0,80.0,0.0,videos/bb86_hole_009_ppv_flythrough_dark_2dcg.mp4,bb86_hole_009_ppv_flythrough_dark_2dcg.mp4,True,0.0,197.63885902644896,197.63885902644896,-477.9,2,-4.0,-6.0,7.211102550927978,0.0370316767296687,0.3706366189982573,0.2288923335241703,9.996809122995865,refit_recommended,plateau_contrast_rel_0.98,plateau_contrast_rel_0.98,plateau_contrast_rel_0.95_prior,-5.0,383.0220346895828,134.057712141354,-477.9,3,-480.84152650467,-472.593922910564,13.441145062474227,2.93742162042161,10.62961721377244,17.18821709341609,15.109520725587398,33.02308453439394,49.08929326562229,34.697875460579844,51.09465504768556,0.2341755038214313,0.2286611824230274,0.4652147886870142,growth2d_local,growth2d_local,HI,BB86 + 2DCG/joint contrast,HI 009,figures/contrast_joint_refit/hole_009_joint_contrast_refit.png,figures/2dcg_summary/hole_009_2dcg_summary.png
10,10,10.332916666666666,40.53666666666666,-15.85916512220336,-43.9500000000001,-465.6,420.0,440.0,90.0,videos/bb86_hole_010_ppv_flythrough_dark_2dcg.mp4,bb86_hole_010_ppv_flythrough_dark_2dcg.mp4,True,-90.0,425.3333333333333,406.0000184545463,-465.6,2,22.0,0.0,22.0,0.1738526936040071,0.3087952000052719,15.486760603239398,29.055253664465795,refit_recommended,plateau_contrast_rel_0.98,plateau_contrast_rel_0.98,plateau_contrast_rel_0.95_prior,70.0,579.9549295774647,568.3558309859154,-465.6,3,-468.47012111351097,-460.222517519405,23.6691789868543,19.60613574508184,39.65828426512371,31.945191182911728,97.78834789465598,46.06878491253902,75.38362409557523,54.68169646991041,90.10088388221078,0.1173217433057722,0.1349064106293617,0.3508242797933945,growth2d_local,growth2d_local,HI,BB86 + 2DCG/joint contrast,HI 010,figures/contrast_joint_refit/hole_010_joint_contrast_refit.png,figures/2dcg_summary/hole_010_2dcg_summary.png
11,11,9.869583333333331,40.837500000000006,-36.75417888510636,-25.899999999999466,-449.1,240.0,420.0,0.0,videos/bb86_hole_011_ppv_flythrough_dark_2dcg.mp4,bb86_hole_011_ppv_flythrough_dark_2dcg.mp4,True,0.0,420.0,240.0,-449.1,2,-2.0,0.0,2.0,0.2800426693080354,0.2843381648579201,23.38027317799099,23.84133769689811,refit_recommended,plateau_contrast_rel_0.98,plateau_contrast_rel_0.98,plateau_contrast_rel_0.95_prior,-45.0,373.5813572343149,366.10973008962856,-449.1,3,-451.974913925299,-443.727310331193,25.07528360689428,7.799480845274765,28.284420072819035,23.57428191063076,20.35577925681424,28.488236850322057,47.47015161633471,34.60206799993146,52.34992540369392,0.3329138671041998,0.2539840351540672,0.5286735574735226,growth2d_local,growth2d_local,HI,BB86 + 2DCG/joint contrast,HI 011,figures/contrast_joint_refit/hole_011_joint_contrast_refit.png,figures/2dcg_summary/hole_011_2dcg_summary.png
12,12,10.096249999999998,40.734722222222224,-26.53215776368626,-32.06666666666635,-576.9,40.0,140.0,148.0,videos/bb86_hole_012_ppv_flythrough_dark_2dcg.mp4,bb86_hole_012_ppv_flythrough_dark_2dcg.mp4,True,-42.0,183.08130867875215,52.30894533678634,-576.9,2,0.0,-14.0,14.0,0.0730673595269309,0.2318715612605257,1.024899732437505,4.286638041865956,refit_recommended,plateau_contrast_rel_0.98,plateau_contrast_rel_0.98,plateau_contrast_rel_0.95_prior,78.0,619.5747248834297,563.2497498940269,-576.9,3,-579.812769633942,-571.565166039836,53.775481415346505,37.13086884965927,134.58115018995358,18.998869757539683,27.469259813924182,110.34291885081136,134.0188898244621,80.43054111320446,115.70606023428752,0.0012683501201584,0.0183077164740345,,prior_fixed,prior_fixed,HI,BB86 + 2DCG/joint contrast,HI 012,figures/contrast_joint_refit/hole_012_joint_contrast_refit.png,figures/2dcg_summary/hole_012_2dcg_summary.png
13,13,10.288333333333332,40.63,-17.86974648248271,-38.34999999999965,-465.6,100.0,260.0,149.0,videos/bb86_hole_013_ppv_flythrough_dark_2dcg.mp4,bb86_hole_013_ppv_flythrough_dark_2dcg.mp4,True,69.0,253.7043288178309,97.57858800685804,-465.6,2,-16.0,12.0,20.0,0.1883324383503319,0.402363008588821,5.946539843170182,11.759477177320314,refit_recommended,plateau_contrast_rel_0.98,plateau_contrast_rel_0.98,plateau_contrast_rel_0.95_prior,29.0,136.01408450704224,133.2938028169014,-465.6,3,-468.47012111351097,-460.222517519405,19.89338458040476,2.806388251816999,10.131391433025517,14.991757703825408,37.72657471072275,11.6026338174864,16.584561252339043,12.693853547618245,18.191528371877126,0.9281246920806075,0.9298669654182254,0.8577501433060217,growth2d_local,growth2d_local,HI,BB86 + 2DCG/joint contrast,HI 013,figures/contrast_joint_refit/hole_013_joint_contrast_refit.png,figures/2dcg_summary/hole_013_2dcg_summary.png
14,14,10.36625,40.59222222222223,-14.355926721994516,-40.61666666666625,-428.5,180.0,200.0,0.0,videos/bb86_hole_014_ppv_flythrough_dark_2dcg.mp4,bb86_hole_014_ppv_flythrough_dark_2dcg.mp4,True,-10.0,193.76979860921284,174.39283618757517,-428.5,2,0.0,20.0,20.0,0.2047519686723284,0.288834053769571,10.105779885876846,16.923535519406375,refit_recommended,plateau_contrast_rel_0.98,plateau_contrast_rel_0.98,plateau_contrast_rel_0.95_prior,-70.0,218.7380281690141,214.36326760563372,-428.5,3,-431.355904940034,-423.108301345928,22.81761300541293,3.8276052339345705,13.824797895086633,112.44440057161104,58.23395362508045,19.51255403462557,28.32916470109148,21.82517266907276,31.214653817311728,0.602478208501579,0.5426731999592218,0.7119982161078993,growth2d_local,growth2d_local,HI,BB86 + 2DCG/joint contrast,HI 014,figures/contrast_joint_refit/hole_014_joint_contrast_refit.png,figures/2dcg_summary/hole_014_2dcg_summary.png
15,15,9.88,40.90111111111111,-36.28441688504111,-22.083333333333428,-445.0,200.0,340.0,24.0,videos/bb86_hole_015_ppv_flythrough_dark_2dcg.mp4,bb86_hole_015_ppv_flythrough_dark_2dcg.mp4,True,24.0,340.0,200.0,-445.0,2,2.0,0.0,2.0,0.4320438375119094,0.4451899592591327,15.476977467848538,15.764313755250171,refit_recommended,plateau_contrast_rel_0.98,plateau_contrast_rel_0.98,plateau_contrast_rel_0.95_prior,69.0,340.0,200.0,-445.0,3,-447.851112128246,-439.60350853414,22.256890306493244,7.263020410775719,26.2818775131802,64.75907448380136,64.75907448380136,25.83798611811642,38.73295813587997,25.83798611811642,38.73295813587997,0.4276186369922716,0.4276186369922716,,prior_fixed,prior_fixed,HI,BB86 + 2DCG/joint contrast,HI 015,figures/contrast_joint_refit/hole_015_joint_contrast_refit.png,figures/2dcg_summary/hole_015_2dcg_summary.png
16,16,10.125416666666666,40.76027777777778,-25.21682416350343,-30.53333333333299,-564.5,400.0,900.0,149.0,videos/bb86_hole_016_ppv_flythrough_dark_2dcg.mp4,bb86_hole_016_ppv_flythrough_dark_2dcg.mp4,True,-11.0,900.0,400.0,-564.5,2,6.0,0.0,6.0,0.4900184611045508,0.6293177140280151,72.74077961768856,116.08351703851174,refit_recommended,plateau_contrast_rel_0.98,plateau_contrast_rel_0.98,plateau_contrast_rel_0.95_prior,54.0,568.9014084507041,557.52338028169,-564.5,3,-567.441364242783,-559.193760648677,159.61821672097545,38.43335547183556,138.23886364131414,5.734422252042164,226.1059044976193,48.07843098443062,72.03763462638234,53.451438412806766,78.42266068896481,0.0947485195040957,0.097590932801202,0.3176434221097586,growth2d_local,growth2d_local,HI,BB86 + 2DCG/joint contrast,HI 016,figures/contrast_joint_refit/hole_016_joint_contrast_refit.png,figures/2dcg_summary/hole_016_2dcg_summary.png
17,17,9.935833333333331,40.876666666666665,-33.766492564691255,-23.549999999999898,-445.0,280.0,480.0,43.0,videos/bb86_hole_017_ppv_flythrough_dark_2dcg.mp4,bb86_hole_017_ppv_flythrough_dark_2dcg.mp4,True,13.0,480.0,279.9999533333411,-445.0,2,12.0,-14.0,18.43908891458577,0.3284316154644052,0.446359221493161,21.600889433179567,34.36666272252425,refit_recommended,plateau_contrast_rel_0.98,plateau_contrast_rel_0.98,plateau_contrast_rel_0.95_prior,-62.0,375.0422535211268,367.5414084507042,-445.0,3,-447.851112128246,-439.60350853414,44.774690438012016,14.233511149464023,51.38047695737883,44.92390033633959,81.46593819017696,32.14483182835475,47.98747614299042,33.74854721833556,52.41464529052859,0.2472241274595353,0.2522677330513195,0.4738692793750569,growth2d_local,growth2d_local,HI,BB86 + 2DCG/joint contrast,HI 017,figures/contrast_joint_refit/hole_017_joint_contrast_refit.png,figures/2dcg_summary/hole_017_2dcg_summary.png
18,18,10.288333333333332,40.6725,-17.86974648248271,-35.79999999999984,-490.3,200.0,340.0,56.0,videos/bb86_hole_018_ppv_flythrough_dark_2dcg.mp4,bb86_hole_018_ppv_flythrough_dark_2dcg.mp4,True,76.0,340.0,200.0,-490.3,2,0.0,0.0,0.0,0.2609502602864924,0.3004247782263927,27.174564323236343,30.642821347237053,refit_recommended,plateau_contrast_rel_0.98,plateau_contrast_rel_0.98,plateau_contrast_rel_0.95_prior,-24.0,230.6197183098592,226.007323943662,-490.3,3,-493.21293189582906,-484.965328301723,43.15105879493952,7.208592307143365,26.16856126155256,73.42517690706416,121.33815890020524,21.76038526862475,32.8761347372113,24.313327079084385,37.46823152769393,0.4800138069126666,0.4762934255558005,0.631987772541256,growth2d_local,growth2d_local,HI,BB86 + 2DCG/joint contrast,HI 018,figures/contrast_joint_refit/hole_018_joint_contrast_refit.png,figures/2dcg_summary/hole_018_2dcg_summary.png
19,19,10.321666666666664,40.676944444444445,-16.366508082273867,-35.53333333333313,-469.7,540.0,560.0,90.0,videos/bb86_hole_019_ppv_flythrough_dark_2dcg.mp4,bb86_hole_019_ppv_flythrough_dark_2dcg.mp4,True,35.0,560.0,540.000019285715,-469.7,2,12.0,-8.0,14.422205101855956,0.1637276512007655,0.2232905644301649,17.129916620256054,23.19717605565172,refit_recommended,plateau_contrast_rel_0.98,plateau_contrast_rel_0.98,plateau_contrast_rel_0.95_prior,-65.0,225.7618309859155,221.2465943661972,-469.7,3,-472.593922910564,-464.346319316458,7.815099064717949,3.810222787388428,13.736685933113348,10.176892080671555,31.85401342216106,20.060982083523808,30.853412896804475,22.17255885707896,32.68305260734976,0.5452081621636408,0.4799879071996901,0.6721495463080552,growth2d_local,growth2d_local,HI,BB86 + 2DCG/joint contrast,HI 019,figures/contrast_joint_refit/hole_019_joint_contrast_refit.png,figures/2dcg_summary/hole_019_2dcg_summary.png
20,20,10.34,40.67305555555555,-15.53972696215895,-35.76666666666682,-457.3,500.0,640.0,166.0,videos/bb86_hole_020_ppv_flythrough_dark_2dcg.mp4,bb86_hole_020_ppv_flythrough_dark_2dcg.mp4,True,-4.0,640.0,500.0,-457.3,2,2.0,-2.0,2.8284271247461903,0.6701410599204499,0.6808584553596035,73.0559025233254,76.01485918152609,refit_recommended,plateau_contrast_rel_0.98,plateau_contrast_rel_0.98,plateau_contrast_rel_0.95_prior,26.0,721.4788732394367,707.0492957746479,-457.3,3,-460.222517519405,-451.974913925299,121.10429489446932,33.746708217709696,94.55102961071356,63.22960892396733,153.1931423931478,65.58891959625404,90.01361398907157,63.14141964151269,99.40081743010089,0.0562427983500098,0.050763645789433,0.2668868303934775,growth2d_local,growth2d_local,HI,BB86 + 2DCG/joint contrast,HI 020,figures/contrast_joint_refit/hole_020_joint_contrast_refit.png,figures/2dcg_summary/hole_020_2dcg_summary.png
21,21,10.387916666666666,40.647777777777776,-13.37882176185877,-37.283333333333246,-432.6,80.0,160.0,0.0,videos/bb86_hole_021_ppv_flythrough_dark_2dcg.mp4,bb86_hole_021_ppv_flythrough_dark_2dcg.mp4,True,60.0,180.4364652758795,90.21823263793976,-432.6,2,4.0,0.0,4.0,0.159924258823665,0.2535844928803286,4.959524668438343,10.42508405301297,refit_recommended,plateau_contrast_rel_0.98,plateau_contrast_rel_0.98,plateau_contrast_rel_0.95_prior,-25.0,160.0,80.0,-432.6,3,-435.479706737087,-427.232103142981,12.032154861114943,1.3574957771242082,4.943154593769565,114.2130268507231,114.2130268507231,10.322678019731734,14.8305460336795,10.322678019731734,14.8305460336795,0.8757971327988723,0.8757971327988723,,prior_fixed,prior_fixed,HI,BB86 + 2DCG/joint contrast,HI 021,figures/contrast_joint_refit/hole_021_joint_contrast_refit.png,figures/2dcg_summary/hole_021_2dcg_summary.png
22,22,10.217916666666666,40.7525,-21.0453376029239,-30.999999999999943,-539.8,60.0,160.0,0.0,videos/bb86_hole_022_ppv_flythrough_dark_2dcg.mp4,bb86_hole_022_ppv_flythrough_dark_2dcg.mp4,True,40.0,170.45828853967348,104.38396768367868,-539.8,2,0.0,2.0,2.0,0.2053681623245926,0.2707422222411885,7.719769711958413,15.48515733044789,refit_recommended,plateau_contrast_rel_0.98,plateau_contrast_rel_0.98,plateau_contrast_rel_0.95_prior,-10.0,160.0,60.00000000000001,-539.8,3,-542.6985534604651,-534.450949866359,17.20729312341976,1.0225135655428728,3.712920645807297,137.33242567629622,137.33242567629622,8.360817189208403,11.007206985150043,8.360817189208403,11.007206985150043,0.9500030183478132,0.9500030183478132,,prior_fixed,prior_fixed,HI,BB86 + 2DCG/joint contrast,HI 022,figures/contrast_joint_refit/hole_022_joint_contrast_refit.png,figures/2dcg_summary/hole_022_2dcg_summary.png
23,23,9.953749999999998,40.91083333333333,-32.958501924579096,-21.500000000000057,-445.0,200.0,300.0,31.0,videos/bb86_hole_023_ppv_flythrough_dark_2dcg.mp4,bb86_hole_023_ppv_flythrough_dark_2dcg.mp4,True,1.0,432.1309395827638,288.08729305517585,-445.0,2,-8.0,16.0,17.88854381999832,0.1034883152882485,0.3085361351074945,1.910575407128812,8.830021998971617,refit_recommended,plateau_contrast_rel_0.98,plateau_contrast_rel_0.98,plateau_contrast_rel_0.95_prior,-79.0,301.0140845070422,294.9938028169014,-445.0,3,-447.851112128246,-439.60350853414,12.185683425958834,6.4075158116888105,23.1122168630676,31.323025911066203,5.4546503987609,23.35505416442117,35.827102641871726,30.5822266816544,42.58031016375316,0.4963819328960474,0.3109017188084924,0.6085049832682095,growth2d_local,growth2d_local,HI,BB86 + 2DCG/joint contrast,HI 023,figures/contrast_joint_refit/hole_023_joint_contrast_refit.png,figures/2dcg_summary/hole_023_2dcg_summary.png
24,24,10.162083333333332,40.84527777777778,-23.56326192327376,-25.43333333333294,-560.4,420.0,640.0,0.0,videos/bb86_hole_024_ppv_flythrough_dark_2dcg.mp4,bb86_hole_024_ppv_flythrough_dark_2dcg.mp4,True,5.0,581.3333333333333,381.4998807812872,-560.4,2,0.0,0.0,0.0,0.2803832346956494,0.328018833245973,34.70677627313138,37.939841644194686,refit_recommended,plateau_contrast_rel_0.98,plateau_contrast_rel_0.98,plateau_contrast_rel_0.95_prior,-25.0,597.3464788732393,585.3995492957746,-560.4,3,-563.31756244573,-555.069958851624,54.71017509793917,28.507909900555333,38.35223791516906,9.018394568644789,14.96239453183914,52.70204700719715,75.48618975528734,55.12798119298545,76.91561224173407,0.0854313767480972,0.0792737878585086,0.310648394105546,growth2d_local,growth2d_local,HI,BB86 + 2DCG/joint contrast,HI 024,figures/contrast_joint_refit/hole_024_joint_contrast_refit.png,figures/2dcg_summary/hole_024_2dcg_summary.png
25,25,10.425,40.69472222222222,-11.706469041626423,-34.466666666666725,-445.0,280.0,460.0,0.0,videos/bb86_hole_025_ppv_flythrough_dark_2dcg.mp4,bb86_hole_025_ppv_flythrough_dark_2dcg.mp4,True,-20.0,460.0,280.00002434782823,-445.0,2,0.0,0.0,0.0,0.5825114426235619,0.6475378440165287,45.43493473421204,62.420601633613934,refit_recommended,plateau_contrast_rel_0.98,plateau_contrast_rel_0.98,plateau_contrast_rel_0.95_prior,-70.0,340.25915492957745,333.4539718309859,-445.0,3,-447.851112128246,-439.60350853414,96.01532166503092,13.616562028544651,49.07848982006338,17.90614434726844,233.398862132606,33.31707368417191,45.18634228855536,36.38523813632676,51.91418164838018,0.2121111521989606,0.1914890886291731,0.4560113072109207,growth2d_local,growth2d_local,HI,BB86 + 2DCG/joint contrast,HI 025,figures/contrast_joint_refit/hole_025_joint_contrast_refit.png,figures/2dcg_summary/hole_025_2dcg_summary.png
26,26,10.165416666666664,40.86666666666667,-23.41293808325293,-24.14999999999978,-552.1,200.0,260.0,0.0,videos/bb86_hole_026_ppv_flythrough_dark_2dcg.mp4,bb86_hole_026_ppv_flythrough_dark_2dcg.mp4,True,25.0,253.7043288178309,195.15717601371608,-552.1,2,-2.0,-10.0,10.198039027185567,0.3714391348956377,0.4494736730028265,23.718193826120785,27.699496646845574,refit_recommended,plateau_contrast_rel_0.98,plateau_contrast_rel_0.98,plateau_contrast_rel_0.95_prior,-65.0,243.0422535211267,238.1814084507042,-552.1,3,-555.069958851624,-546.822355257518,49.17688527194037,5.577360903030642,20.10097074078191,41.406143461551295,119.9953467953715,22.285697466169665,31.33644633997897,23.011937682330814,33.52816839459704,0.5109206133642196,0.4848764590143372,0.6583838578413136,growth2d_local,growth2d_local,HI,BB86 + 2DCG/joint contrast,HI 026,figures/contrast_joint_refit/hole_026_joint_contrast_refit.png,figures/2dcg_summary/hole_026_2dcg_summary.png
27,27,9.964166666666666,40.99111111111111,-32.48873992451377,-16.683333333333223,-424.3,180.0,180.0,0.0,videos/bb86_hole_027_ppv_flythrough_dark_2dcg.mp4,bb86_hole_027_ppv_flythrough_dark_2dcg.mp4,True,0.0,197.7479753454189,197.7479753454189,-424.3,2,-2.0,-8.0,8.246211251235321,0.2308488166924531,0.3058801677106851,6.194155803595755,10.700987094673277,refit_recommended,plateau_contrast_rel_0.98,plateau_contrast_rel_0.98,plateau_contrast_rel_0.95_prior,60.0,259.7323943661972,254.5377464788732,-424.3,3,-427.232103142981,-418.98449954887496,11.804895767316646,3.4397953596110336,12.671653845487675,6.985952389271636,9.675542303888554,21.76067950419996,31.20448539370669,21.243060938752315,31.736252670011385,0.5574383518928592,0.5473956419210386,0.6538725611742957,growth2d_local,growth2d_local,HI,BB86 + 2DCG/joint contrast,HI 027,figures/contrast_joint_refit/hole_027_joint_contrast_refit.png,figures/2dcg_summary/hole_027_2dcg_summary.png
28,28,10.439583333333331,40.75861111111111,-11.04880224153509,-30.63333333333333,-440.8,80.0,80.0,0.0,videos/bb86_hole_028_ppv_flythrough_dark_2dcg.mp4,bb86_hole_028_ppv_flythrough_dark_2dcg.mp4,True,0.0,109.90073819197669,109.90073819197669,-440.8,2,8.0,0.0,8.0,0.1569804011349343,0.2694984287110755,5.124821829035574,12.247078836742922,refit_recommended,plateau_contrast_rel_0.98,plateau_contrast_rel_0.98,plateau_contrast_rel_0.95_prior,-90.0,80.0,80.0,-440.8,3,-443.727310331193,-435.479706737087,9.38649711232052,1.0,2.5277109575508137,100.7381514313164,98.75421945873768,8.830575086272283,12.00096868131074,8.477739147730887,11.783061900919494,0.8621927808104958,0.9615789301999887,,prior_fixed,prior_fixed,HI,BB86 + 2DCG/joint contrast,HI 028,figures/contrast_joint_refit/hole_028_joint_contrast_refit.png,figures/2dcg_summary/hole_028_2dcg_summary.png
29,29,10.465416666666666,40.76694444444444,-9.88379248137317,-30.133333333333358,-432.6,100.0,140.0,90.0,videos/bb86_hole_029_ppv_flythrough_dark_2dcg.mp4,bb86_hole_029_ppv_flythrough_dark_2dcg.mp4,True,-20.0,201.7043288178309,144.07452058416496,-432.6,2,14.0,-2.0,14.142135623730953,0.1113715362352728,0.3001950387002086,3.237734239772598,17.428067078667578,refit_recommended,plateau_contrast_rel_0.98,plateau_contrast_rel_0.98,plateau_contrast_rel_0.95_prior,-65.0,129.80281690140845,127.20676056338029,-432.6,3,-435.479706737087,-427.232103142981,12.200393317872464,1.5247063281739106,5.407510513478709,130.52935797238706,5.914893050984959,11.467480479195943,16.69889649343237,12.483593527051276,19.195883954974715,0.9184446955673432,0.8917134965970477,0.8653006939915114,growth2d_local,growth2d_local,HI,BB86 + 2DCG/joint contrast,HI 029,figures/contrast_joint_refit/hole_029_joint_contrast_refit.png,figures/2dcg_summary/hole_029_2dcg_summary.png
30,30,10.12,41.01,-25.461100403537387,-15.549999999999926,-424.3,60.0,100.0,0.0,videos/bb86_hole_030_ppv_flythrough_dark_2dcg.mp4,bb86_hole_030_ppv_flythrough_dark_2dcg.mp4,True,-90.0,112.56740485864336,87.19436717648831,-424.3,2,-6.0,-22.0,22.80350850198276,-0.0285072706561099,0.1436278113826702,-0.4745860630099227,2.7704330002750166,refit_recommended,plateau_contrast_rel_0.98,plateau_contrast_rel_0.98,plateau_contrast_rel_0.95_prior,5.0,100.0,60.00000000000001,-424.3,3,-427.232103142981,-418.98449954887496,0.9770005362197396,1.0,1.8378893622342165,14.566371548718603,14.566371548718603,7.421690720066654,10.472457420764728,7.421690720066654,10.472457420764728,0.9527620770181782,0.9527620770181782,,prior_fixed,prior_fixed,HI,BB86 + 2DCG/joint contrast,HI 030,figures/contrast_joint_refit/hole_030_joint_contrast_refit.png,figures/2dcg_summary/hole_030_2dcg_summary.png
31,31,10.029999999999998,41.085,-29.519844084101354,-11.049999999999756,-362.5,0.0,120.0,43.0,videos/bb86_hole_031_ppv_flythrough_dark_2dcg.mp4,bb86_hole_031_ppv_flythrough_dark_2dcg.mp4,True,43.0,236.2618791655277,236.2618791655277,-362.5,2,22.0,-2.0,22.09072203437452,0.1130424997837178,0.4433078411069849,0.8977123767826453,11.20778737873039,refit_recommended,plateau_contrast_rel_0.98,plateau_contrast_rel_0.98,plateau_contrast_rel_0.95_prior,3.0,347.2548775676661,216.06970159765893,-362.5,3,-365.375076187186,-357.12747259308003,15.34849819766559,6.160561633783705,17.412703647412304,21.909719682881203,30.37145077875861,31.777978532576665,44.66463469374357,43.14362897914234,65.47360847461348,0.2570565203461923,0.1528419658573868,0.4852689128963219,growth2d_local,growth2d_local,HI,BB86 + 2DCG/joint contrast,HI 031,figures/contrast_joint_refit/hole_031_joint_contrast_refit.png,figures/2dcg_summary/hole_031_2dcg_summary.png
32,32,10.115416666666665,41.09861111111111,-25.667795683566155,-10.23333333333312,-391.4,140.0,160.0,90.0,videos/bb86_hole_032_ppv_flythrough_dark_2dcg.mp4,bb86_hole_032_ppv_flythrough_dark_2dcg.mp4,True,-90.0,160.48011180346745,160.48011180346745,-391.4,2,2.0,0.0,2.0,0.1870981358041663,0.195962895384042,4.405342165015377,5.063958726233567,refit_recommended,plateau_contrast_rel_0.98,plateau_contrast_rel_0.98,plateau_contrast_rel_0.95_prior,40.0,164.33239436619718,161.0457464788732,-391.4,3,-394.24168876655705,-385.994085172451,9.84652949116746,2.380088208802754,8.716957489044153,15.587421484713794,38.3355247837494,14.431238089610144,20.10373757971999,14.703706738269409,20.75328287715236,0.8948141306980403,0.8670977382252398,0.8915896004764802,growth2d_local,growth2d_local,HI,BB86 + 2DCG/joint contrast,HI 032,figures/contrast_joint_refit/hole_032_joint_contrast_refit.png,figures/2dcg_summary/hole_032_2dcg_summary.png
33,33,10.583749999999998,40.83083333333334,-4.5472961606318005,-26.299999999999528,-395.5,80.0,80.0,0.0,videos/bb86_hole_033_ppv_flythrough_dark_2dcg.mp4,bb86_hole_033_ppv_flythrough_dark_2dcg.mp4,True,0.0,146.45828853967348,146.45828853967348,-395.5,2,6.0,8.0,10.0,0.1462177495881488,0.310907982654481,4.02283477625699,18.461790890249876,refit_recommended,plateau_contrast_rel_0.98,plateau_contrast_rel_0.98,plateau_contrast_rel_0.95_prior,40.0,227.47258223728784,222.9231305925421,-395.5,3,-398.36549056361,-390.117886969504,24.068833607245068,2.6584347611972,9.679726237394034,55.90979184905798,105.66315223013596,18.331301356675027,27.54041276275816,18.97051678197746,29.254681317287265,0.6501452402688264,0.6484770535294198,0.7010984758902843,growth2d_local,growth2d_local,HI,BB86 + 2DCG/joint contrast,HI 033,figures/contrast_joint_refit/hole_033_joint_contrast_refit.png,figures/2dcg_summary/hole_033_2dcg_summary.png
34,34,10.461666666666664,40.91944444444445,-10.052906801396752,-20.98333333333315,-482.1,200.0,340.0,43.0,videos/bb86_hole_034_ppv_flythrough_dark_2dcg.mp4,bb86_hole_034_ppv_flythrough_dark_2dcg.mp4,True,73.0,120.0,70.58823529411765,-482.1,2,20.0,0.0,20.0,0.6812872116200558,3.46850312423399,28.71680969124192,1.202531102061413,refit_recommended,plateau_contrast_rel_0.98,plateau_contrast_rel_0.98,plateau_contrast_rel_0.95_prior,-2.0,238.9014084507042,234.1233802816901,-482.1,3,-484.965328301723,-476.717724707617,42.60811916689418,7.239275409196307,25.96002135772072,33.40717079417723,34.08626338761949,20.848171967741845,29.607281520482537,21.694066933862512,30.489204659874893,0.5930070262890372,0.5392005727026342,0.7229901057585787,growth2d_local,growth2d_local,HI,BB86 + 2DCG/joint contrast,HI 034,figures/contrast_joint_refit/hole_034_joint_contrast_refit.png,figures/2dcg_summary/hole_034_2dcg_summary.png
35,35,10.5875,40.86888888888889,-4.378181840608298,-24.016666666666424,-383.1,140.0,260.0,0.0,videos/bb86_hole_035_ppv_flythrough_dark_2dcg.mp4,bb86_hole_035_ppv_flythrough_dark_2dcg.mp4,True,-60.0,253.7043288178309,136.61001270113874,-383.1,2,12.0,-12.0,16.97056274847714,0.4847005083960045,0.6570208034775621,26.266118542658447,35.08032224785457,refit_recommended,plateau_contrast_rel_0.98,plateau_contrast_rel_0.98,plateau_contrast_rel_0.95_prior,-65.0,170.12957746478872,166.72698591549295,-383.1,3,-385.994085172451,-377.746481578345,39.69471418681117,3.936391346704261,14.043394241926803,154.96364301508456,39.14601002055209,15.59992792600936,20.9208535102738,15.596920211464075,22.627276114724182,0.8735303304015108,0.7709760581780316,0.8719394376175047,growth2d_local,growth2d_local,HI,BB86 + 2DCG/joint contrast,HI 035,figures/contrast_joint_refit/hole_035_joint_contrast_refit.png,figures/2dcg_summary/hole_035_2dcg_summary.png
36,36,10.646666666666665,40.89861111111111,-1.7099336802376135,-22.23333333333329,-379.0,240.0,400.0,120.0,videos/bb86_hole_036_ppv_flythrough_dark_2dcg.mp4,bb86_hole_036_ppv_flythrough_dark_2dcg.mp4,True,-60.0,400.0,239.9999520000096,-379.0,2,2.0,2.0,2.8284271247461903,0.5603882079014113,0.5659012432197761,44.59983804891642,45.18883899375741,refit_recommended,plateau_contrast_rel_0.98,plateau_contrast_rel_0.98,plateau_contrast_rel_0.95_prior,15.0,301.5887323943662,295.55695774647893,-379.0,3,-381.870283375398,-373.622679781292,81.17706661853057,10.270418308826336,37.063522637372685,52.079880098998885,86.74475868728574,27.02213693638108,37.47312981594415,28.48193367944015,42.1158053431589,0.3706872493099934,0.3214289753653394,0.5780763123107656,growth2d_local,growth2d_local,HI,BB86 + 2DCG/joint contrast,HI 036,figures/contrast_joint_refit/hole_036_joint_contrast_refit.png,figures/2dcg_summary/hole_036_2dcg_summary.png
37,37,10.29375,41.12972222222222,-17.625470242448753,-8.366666666666589,-424.3,60.0,180.0,0.0,videos/bb86_hole_037_ppv_flythrough_dark_2dcg.mp4,bb86_hole_037_ppv_flythrough_dark_2dcg.mp4,True,70.0,176.45828853967348,58.81942951322449,-424.3,2,2.0,-20.0,20.09975124224178,0.0813590651055122,0.3125428725564229,3.24879954338916,16.600128244978123,refit_recommended,plateau_contrast_rel_0.98,plateau_contrast_rel_0.98,plateau_contrast_rel_0.95_prior,-40.0,180.0,60.00000000000001,-424.3,3,-427.232103142981,-418.98449954887496,17.167336643883385,1.152855264889887,4.219081016754975,180.4751835552715,180.4751835552715,8.635044791911952,12.19220506398126,8.635044791911952,12.19220506398126,0.7037182384959815,0.7037182384959815,,prior_fixed,prior_fixed,HI,BB86 + 2DCG/joint contrast,HI 037,figures/contrast_joint_refit/hole_037_joint_contrast_refit.png,figures/2dcg_summary/hole_037_2dcg_summary.png
38,38,10.605833333333331,40.97055555555556,-3.551400720493462,-17.91666666666643,-436.7,0.0,60.0,90.0,videos/bb86_hole_038_ppv_flythrough_dark_2dcg.mp4,bb86_hole_038_ppv_flythrough_dark_2dcg.mp4,True,-65.0,147.10313194254616,147.10313194254616,-436.7,2,-16.0,-8.0,17.88854381999832,0.0147103578839759,0.2739575287723685,0.1720136404580348,6.083263696264325,refit_recommended,plateau_contrast_rel_0.98,plateau_contrast_rel_0.98,plateau_contrast_rel_0.95_prior,40.0,200.0809781928406,196.07935862898373,-436.7,3,-439.60350853414,-431.355904940034,8.27102759984851,2.2686048763273376,8.362253259223733,63.99578530867664,10.134415059141846,16.98179216151233,24.766769099384693,17.358490564103572,26.035292652184832,0.721474973402617,0.7034737472340141,0.7559399036849714,growth2d_local,growth2d_local,HI,BB86 + 2DCG/joint contrast,HI 038,figures/contrast_joint_refit/hole_038_joint_contrast_refit.png,figures/2dcg_summary/hole_038_2dcg_summary.png
39,39,10.319583333333332,41.138333333333335,-16.460460482286912,-7.849999999999682,-436.7,120.0,260.0,43.0,videos/bb86_hole_039_ppv_flythrough_dark_2dcg.mp4,bb86_hole_039_ppv_flythrough_dark_2dcg.mp4,True,18.0,293.638859026449,135.52560639288316,-436.7,2,4.0,-14.0,14.560219778561036,0.2701277574806063,0.4048247327700653,10.650001701283848,22.35043061702012,refit_recommended,plateau_contrast_rel_0.98,plateau_contrast_rel_0.98,plateau_contrast_rel_0.95_prior,-27.0,332.5149896581197,168.17583873336187,-436.7,3,-439.60350853414,-431.355904940034,43.40424170406059,4.220112116947132,15.3138069472439,95.95341700430502,62.47206378665371,28.883990510137835,43.83405917233853,32.4100164916943,51.69223752919464,0.3148632161800841,0.2408570448153493,0.5219987348551995,growth2d_local,growth2d_local,HI,BB86 + 2DCG/joint contrast,HI 039,figures/contrast_joint_refit/hole_039_joint_contrast_refit.png,figures/2dcg_summary/hole_039_2dcg_summary.png
40,40,10.679999999999998,40.93666666666666,-0.2066952800287691,-19.950000000000188,-366.6,260.0,500.0,46.0,videos/bb86_hole_040_ppv_flythrough_dark_2dcg.mp4,bb86_hole_040_ppv_flythrough_dark_2dcg.mp4,True,11.0,500.0,259.99998960000045,-366.6,2,-4.0,-2.0,4.47213595499958,0.3932990393881097,0.5121295675767045,41.742877194903365,69.73073507886905,refit_recommended,plateau_contrast_rel_0.98,plateau_contrast_rel_0.98,plateau_contrast_rel_0.95_prior,-44.0,566.1971830985916,337.83097806422575,-366.6,3,-369.498877984239,-361.251274390133,117.32020516338832,13.825169228747406,50.22557825297754,25.280817709093345,20.90248603370718,50.30559523448837,69.6835747867249,59.15478857769875,89.36614362295586,0.0884615688629301,0.0626234880426214,0.3144567191780534,growth2d_local,growth2d_local,HI,BB86 + 2DCG/joint contrast,HI 040,figures/contrast_joint_refit/hole_040_joint_contrast_refit.png,figures/2dcg_summary/hole_040_2dcg_summary.png
41,41,10.334583333333333,41.15111111111111,-15.784003202192986,-7.083333333333428,-428.5,100.0,300.0,47.0,videos/bb86_hole_041_ppv_flythrough_dark_2dcg.mp4,bb86_hole_041_ppv_flythrough_dark_2dcg.mp4,True,17.0,417.4860961798912,139.1620320599637,-428.5,2,18.0,-14.0,22.80350850198276,0.0560018749282126,0.4541120336194035,1.7089685910149088,38.67774177634789,refit_recommended,plateau_contrast_rel_0.98,plateau_contrast_rel_0.98,plateau_contrast_rel_0.95_prior,-63.0,490.04635571312855,201.46350179317503,-428.5,3,-431.355904940034,-423.108301345928,68.52241993018278,6.283012703036035,22.56913809745145,20.95812588966484,158.50685385574982,44.54597989272674,62.74147704719151,72.70402530667373,94.61815807704993,0.117256757241543,0.0907731428820714,0.349019366336226,growth2d_local,growth2d_local,HI,BB86 + 2DCG/joint contrast,HI 041,figures/contrast_joint_refit/hole_041_joint_contrast_refit.png,figures/2dcg_summary/hole_041_2dcg_summary.png
42,42,10.367916666666666,41.21861111111112,-14.28076480198406,-3.0333333333328483,-403.7,0.0,60.0,90.0,videos/bb86_hole_042_ppv_flythrough_dark_2dcg.mp4,bb86_hole_042_ppv_flythrough_dark_2dcg.mp4,True,-90.0,107.23407152531,107.23407152531,-403.7,2,-2.0,0.0,2.0,0.0803284807858114,0.224113012195363,3.7802570056254186,17.226643777628688,refit_recommended,plateau_contrast_rel_0.98,plateau_contrast_rel_0.98,plateau_contrast_rel_0.95_prior,-45.0,130.31205198878516,123.79644938934592,-403.7,3,-406.613094157716,-398.36549056361,28.14557882822819,1.1895582247738137,4.487958061753407,239.52643835049167,262.28588087889244,11.437650710401844,16.13435131912739,11.477318481097742,16.31523516422557,0.9529923495294648,0.930077492937072,0.8819465505955338,growth2d_local,growth2d_local,HI,BB86 + 2DCG/joint contrast,HI 042,figures/contrast_joint_refit/hole_042_joint_contrast_refit.png,figures/2dcg_summary/hole_042_2dcg_summary.png
43,43,10.73583333333333,41.055,2.311229040321007,-12.849999999999824,-387.3,240.0,340.0,128.0,videos/bb86_hole_043_ppv_flythrough_dark_2dcg.mp4,bb86_hole_043_ppv_flythrough_dark_2dcg.mp4,True,-2.0,354.66666666666663,250.35288226991003,-387.3,2,0.0,0.0,0.0,0.3311322243767126,0.4005533976997701,17.17171960745862,22.72850481941582,refit_recommended,plateau_contrast_rel_0.98,plateau_contrast_rel_0.98,plateau_contrast_rel_0.95_prior,78.0,430.9949295774647,304.2316434119414,-387.3,3,-390.117886969504,-381.870283375398,40.34072954012545,9.443332699883484,34.23047591961484,36.11242577534369,40.14538230192256,39.775685126194944,55.937993371190124,48.72424729673224,71.16534894636179,0.1465976605468354,0.1275904848866544,0.3981236286001588,growth2d_local,growth2d_local,HI,BB86 + 2DCG/joint contrast,HI 043,figures/contrast_joint_refit/hole_043_joint_contrast_refit.png,figures/2dcg_summary/hole_043_2dcg_summary.png
44,44,10.713749999999996,41.07611111111112,1.3153336001826688,-11.583333333332746,-354.3,40.0,220.0,26.0,videos/bb86_hole_044_ppv_flythrough_dark_2dcg.mp4,bb86_hole_044_ppv_flythrough_dark_2dcg.mp4,True,41.0,320.21823263793976,58.221496843261775,-354.3,2,-14.0,2.0,14.142135623730953,0.1814677737860531,0.3808608739027027,2.9396609254119226,13.71723251229283,refit_recommended,plateau_contrast_rel_0.98,plateau_contrast_rel_0.98,plateau_contrast_rel_0.95_prior,-19.0,395.7626748447777,149.0106434832231,-354.3,2,-357.12747259308003,-353.003670796027,17.417137323569822,2.006412566899966,7.088276995105281,26.02538242755788,43.20948266135125,35.75747147055017,51.645713071673775,49.96509313320616,70.67267263899662,0.2036222783331791,0.1689381382550855,0.4397740316469193,growth2d_local,growth2d_local,HI,BB86 + 2DCG/joint contrast,HI 044,figures/contrast_joint_refit/hole_044_joint_contrast_refit.png,figures/2dcg_summary/hole_044_2dcg_summary.png
45,45,10.757916666666668,41.05083333333333,3.307124480459505,-13.100000000000025,-354.3,500.0,800.0,38.0,videos/bb86_hole_045_ppv_flythrough_dark_2dcg.mp4,bb86_hole_045_ppv_flythrough_dark_2dcg.mp4,True,33.0,800.0,500.0,-354.3,2,4.0,-4.0,5.656854249492381,0.4923543452286802,0.5159687185198473,161.49339280404303,170.51534902751771,refit_recommended,plateau_contrast_rel_0.98,plateau_contrast_rel_0.98,plateau_contrast_rel_0.95_prior,88.0,988.732394366197,617.9577464788733,-354.3,3,-357.12747259308003,-348.879868998974,216.7503646148188,42.609743133915096,118.67430063227133,24.57861883374998,27.39547263250908,103.3857434426372,146.99953805572935,142.2956863207399,180.599066503798,0.0025138288732394,0.0010130208069265,0.1458046155649387,growth2d_local,growth2d_local,HI,BB86 + 2DCG/joint contrast,HI 045,figures/contrast_joint_refit/hole_045_joint_contrast_refit.png,figures/2dcg_summary/hole_045_2dcg_summary.png
46,46,10.850833333333332,41.0375,7.4974015210416285,-13.89999999999972,-354.3,560.0,820.0,31.0,videos/bb86_hole_046_ppv_flythrough_dark_2dcg.mp4,bb86_hole_046_ppv_flythrough_dark_2dcg.mp4,True,-34.0,820.0,559.9998907317287,-354.3,2,0.0,0.0,0.0,0.4792789554069526,0.5486568556855689,66.47490792502536,95.40790765210411,refit_recommended,plateau_contrast_rel_0.98,plateau_contrast_rel_0.98,plateau_contrast_rel_0.95_prior,-34.0,1081.3605633802815,738.4899967494613,-354.3,3,-357.12747259308003,-348.879868998974,146.0628798440184,48.755929315972935,177.02720580934744,26.66287628101832,138.2835420292675,97.94572396028592,139.7759799905865,102.22932873383344,158.95267675689206,0.0036654654694933,0.0020070192447045,0.1571136396557027,growth2d_local,growth2d_local,HI,BB86 + 2DCG/joint contrast,HI 046,figures/contrast_joint_refit/hole_046_joint_contrast_refit.png,figures/2dcg_summary/hole_046_2dcg_summary.png
47,47,10.378333333333332,41.31944444444445,-13.811002801918823,3.0166666666671915,-313.0,160.0,380.0,16.0,videos/bb86_hole_047_ppv_flythrough_dark_2dcg.mp4,bb86_hole_047_ppv_flythrough_dark_2dcg.mp4,True,31.0,365.3333333333333,153.82456140350877,-313.0,2,-20.0,0.0,20.0,0.1417431036061574,0.2888427689158947,14.027174770876028,26.86338780933256,refit_recommended,plateau_contrast_rel_0.98,plateau_contrast_rel_0.98,plateau_contrast_rel_0.95_prior,-29.0,383.4456338028168,186.17294588584133,-313.0,3,-315.88945462255,-307.641851028444,33.652852847423425,6.001284718453326,16.68413100241166,92.65989065806508,99.86576600367924,32.83785873789043,51.77550543288257,42.49432174474161,67.74280198689527,0.2393584667937499,0.1220416622307906,0.4669940952646755,growth2d_local,growth2d_local,HI,BB86 + 2DCG/joint contrast,HI 047,figures/contrast_joint_refit/hole_047_joint_contrast_refit.png,figures/2dcg_summary/hole_047_2dcg_summary.png
48,48,10.802916666666668,41.08416666666667,5.33649632074145,-11.09999999999971,-337.8,200.0,340.0,0.0,videos/bb86_hole_048_ppv_flythrough_dark_2dcg.mp4,bb86_hole_048_ppv_flythrough_dark_2dcg.mp4,True,0.0,340.0,200.0,-337.8,2,0.0,0.0,0.0,0.5060415679594987,0.5060415679594987,62.12897315513891,62.12897315513891,keep_base_geometry,plateau_contrast_rel_0.98,plateau_contrast_rel_0.98,plateau_contrast_rel_0.95_prior,60.0,420.2112676056338,247.1830985915493,-337.8,3,-340.632265404868,-332.384661810762,93.81693665994658,7.268353218089415,26.45913435442465,46.87284718486484,142.34548693256056,37.050142214418685,52.93988224359187,38.87682691719797,60.33877634292179,0.1850847816916435,0.1801196548142139,0.4404341300080525,growth2d_local,growth2d_local,HI,BB86 + 2DCG/joint contrast,HI 048,figures/contrast_joint_refit/hole_048_joint_contrast_refit.png,figures/2dcg_summary/hole_048_2dcg_summary.png
49,49,10.442083333333333,41.30305555555555,-10.93605936151945,2.0333333333333314,-354.3,140.0,240.0,0.0,videos/bb86_hole_049_ppv_flythrough_dark_2dcg.mp4,bb86_hole_049_ppv_flythrough_dark_2dcg.mp4,True,0.0,245.03766215116423,142.9386124317437,-354.3,2,0.0,-2.0,2.0,0.3823929001461026,0.3909978014512784,20.129346346152747,22.12268363916681,refit_recommended,plateau_contrast_rel_0.98,plateau_contrast_rel_0.98,plateau_contrast_rel_0.95_prior,-30.0,287.62589807997216,167.78174591635943,-354.3,3,-357.12747259308003,-348.879868998974,36.02652632511905,3.6766990792928738,13.45386502543034,85.0291059558346,25.470627373028623,26.616162461606947,38.56163252419998,27.607033501895533,40.15747889027244,0.3697588132567989,0.3334123163786604,0.5722177137228737,growth2d_local,growth2d_local,HI,BB86 + 2DCG/joint contrast,HI 049,figures/contrast_joint_refit/hole_049_joint_contrast_refit.png,figures/2dcg_summary/hole_049_2dcg_summary.png
50,50,10.438333333333333,41.30722222222222,-11.10517368154287,2.2833333333335304,-383.1,0.0,60.0,90.0,videos/bb86_hole_050_ppv_flythrough_dark_2dcg.mp4,bb86_hole_050_ppv_flythrough_dark_2dcg.mp4,True,-50.0,140.45828853967348,140.45828853967348,-383.1,2,4.0,-2.0,4.47213595499958,0.1031062442384277,0.5273075378102746,0.4029853341872975,8.933947737481834,refit_recommended,plateau_contrast_rel_0.98,plateau_contrast_rel_0.98,plateau_contrast_rel_0.95_prior,-65.0,199.7672954469891,195.7719495380493,-383.1,3,-385.994085172451,-377.746481578345,22.91085967141286,2.0572085316369684,7.646894987760886,31.486773564921705,66.14361000796096,17.066118182203976,25.041512118992834,17.417081078291858,25.293513798696697,0.7263820444892425,0.717010628119322,0.7458671231359113,growth2d_local,growth2d_local,HI,BB86 + 2DCG/joint contrast,HI 050,figures/contrast_joint_refit/hole_050_joint_contrast_refit.png,figures/2dcg_summary/hole_050_2dcg_summary.png
51,51,10.38625,41.36972222222222,-13.453983681869223,6.03333333333353,-308.9,220.0,340.0,0.0,videos/bb86_hole_051_ppv_flythrough_dark_2dcg.mp4,bb86_hole_051_ppv_flythrough_dark_2dcg.mp4,True,5.0,354.66666666666663,229.49012858133472,-308.9,2,-4.0,-16.0,16.492422502470642,0.1502706349458717,0.2334955962724735,18.583974824657066,29.88970048612027,refit_recommended,plateau_contrast_rel_0.98,plateau_contrast_rel_0.98,plateau_contrast_rel_0.95_prior,-45.0,416.3087323943661,269.37615937983713,-308.9,3,-311.765652825497,-303.518049231391,50.662358556993006,8.681364189414566,31.49155225376876,26.673872227885088,66.29843464483949,37.29266217158506,53.38605619687837,49.36859031267611,70.77858330268525,0.1755725577224431,0.1207601630420903,0.4339244962481201,growth2d_local,growth2d_local,HI,BB86 + 2DCG/joint contrast,HI 051,figures/contrast_joint_refit/hole_051_joint_contrast_refit.png,figures/2dcg_summary/hole_051_2dcg_summary.png
52,52,10.419583333333332,41.3575,-11.95074528166038,5.300000000000296,-337.8,460.0,600.0,40.0,videos/bb86_hole_052_ppv_flythrough_dark_2dcg.mp4,bb86_hole_052_ppv_flythrough_dark_2dcg.mp4,True,45.0,600.0,459.9999386666749,-337.8,2,0.0,0.0,0.0,0.5169547205887197,0.5204984984329095,52.762388020333056,53.61072326592202,refit_recommended,plateau_contrast_rel_0.98,plateau_contrast_rel_0.98,plateau_contrast_rel_0.95_prior,55.0,600.0,459.9999386666749,-337.8,3,-340.632265404868,-332.384661810762,75.45505422670901,29.45536678458082,106.35338042970858,23.458257685788617,3.400679087615744,78.51689889924235,117.89076810130965,84.49055809269159,118.53896597262928,0.0209896683486036,0.0142817502025542,,prior_fixed,prior_fixed,HI,BB86 + 2DCG/joint contrast,HI 052,figures/contrast_joint_refit/hole_052_joint_contrast_refit.png,figures/2dcg_summary/hole_052_2dcg_summary.png
53,53,10.87,41.13027777777778,8.361763601161732,-8.333333333333144,-313.0,140.0,200.0,0.0,videos/bb86_hole_053_ppv_flythrough_dark_2dcg.mp4,bb86_hole_053_ppv_flythrough_dark_2dcg.mp4,True,35.0,205.08130867875215,143.55695914221425,-313.0,2,4.0,6.0,7.211102550927978,0.2407896318773845,0.3027188565883009,20.75637462901604,28.76151351745733,refit_recommended,plateau_contrast_rel_0.98,plateau_contrast_rel_0.98,plateau_contrast_rel_0.95_prior,-90.0,240.72501782094653,168.50756302693145,-313.0,3,-315.88945462255,-307.641851028444,45.125294941457184,3.1782660791459163,11.42385286355504,65.9304007086027,127.14553322136338,21.98012432224146,30.36111947340492,24.20305219933321,35.504790469998305,0.5564632652938852,0.4513247044625146,0.6984554280847237,growth2d_local,growth2d_local,HI,BB86 + 2DCG/joint contrast,HI 053,figures/contrast_joint_refit/hole_053_joint_contrast_refit.png,figures/2dcg_summary/hole_053_2dcg_summary.png
54,54,10.859166666666669,41.15555555555555,7.8732111210939,-6.81666666666672,-341.9,480.0,900.0,51.0,,,False,76.0,797.3333333333334,708.6834161266363,-341.9,2,-4.0,16.0,16.492422502470642,,59.60384349902876,-0.9552960156156888,0.05193865495926,refit_recommended,plateau_contrast_rel_0.98,plateau_contrast_rel_0.98,plateau_contrast_rel_0.95_prior,-39.0,797.3333333333334,708.6834161266363,-341.9,3,-344.75606720192104,-336.508463607815,71.57342348276252,59.91755615576893,122.042478591872,25.113383449134435,88.91275448797184,116.87135876481344,161.30596876696328,110.9527882144505,167.56716991207708,0.0022291541530171,0.0023514005553214,,prior_fixed,prior_fixed,HI,BB86 + 2DCG/joint contrast,HI 054,figures/contrast_joint_refit/hole_054_joint_contrast_refit.png,figures/2dcg_summary/hole_054_2dcg_summary.png
55,55,10.531249999999998,41.39111111111111,-6.914896640960748,7.316666666666691,-292.4,140.0,200.0,0.0,videos/bb86_hole_055_ppv_flythrough_dark_2dcg.mp4,bb86_hole_055_ppv_flythrough_dark_2dcg.mp4,True,-40.0,261.638859026449,183.1472562626912,-292.4,2,0.0,0.0,0.0,0.2029555248694803,0.3290318480395785,6.687323196195005,17.82895492429384,refit_recommended,plateau_contrast_rel_0.98,plateau_contrast_rel_0.98,plateau_contrast_rel_0.95_prior,-35.0,312.5294596342696,218.7706873751949,-292.4,3,-295.27044563728504,-287.02284204317897,23.2525252699078,5.114206518709745,18.536805182013264,10.1165876826085,30.52693464505332,27.43450854871099,40.25064390232516,32.47030665328471,47.48171137202442,0.3425888557912093,0.2487345542350559,0.5564828618384414,growth2d_local,growth2d_local,HI,BB86 + 2DCG/joint contrast,HI 055,figures/contrast_joint_refit/hole_055_joint_contrast_refit.png,figures/2dcg_summary/hole_055_2dcg_summary.png
56,56,10.9,41.18055555555555,9.714678161349669,-5.316666666666805,-329.5,80.0,120.0,90.0,videos/bb86_hole_056_ppv_flythrough_dark_2dcg.mp4,bb86_hole_056_ppv_flythrough_dark_2dcg.mp4,True,-15.0,175.7479753454189,117.16531689694592,-329.5,2,18.0,-12.0,21.633307652783937,0.1899649275781179,0.5005025146456643,2.205631655964614,17.887525709088454,refit_recommended,plateau_contrast_rel_0.98,plateau_contrast_rel_0.98,plateau_contrast_rel_0.95_prior,-20.0,195.37729146498464,130.2515276433231,-329.5,3,-332.384661810762,-324.137058216656,29.05194997378713,2.21292264704654,8.049247802950012,1.7705471865556794,144.64278354116465,17.2890235284249,24.81411489017389,23.4237822111189,34.778311752674654,0.7049717449388623,0.5234925647872047,0.7954660553714799,growth2d_local,growth2d_local,HI,BB86 + 2DCG/joint contrast,HI 056,figures/contrast_joint_refit/hole_056_joint_contrast_refit.png,figures/2dcg_summary/hole_056_2dcg_summary.png
57,57,10.929583333333332,41.16361111111111,11.04880224153509,-6.3333333333332575,-296.6,120.0,220.0,63.0,videos/bb86_hole_057_ppv_flythrough_dark_2dcg.mp4,bb86_hole_057_ppv_flythrough_dark_2dcg.mp4,True,18.0,260.32734895690965,192.26454606324464,-296.6,2,20.0,-10.0,22.360679774997894,0.0330842592599638,0.2669230999757971,2.7842198839371237,33.47559960901477,refit_recommended,plateau_contrast_rel_0.98,plateau_contrast_rel_0.98,plateau_contrast_rel_0.95_prior,28.0,343.30210820895,253.5454851817126,-296.6,2,-299.394247434338,-295.27044563728504,44.252164572506864,5.391726644968718,19.386155627888343,158.0697207784624,44.26979379655311,29.277029550505105,42.86912290447251,29.06593258457115,42.18701355075925,0.3174238673830666,0.3022021880635989,0.5319308468411942,growth2d_local,growth2d_local,HI,BB86 + 2DCG/joint contrast,HI 057,figures/contrast_joint_refit/hole_057_joint_contrast_refit.png,figures/2dcg_summary/hole_057_2dcg_summary.png
58,58,10.445833333333333,41.46222222222222,-10.766945041495866,11.5833333333336,-292.4,80.0,220.0,122.0,videos/bb86_hole_058_ppv_flythrough_dark_2dcg.mp4,bb86_hole_058_ppv_flythrough_dark_2dcg.mp4,True,-58.0,308.24005590173374,112.0872930551759,-292.4,2,8.0,-6.0,10.0,0.2977620386544815,0.3705101393733813,13.97515465553164,29.246022142431823,refit_recommended,plateau_contrast_rel_0.98,plateau_contrast_rel_0.98,plateau_contrast_rel_0.95_prior,-53.0,304.37620167986694,171.55749549228867,-292.4,3,-295.27044563728504,-287.02284204317897,45.94957650591584,3.641773411048218,13.30418195766375,21.088029819724586,95.50106102522366,27.35113173839729,38.25104443423212,36.61194891470041,55.46397153368528,0.3635115254838458,0.2031321908729595,0.4839765328268933,growth2d_local,growth2d_local,HI,BB86 + 2DCG/joint contrast,HI 058,figures/contrast_joint_refit/hole_058_joint_contrast_refit.png,figures/2dcg_summary/hole_058_2dcg_summary.png
59,59,10.885,41.21027777777778,9.03822088125574,-3.53333333333282,-329.5,120.0,160.0,0.0,videos/bb86_hole_059_ppv_flythrough_dark_2dcg.mp4,bb86_hole_059_ppv_flythrough_dark_2dcg.mp4,True,0.0,210.3709954844976,157.7782860579447,-329.5,2,0.0,0.0,0.0,0.3249910481831933,0.3915319933454905,5.604968207851057,10.83855032600702,refit_recommended,plateau_contrast_rel_0.98,plateau_contrast_rel_0.98,plateau_contrast_rel_0.95_prior,-90.0,260.0007725882347,195.00062819133308,-329.5,3,-332.384661810762,-324.137058216656,21.43507533567937,3.533470396797958,12.830177659783969,49.408353683281874,24.93520963290014,23.61314597445924,33.477746450821684,24.915995004733155,36.49497720249797,0.4676545940359436,0.4302993634368356,0.6241112370082318,growth2d_local,growth2d_local,HI,BB86 + 2DCG/joint contrast,HI 059,figures/contrast_joint_refit/hole_059_joint_contrast_refit.png,figures/2dcg_summary/hole_059_2dcg_summary.png
60,60,10.59875,41.40805555555556,-3.870838880537792,8.33333333333357,-296.6,460.0,480.0,90.0,videos/bb86_hole_060_ppv_flythrough_dark_2dcg.mp4,bb86_hole_060_ppv_flythrough_dark_2dcg.mp4,True,-90.0,480.0,460.0001150000288,-305.5799501299175,2,-6.0,-6.0,8.48528137423857,0.8935951013434126,0.9303458018119096,72.0030852920214,62.46639152153679,refit_recommended,plateau_contrast_rel_0.98,plateau_contrast_rel_0.98,plateau_contrast_rel_0.95_prior,-90.0,712.4957746478874,682.8086214063808,-305.5799501299175,3,-307.641851028444,-299.394247434338,110.04610258271582,23.389593718922885,85.01331414046743,6.912496833816776,16.60163089830862,61.31585346478119,87.3465604598465,64.30855165707837,91.49184068176204,0.0509320971856729,0.0483236367697491,0.2455183072733728,growth2d_local,growth2d_local,HI,BB86 + 2DCG/joint contrast,HI 060,figures/contrast_joint_refit/hole_060_joint_contrast_refit.png,figures/2dcg_summary/hole_060_2dcg_summary.png
61,61,10.93,41.24361111111112,11.067592721537684,-1.5333333333329335,-280.1,240.0,380.0,0.0,videos/bb86_hole_061_ppv_flythrough_dark_2dcg.mp4,bb86_hole_061_ppv_flythrough_dark_2dcg.mp4,True,-30.0,380.0,240.0000505263264,-280.1,2,0.0,-4.0,4.0,0.2942727297177914,0.3279849781440905,43.86082533113991,52.64020292793232,refit_recommended,plateau_contrast_rel_0.98,plateau_contrast_rel_0.98,plateau_contrast_rel_0.95_prior,-50.0,571.9267605633802,361.2169774541301,-280.1,3,-282.899040246126,-274.65143665202,74.3853261551418,9.663468043294522,35.224933505788215,33.55107206019051,69.92229539756686,47.1034526316688,68.72607276020524,48.05344451376445,72.285745705986,0.1157589067353642,0.1171783513185498,0.3470686879412955,growth2d_local,growth2d_local,HI,BB86 + 2DCG/joint contrast,HI 061,figures/contrast_joint_refit/hole_061_joint_contrast_refit.png,figures/2dcg_summary/hole_061_2dcg_summary.png
62,62,10.94875,41.24361111111112,11.913164321655112,-1.5333333333329335,-300.7,600.0,620.0,90.0,videos/bb86_hole_062_ppv_flythrough_dark_2dcg.mp4,bb86_hole_062_ppv_flythrough_dark_2dcg.mp4,True,-90.0,620.0,600.0001935484495,-297.3323465358115,2,-2.0,-6.0,6.324555320336759,0.4039115073644115,0.4183737395477007,121.44477414969508,129.29657438688955,refit_recommended,plateau_contrast_rel_0.98,plateau_contrast_rel_0.98,plateau_contrast_rel_0.95_prior,-65.0,753.4309859154929,729.1269957656369,-297.3323465358115,3,-299.394247434338,-291.146643840232,151.15541263577182,39.51177292043268,80.17068912939105,108.63125636875436,57.23965909338892,73.00325300963674,107.60821664486626,77.33904082398878,112.08794282103824,0.0324636395664153,0.021034685030176,0.2160825595292979,growth2d_local,growth2d_local,HI,BB86 + 2DCG/joint contrast,HI 062,figures/contrast_joint_refit/hole_062_joint_contrast_refit.png,figures/2dcg_summary/hole_062_2dcg_summary.png
63,63,10.997083333333332,41.2475,14.092860001957966,-1.2999999999996703,-284.2,360.0,580.0,138.0,videos/bb86_hole_063_ppv_flythrough_dark_2dcg.mp4,bb86_hole_063_ppv_flythrough_dark_2dcg.mp4,True,13.0,580.0,360.00002482758794,-284.2,2,12.0,-14.0,18.43908891458577,0.2462074325332474,0.3495258608472473,55.00952666526503,89.65581224305265,refit_recommended,plateau_contrast_rel_0.98,plateau_contrast_rel_0.98,plateau_contrast_rel_0.95_prior,18.0,716.830985915493,444.9296081495893,-284.2,3,-287.02284204317897,-278.775238449073,130.89108109786912,22.17074729000357,61.94518756709253,153.14663633589657,6.867683339289092,69.0443841868857,97.91801103672506,67.47054744057303,116.57795188169676,0.0404932482992957,0.028135206864371,0.2357202482377529,growth2d_local,growth2d_local,HI,BB86 + 2DCG/joint contrast,HI 063,figures/contrast_joint_refit/hole_063_joint_contrast_refit.png,figures/2dcg_summary/hole_063_2dcg_summary.png
64,64,11.045416666666664,41.24722222222222,16.272555682260737,-1.316666666666606,-271.8,100.0,200.0,100.0,videos/bb86_hole_064_ppv_flythrough_dark_2dcg.mp4,bb86_hole_064_ppv_flythrough_dark_2dcg.mp4,True,20.0,227.7043288178309,113.85216440891546,-271.8,2,8.0,12.0,14.422205101855956,0.1583804756363203,0.3040529163769114,9.388965968755649,26.919488011131897,refit_recommended,plateau_contrast_rel_0.98,plateau_contrast_rel_0.98,plateau_contrast_rel_0.95_prior,-25.0,271.9944243245104,135.99721216225518,-271.8,3,-274.65143665202,-266.403833057914,43.27595050213721,2.8076673511101737,10.09421685100662,98.53625911341447,43.67616669151072,23.92574902778221,36.15975798646058,24.94541961149466,35.48411466346012,0.4438170863992973,0.4193362146789994,0.609136374095775,growth2d_local,growth2d_local,HI,BB86 + 2DCG/joint contrast,HI 064,figures/contrast_joint_refit/hole_064_joint_contrast_refit.png,figures/2dcg_summary/hole_064_2dcg_summary.png
65,65,10.997916666666669,41.331388888888895,14.130440961963233,3.733333333333917,-275.9,140.0,240.0,0.0,videos/bb86_hole_065_ppv_flythrough_dark_2dcg.mp4,bb86_hole_065_ppv_flythrough_dark_2dcg.mp4,True,0.0,257.68250555403694,150.3147698540599,-275.9,2,0.0,-24.0,24.0,0.0777066888169321,0.285580741328494,3.7490022774039726,17.758263775086757,refit_recommended,plateau_contrast_rel_0.98,plateau_contrast_rel_0.98,plateau_contrast_rel_0.95_prior,-40.0,302.46845088554136,176.4399002765824,-275.9,3,-278.775238449073,-270.527634854967,35.23840148752676,4.162023812220881,14.87065178809475,26.806500121623426,38.13607289128265,26.26396719617424,38.7635587982289,27.734185987882302,45.39339681658812,0.3773098000162811,0.3248958495793694,0.5813182420783496,growth2d_local,growth2d_local,HI,BB86 + 2DCG/joint contrast,HI 065,figures/contrast_joint_refit/hole_065_joint_contrast_refit.png,figures/2dcg_summary/hole_065_2dcg_summary.png
66,66,11.0425,41.33111111111111,16.141022322242502,3.716666666666981,-271.8,500.0,540.0,0.0,videos/bb86_hole_066_ppv_flythrough_dark_2dcg.mp4,bb86_hole_066_ppv_flythrough_dark_2dcg.mp4,True,0.0,540.0,500.0,-271.8,2,0.0,0.0,0.0,0.4460347699752156,0.4460347699752156,76.32411937070893,76.32411937070893,keep_base_geometry,plateau_contrast_rel_0.98,plateau_contrast_rel_0.98,plateau_contrast_rel_0.95_prior,25.0,622.6732394366197,576.5492957746478,-271.8,3,-274.65143665202,-266.403833057914,122.37609105278692,28.647773625602728,103.3419408873035,16.625721728863073,21.88771302279097,63.286771377893096,102.65254479889175,69.87918732439131,98.44154335202582,0.0380471875353628,0.0406347795828691,0.2210637599096884,growth2d_local,growth2d_local,HI,BB86 + 2DCG/joint contrast,HI 066,figures/contrast_joint_refit/hole_066_joint_contrast_refit.png,figures/2dcg_summary/hole_066_2dcg_summary.png
67,67,10.6325,41.57527777777778,-2.3488100003263543,18.366666666666877,-255.3,100.0,220.0,56.0,videos/bb86_hole_067_ppv_flythrough_dark_2dcg.mp4,bb86_hole_067_ppv_flythrough_dark_2dcg.mp4,True,51.0,368.1309395827639,167.33224526489266,-255.3,2,20.0,0.0,20.0,0.1349546862427172,0.3474989925786447,4.824458055124736,26.632181046072336,refit_recommended,plateau_contrast_rel_0.98,plateau_contrast_rel_0.98,plateau_contrast_rel_0.95_prior,-74.0,439.7349998030169,198.54701506257427,-255.3,3,-258.156229463808,-249.90862586970204,48.76804794809407,6.637435387317277,23.59107235041848,50.26945938990213,119.11080393352331,38.91454094892054,58.40760226632122,43.423222165931385,67.35499201371132,0.1583406438958217,0.1463378393553504,0.4091353657485286,growth2d_local,growth2d_local,HI,BB86 + 2DCG/joint contrast,HI 067,figures/contrast_joint_refit/hole_067_joint_contrast_refit.png,figures/2dcg_summary/hole_067_2dcg_summary.png
68,68,10.63625,41.60861111111111,-2.1796956803028524,20.36666666666676,-263.6,200.0,260.0,0.0,videos/bb86_hole_068_ppv_flythrough_dark_2dcg.mp4,bb86_hole_068_ppv_flythrough_dark_2dcg.mp4,True,15.0,253.7043288178309,195.15717601371608,-263.6,2,16.0,6.0,17.08800749063506,0.2643336673162414,0.431328646778707,11.450368369221874,17.365675288454096,refit_recommended,plateau_contrast_rel_0.98,plateau_contrast_rel_0.98,plateau_contrast_rel_0.95_prior,80.0,292.5461042298002,225.035464792154,-263.6,3,-266.403833057914,-258.156229463808,31.58964051077956,5.27703965505023,19.094296380074688,46.0995833187104,42.40973609129721,25.85810135557924,36.43755208858357,26.808735337738483,39.21731502938216,0.4115627434586109,0.3690555378394312,0.6161496144446477,growth2d_local,growth2d_local,HI,BB86 + 2DCG/joint contrast,HI 068,figures/contrast_joint_refit/hole_068_joint_contrast_refit.png,figures/2dcg_summary/hole_068_2dcg_summary.png
69,69,10.63625,41.60861111111111,-2.1796956803028524,20.36666666666676,-263.6,1000.0,1400.0,39.0,videos/bb86_hole_069_ppv_flythrough_dark_2dcg.mp4,bb86_hole_069_ppv_flythrough_dark_2dcg.mp4,True,39.0,1400.0,1000.0,-263.6,2,-12.0,0.0,12.0,0.5693471601398002,0.5900220364151779,242.6814453116171,248.70268261961084,refit_recommended,plateau_contrast_rel_0.98,plateau_contrast_rel_0.98,plateau_contrast_rel_0.95_prior,-61.0,1498.3943661971828,1070.281690140845,-263.6,3,-266.403833057914,-258.156229463808,318.98297539905263,148.53837233324032,300.1152963018008,18.39069891263426,106.724618625821,165.21477187325218,246.74822265836252,219.32338181854965,302.89045294586487,0.0003076657896956,0.0002228429961893,0.1342911118990765,growth2d_local,growth2d_local,HI,BB86 + 2DCG/joint contrast,HI 069,figures/contrast_joint_refit/hole_069_joint_contrast_refit.png,figures/2dcg_summary/hole_069_2dcg_summary.png
70,70,11.057916666666664,41.38972222222222,16.836270082339023,7.233333333333292,-214.1,80.0,160.0,0.0,videos/bb86_hole_070_ppv_flythrough_dark_2dcg.mp4,bb86_hole_070_ppv_flythrough_dark_2dcg.mp4,True,-25.0,210.3709954844976,105.1854977422488,-206.6087070006455,2,8.0,2.0,8.246211251235321,0.2269958930261152,0.3740209650158712,2.4655140836118457,7.335415211372062,refit_recommended,plateau_contrast_rel_0.98,plateau_contrast_rel_0.98,plateau_contrast_rel_0.95_prior,-55.0,238.2229300979381,119.11146504896904,-206.6087070006455,2,-208.670607899172,-204.546806102119,9.23408169301364,2.361147291016602,8.522181556483925,6.009844890189311,10.86596672557422,21.86969852492233,30.62116140666042,26.769648946320395,39.81841528592887,0.5473531394581751,0.4106102800199376,0.697953988978569,growth2d_local,growth2d_local,HI,BB86 + 2DCG/joint contrast,HI 070,figures/contrast_joint_refit/hole_070_joint_contrast_refit.png,figures/2dcg_summary/hole_070_2dcg_summary.png
71,71,11.072916666666664,41.38111111111111,17.512727362433033,6.716666666666811,-247.1,380.0,600.0,0.0,videos/bb86_hole_071_ppv_flythrough_dark_2dcg.mp4,bb86_hole_071_ppv_flythrough_dark_2dcg.mp4,True,-5.0,600.0,380.0000886666873,-243.7229231741225,2,14.0,-16.0,21.2602916254693,0.171448000934516,0.2747328205729931,38.14963124325538,65.6585286553758,refit_recommended,plateau_contrast_rel_0.98,plateau_contrast_rel_0.98,plateau_contrast_rel_0.95_prior,-65.0,890.6197183098592,564.059286543411,-243.7229231741225,3,-249.90862586970204,-241.661022275596,121.02130880020918,24.19364258000609,87.80584559935865,175.26950304753177,64.34539471294742,72.54508063874954,107.72038958864508,71.45229258105923,107.0126783401716,0.0470619177950658,0.0401160826965915,0.2490878079169685,growth2d_local,growth2d_local,HI,BB86 + 2DCG/joint contrast,HI 071,figures/contrast_joint_refit/hole_071_joint_contrast_refit.png,figures/2dcg_summary/hole_071_2dcg_summary.png
72,72,10.73333333333333,41.61277777777778,2.198486160305366,20.61666666666696,-218.2,40.0,240.0,70.0,videos/bb86_hole_072_ppv_flythrough_dark_2dcg.mp4,bb86_hole_072_ppv_flythrough_dark_2dcg.mp4,True,-75.0,219.7479753454189,36.62466255756981,-214.8563105947515,2,4.0,-4.0,5.656854249492381,0.3756689422144909,0.4979868261156119,8.25255261733394,14.931778129665092,refit_recommended,plateau_contrast_rel_0.98,plateau_contrast_rel_0.98,plateau_contrast_rel_0.95_prior,-35.0,262.490504071056,96.2465181593872,-214.8563105947515,3,-216.918211493278,-208.670607899172,20.32063355954533,1.0,3.1979182965039867,10.89245551374794,47.29895157530117,24.61632750200204,34.13515587024647,26.94822006775449,41.89428126585312,0.4265780052615646,0.3908754188872426,0.5966893161287675,growth2d_local,growth2d_local,HI,BB86 + 2DCG/joint contrast,HI 072,figures/contrast_joint_refit/hole_072_joint_contrast_refit.png,figures/2dcg_summary/hole_072_2dcg_summary.png
73,73,10.718749999999996,41.65055555555556,1.5408193602139513,22.883333333333557,-226.5,0.0,0.0,0.0,videos/bb86_hole_073_ppv_flythrough_dark_2dcg.mp4,bb86_hole_073_ppv_flythrough_dark_2dcg.mp4,True,20.0,190.89475381555297,113.50668828776963,-226.5,2,2.0,-4.0,4.47213595499958,0.0272113511809275,0.2091529707848436,0.9809769297193972,18.518652765598524,refit_recommended,plateau_contrast_rel_0.98,plateau_contrast_rel_0.98,plateau_contrast_rel_0.95_max,0.0,212.2158157557971,126.18426628948812,-226.5,3,-229.28961688443692,-221.042013290331,21.0013948783162,2.321612420445051,8.258251044680412,51.76420140964905,169.33125326921254,18.86471440154177,27.35437445253229,20.63343711714352,30.26165871694984,0.6298025590360675,0.5603274736323438,0.7485912900223896,growth2d_local,growth2d_local,HI,BB86 + 2DCG/joint contrast,HI 073,figures/contrast_joint_refit/hole_073_joint_contrast_refit.png,figures/2dcg_summary/hole_073_2dcg_summary.png
74,74,10.763333333333334,41.625277777777775,3.551400720493462,21.366666666666703,-218.2,100.0,120.0,90.0,videos/bb86_hole_074_ppv_flythrough_dark_2dcg.mp4,bb86_hole_074_ppv_flythrough_dark_2dcg.mp4,True,35.0,210.32734895690965,175.2727907974247,-218.2,2,-8.0,-18.0,19.697715603592208,0.0784325589794321,0.1908869722769546,3.073182099535007,15.192898635534572,refit_recommended,plateau_contrast_rel_0.98,plateau_contrast_rel_0.98,plateau_contrast_rel_0.95_prior,30.0,233.8188401854772,229.1424633817676,-218.2,3,-221.042013290331,-212.79440969622505,22.505545889677983,3.977764572213488,14.129648729569206,35.32691491345635,61.91494971406072,22.49288853792044,40.6553147557094,27.168848694402985,41.48440350726209,0.3867861958194055,0.3998807180125397,0.4707171129971341,growth2d_local,growth2d_local,HI,BB86 + 2DCG/joint contrast,HI 074,figures/contrast_joint_refit/hole_074_joint_contrast_refit.png,figures/2dcg_summary/hole_074_2dcg_summary.png
75,75,10.755833333333332,41.64194444444444,3.2131720804463777,22.36666666666665,-234.7,80.0,260.0,70.0,videos/bb86_hole_075_ppv_flythrough_dark_2dcg.mp4,bb86_hole_075_ppv_flythrough_dark_2dcg.mp4,True,70.0,333.57338923506705,102.63796591848217,-227.2277159859105,2,0.0,0.0,0.0,0.2990115539205526,0.3765262979671712,18.7730214152973,37.92944622084732,refit_recommended,plateau_contrast_rel_0.98,plateau_contrast_rel_0.98,plateau_contrast_rel_0.95_prior,-55.0,350.1111121943267,177.74871849865815,-227.2277159859105,3,-229.28961688443692,-221.042013290331,55.14552172852271,3.6813179662904782,13.066080506392684,92.13485471804196,69.9493777176344,32.32442519663358,46.43193574512242,41.7994949961774,64.70028372082778,0.2309619199254109,0.1611203006782229,0.4130054626555262,growth2d_local,growth2d_local,HI,BB86 + 2DCG/joint contrast,HI 075,figures/contrast_joint_refit/hole_075_joint_contrast_refit.png,figures/2dcg_summary/hole_075_2dcg_summary.png
76,76,11.155416666666666,41.43055555555555,21.23324240295,9.683333333333197,-201.8,160.0,280.0,36.0,videos/bb86_hole_076_ppv_flythrough_dark_2dcg.mp4,bb86_hole_076_ppv_flythrough_dark_2dcg.mp4,True,6.0,276.3491722207036,157.91381269754493,-210.73250879769853,2,-20.0,0.0,20.0,0.1953786123828957,0.2842326042647859,24.997665778729488,36.886448031751215,refit_recommended,plateau_contrast_rel_0.98,plateau_contrast_rel_0.98,plateau_contrast_rel_0.95_prior,16.0,335.8226278760888,191.89864450062217,-210.73250879769853,3,-216.918211493278,-208.670607899172,50.97921360924629,4.636501911678746,16.843046136175843,30.087144352206472,59.68411926052608,30.655125496706955,47.49727213453578,33.721925550692205,52.35768832353136,0.2574783474816688,0.2582235247011344,0.4842821173546185,growth2d_local,growth2d_local,HI,BB86 + 2DCG/joint contrast,HI 076,figures/contrast_joint_refit/hole_076_joint_contrast_refit.png,figures/2dcg_summary/hole_076_2dcg_summary.png
77,77,11.188749999999995,41.42166666666667,22.73648080315876,9.150000000000205,-226.5,180.0,200.0,90.0,videos/bb86_hole_077_ppv_flythrough_dark_2dcg.mp4,bb86_hole_077_ppv_flythrough_dark_2dcg.mp4,True,-70.0,261.638859026449,235.47499667130376,-226.5,2,2.0,0.0,2.0,0.3016131376213397,0.3882341433186805,14.776515062453688,31.292654983977023,refit_recommended,plateau_contrast_rel_0.98,plateau_contrast_rel_0.98,plateau_contrast_rel_0.95_prior,-60.0,312.5294596342696,281.2765417984968,-226.5,3,-229.28961688443692,-221.042013290331,61.465328814109526,6.498264118064781,23.83224836372526,49.984907655667485,87.9464845653065,29.492311827430825,44.09006731138184,30.54897474945576,46.05656659218865,0.2710670559139581,0.2657759081070269,0.4944236290832304,growth2d_local,growth2d_local,HI,BB86 + 2DCG/joint contrast,HI 077,figures/contrast_joint_refit/hole_077_joint_contrast_refit.png,figures/2dcg_summary/hole_077_2dcg_summary.png
78,78,10.748749999999998,41.69194444444444,2.893733920401967,25.366666666666475,-210.0,60.0,260.0,48.0,videos/bb86_hole_078_ppv_flythrough_dark_2dcg.mp4,bb86_hole_078_ppv_flythrough_dark_2dcg.mp4,True,-57.0,253.7043288178309,58.54715730774232,-210.0,2,-2.0,-12.0,12.16552506059644,0.1737359243842178,0.3446172031685918,7.342148850309345,20.45791852822641,refit_recommended,plateau_contrast_rel_0.98,plateau_contrast_rel_0.98,plateau_contrast_rel_0.95_prior,-72.0,292.5461042298002,118.1436224779652,-210.0,3,-212.79440969622505,-204.546806102119,27.31477298095774,1.5806740011615452,5.782214156618547,86.60479396316947,35.50819016761582,25.42872449484472,39.34928495815026,31.723844820916216,49.42827636659021,0.4015612298884551,0.2843874598453809,0.5604341553811935,growth2d_local,growth2d_local,HI,BB86 + 2DCG/joint contrast,HI 078,figures/contrast_joint_refit/hole_078_joint_contrast_refit.png,figures/2dcg_summary/hole_078_2dcg_summary.png
79,79,11.184999999999995,41.43861111111111,22.56736648313526,10.166666666666655,-201.8,140.0,160.0,90.0,videos/bb86_hole_079_ppv_flythrough_dark_2dcg.mp4,bb86_hole_079_ppv_flythrough_dark_2dcg.mp4,True,-15.0,180.4364652758795,157.88192685163543,-201.8,2,22.0,0.0,22.0,0.0956070808946308,0.160921980983579,7.776878466508168,16.94633011139985,refit_recommended,plateau_contrast_rel_0.98,plateau_contrast_rel_0.98,plateau_contrast_rel_0.95_prior,-75.0,180.4364652758795,157.88192685163543,-201.8,3,-204.546806102119,-196.299202508013,31.36648559906473,3.0483424846094165,11.11512628620908,166.38262638063873,15.565499189280194,23.98021457288543,35.68931769597657,25.501066339301826,36.8897404621241,0.5039826235424577,0.4616104316775655,,prior_fixed,prior_fixed,HI,BB86 + 2DCG/joint contrast,HI 079,figures/contrast_joint_refit/hole_079_joint_contrast_refit.png,figures/2dcg_summary/hole_079_2dcg_summary.png
80,80,10.827083333333333,41.6625,6.426344160892835,23.60000000000028,-193.5,260.0,340.0,0.0,videos/bb86_hole_080_ppv_flythrough_dark_2dcg.mp4,bb86_hole_080_ppv_flythrough_dark_2dcg.mp4,True,0.0,266.66666666666663,203.9216166090078,-193.5,2,6.0,-6.0,8.48528137423857,0.3557006858192129,0.5562993872704921,29.535741074497167,34.57780596082697,refit_recommended,plateau_contrast_rel_0.98,plateau_contrast_rel_0.98,plateau_contrast_rel_0.95_prior,-10.0,307.4929577464788,235.1417288983024,-193.5,3,-196.299202508013,-188.051598913907,46.94954960539135,5.8731427929473865,20.771336589454098,25.886892765321747,23.756615361560183,28.72681090191715,41.98066614143807,30.220781454241013,44.13255447574958,0.2978611191667259,0.2708608883959085,0.5246632160997308,growth2d_local,growth2d_local,HI,BB86 + 2DCG/joint contrast,HI 080,figures/contrast_joint_refit/hole_080_joint_contrast_refit.png,figures/2dcg_summary/hole_080_2dcg_summary.png
81,81,10.722499999999998,41.72944444444445,1.7099336802375331,27.616666666666987,-222.4,100.0,220.0,136.0,videos/bb86_hole_081_ppv_flythrough_dark_2dcg.mp4,bb86_hole_081_ppv_flythrough_dark_2dcg.mp4,True,86.0,308.24005590173374,253.09496552766868,-214.8563105947515,2,12.0,12.0,16.97056274847714,0.1948564224191106,0.4002902143943534,4.382964051198235,23.224395572922308,refit_recommended,plateau_contrast_rel_0.98,plateau_contrast_rel_0.98,plateau_contrast_rel_0.95_prior,21.0,380.9586606391146,312.80398908525245,-214.8563105947515,3,-216.918211493278,-208.670607899172,33.566355452111374,8.292691300096333,30.156732756295906,23.15946070380899,84.6473335029736,33.808636597518735,48.59695857077261,36.11888969736973,52.68692029180664,0.2126976627002737,0.1956514415822345,0.4593403756113906,growth2d_local,growth2d_local,HI,BB86 + 2DCG/joint contrast,HI 081,figures/contrast_joint_refit/hole_081_joint_contrast_refit.png,figures/2dcg_summary/hole_081_2dcg_summary.png
82,82,10.7975,41.69166666666666,5.092220080707493,25.34999999999997,-226.5,360.0,440.0,0.0,videos/bb86_hole_082_ppv_flythrough_dark_2dcg.mp4,bb86_hole_082_ppv_flythrough_dark_2dcg.mp4,True,0.0,440.0,360.0000654545574,-218.98011239180448,2,0.0,0.0,0.0,0.5349457838138105,0.5349457838138105,91.3892706402116,91.3892706402116,keep_base_geometry,plateau_contrast_rel_0.98,plateau_contrast_rel_0.98,plateau_contrast_rel_0.95_prior,75.0,543.8028169014084,444.9296583610903,-218.98011239180448,3,-221.042013290331,-212.79440969622505,119.96492877948168,16.826851763221264,61.01467986899641,90.1531821975073,13.570858140668577,47.878037478651976,74.65604112127657,49.927253787919724,69.2830000311446,0.1045432655348697,0.0840352406007352,0.3443359443744491,growth2d_local,growth2d_local,HI,BB86 + 2DCG/joint contrast,HI 082,figures/contrast_joint_refit/hole_082_joint_contrast_refit.png,figures/2dcg_summary/hole_082_2dcg_summary.png
83,83,10.857499999999998,41.6625,7.798049201083365,23.60000000000028,-214.1,0.0,0.0,0.0,videos/bb86_hole_083_ppv_flythrough_dark_2dcg.mp4,bb86_hole_083_ppv_flythrough_dark_2dcg.mp4,True,0.0,381.30939582763847,381.30939582763847,-214.1,2,14.0,-14.0,19.79898987322333,0.0139864015415304,0.2640962668332045,0.2654939470410425,40.45842424992362,refit_recommended,plateau_contrast_rel_0.98,plateau_contrast_rel_0.98,plateau_contrast_rel_0.95_max,0.0,381.30939582763847,381.30939582763847,-214.1,2,-216.918211493278,-212.79440969622505,46.63163017776438,15.478111993423628,56.0441889934548,70.60148067916782,63.04682876972395,57.49884713312397,79.14150565876656,54.443657011638855,81.65451968422259,0.0771271537589384,0.0939100702827709,,prior_fixed,prior_fixed,HI,BB86 + 2DCG/joint contrast,HI 083,figures/contrast_joint_refit/hole_083_joint_contrast_refit.png,figures/2dcg_summary/hole_083_2dcg_summary.png
84,84,10.715416666666666,41.77111111111111,1.390495520193203,30.116666666666845,-238.8,140.0,160.0,90.0,videos/bb86_hole_084_ppv_flythrough_dark_2dcg.mp4,bb86_hole_084_ppv_flythrough_dark_2dcg.mp4,True,-90.0,160.48011180346745,140.42011538054845,-238.8,2,-4.0,8.0,8.94427190999916,0.2008883274648528,0.2197468129529486,14.177325039437877,15.868206424010912,refit_recommended,plateau_contrast_rel_0.98,plateau_contrast_rel_0.98,plateau_contrast_rel_0.95_prior,-50.0,214.9529384860529,188.08384468577685,-238.8,3,-241.661022275596,-233.41341868149,22.21157774158654,2.469926493520916,8.636655255414517,35.40025651399554,34.21073269472931,19.05311566224593,27.7397680255906,19.574796105115905,29.06902512686697,0.6204637870778816,0.623059015317516,0.6973100521595268,growth2d_local,growth2d_local,HI,BB86 + 2DCG/joint contrast,HI 084,figures/contrast_joint_refit/hole_084_joint_contrast_refit.png,figures/2dcg_summary/hole_084_2dcg_summary.png
85,85,10.86875,41.68305555555556,8.305392161153872,24.833333333333485,-226.5,160.0,200.0,0.0,videos/bb86_hole_085_ppv_flythrough_dark_2dcg.mp4,bb86_hole_085_ppv_flythrough_dark_2dcg.mp4,True,0.0,239.01583888737025,191.2126711098962,-223.10391418885752,2,2.0,2.0,2.8284271247461903,0.3546441629255334,0.4115079113605489,12.023773799239295,19.500132033025466,refit_recommended,plateau_contrast_rel_0.98,plateau_contrast_rel_0.98,plateau_contrast_rel_0.95_prior,-70.0,290.4547405521451,232.36379244171613,-223.10391418885752,3,-225.16581508738403,-216.918211493278,32.17118877266601,4.845623756986924,17.573999829695506,39.09712039527979,9.26059471907009,25.920842813639624,36.07901113567823,25.36486507335498,37.28297427958351,0.4071360368000072,0.4072713656913639,0.6041569734861015,growth2d_local,growth2d_local,HI,BB86 + 2DCG/joint contrast,HI 085,figures/contrast_joint_refit/hole_085_joint_contrast_refit.png,figures/2dcg_summary/hole_085_2dcg_summary.png
86,86,10.8725,41.70388888888889,8.474506481177373,26.083333333333627,-197.6,100.0,280.0,134.0,videos/bb86_hole_086_ppv_flythrough_dark_2dcg.mp4,bb86_hole_086_ppv_flythrough_dark_2dcg.mp4,True,-66.0,276.3491722207036,127.67026011857575,-197.6,2,8.0,10.0,12.806248474865695,0.1124704167991421,0.1736958571809085,9.849686436850805,20.464963080406548,refit_recommended,plateau_contrast_rel_0.98,plateau_contrast_rel_0.98,plateau_contrast_rel_0.95_prior,29.0,375.8737966387795,248.8242948157961,-197.6,3,-200.423004305066,-192.17540071096,33.39760802150743,3.7342293473141575,13.468379806725778,142.96830251824554,166.62799313149583,29.113902525344724,50.01094022632271,38.85914115005168,56.41140338672852,0.3057569637397578,0.206385119118086,0.3953081239125828,growth2d_local,growth2d_local,HI,BB86 + 2DCG/joint contrast,HI 086,figures/contrast_joint_refit/hole_086_joint_contrast_refit.png,figures/2dcg_summary/hole_086_2dcg_summary.png
87,87,11.212083333333332,41.50527777777778,23.78874768330504,14.166666666666856,-205.9,180.0,440.0,27.0,videos/bb86_hole_087_ppv_flythrough_dark_2dcg.mp4,bb86_hole_087_ppv_flythrough_dark_2dcg.mp4,True,27.0,440.0,180.0000327272787,-202.4849052035925,2,0.0,0.0,0.0,0.2889780316698503,0.2889780316698503,54.735444407956585,54.735444407956585,keep_base_geometry,plateau_contrast_rel_0.98,plateau_contrast_rel_0.98,plateau_contrast_rel_0.95_prior,-68.0,361.6056338028168,204.63593790653417,-202.4849052035925,3,-204.546806102119,-196.299202508013,65.10614591642128,8.432839751118914,23.38590422995649,209.095522633741,256.7508091667254,50.34724327210243,91.15676771235,75.56046556464695,100.02833394119864,0.0746913768298192,0.052542992540456,0.2248938957288957,growth2d_local,growth2d_local,HI,BB86 + 2DCG/joint contrast,HI 087,figures/contrast_joint_refit/hole_087_joint_contrast_refit.png,figures/2dcg_summary/hole_087_2dcg_summary.png
88,88,10.865,41.71222222222222,8.136277841130449,26.5833333333336,-201.8,20.0,140.0,45.0,videos/bb86_hole_088_ppv_flythrough_dark_2dcg.mp4,bb86_hole_088_ppv_flythrough_dark_2dcg.mp4,True,55.0,173.76979860921284,24.824256944173264,-201.8,2,-2.0,-16.0,16.1245154965971,0.078328467913202,0.1475009470418587,4.512179728373359,10.089613320046908,refit_recommended,plateau_contrast_rel_0.98,plateau_contrast_rel_0.98,plateau_contrast_rel_0.95_prior,75.0,250.7424770072374,87.75986695253309,-201.8,3,-204.546806102119,-196.299202508013,15.410697034463505,1.0,2.3754482536652004,124.1387969948189,181.0267066219581,21.26745744589068,31.256800163341754,23.10398495148294,33.38264576282107,0.5745641473221782,0.543509268575592,0.6601997447632508,growth2d_local,growth2d_local,HI,BB86 + 2DCG/joint contrast,HI 088,figures/contrast_joint_refit/hole_088_joint_contrast_refit.png,figures/2dcg_summary/hole_088_2dcg_summary.png
89,89,10.895,41.71638888888889,9.489192401318386,26.8333333333338,-193.5,0.0,80.0,0.0,videos/bb86_hole_089_ppv_flythrough_dark_2dcg.mp4,bb86_hole_089_ppv_flythrough_dark_2dcg.mp4,True,0.0,124.5237583310554,124.5237583310554,-190.1134998124335,2,2.0,2.0,2.8284271247461903,0.186139641099555,0.2530842476421427,8.02401661645754,17.851532737535116,refit_recommended,plateau_contrast_rel_0.98,plateau_contrast_rel_0.98,plateau_contrast_rel_0.95_prior,-65.0,151.32267420849945,148.29622072432946,-190.1134998124335,3,-192.17540071096,-183.927797116854,22.984126581850383,1.7083220811555184,6.011660403073411,77.27350474199702,327.9569242232111,13.709996398918513,19.13260249807751,13.736839132226638,19.98287525444176,0.8593257301214483,0.8661947383972323,0.8551854128954446,growth2d_local,growth2d_local,HI,BB86 + 2DCG/joint contrast,HI 089,figures/contrast_joint_refit/hole_089_joint_contrast_refit.png,figures/2dcg_summary/hole_089_2dcg_summary.png
90,90,11.104166666666664,41.59805555555556,18.922013362628828,19.73333333333386,-61.6,240.0,240.0,0.0,videos/bb86_hole_090_ppv_flythrough_dark_2dcg.mp4,bb86_hole_090_ppv_flythrough_dark_2dcg.mp4,True,0.0,245.03766215116423,245.03766215116423,-61.6,2,0.0,24.0,24.0,0.174947973519131,0.3625787293162278,4.903159253096393,11.152833340642356,refit_recommended,plateau_contrast_rel_0.98,plateau_contrast_rel_0.98,plateau_contrast_rel_0.95_prior,0.0,245.0376621511642,245.0376621511642,-61.6,3,-64.337545002317,-56.08994140821101,13.43054343108349,6.413160081943432,23.19553723408546,11.28596423438028,27.098782197492334,30.09952701097608,46.19590785423095,29.11864400942823,45.04194366579211,0.311041826076404,0.3300602650797867,,prior_fixed,prior_fixed,HI,BB86 + 2DCG/joint contrast,HI 090,figures/contrast_joint_refit/hole_090_joint_contrast_refit.png,figures/2dcg_summary/hole_090_2dcg_summary.png
91,91,11.230833333333331,41.52583333333333,24.63431928342247,15.400000000000064,-172.9,160.0,480.0,151.0,videos/bb86_hole_091_ppv_flythrough_dark_2dcg.mp4,bb86_hole_091_ppv_flythrough_dark_2dcg.mp4,True,41.0,480.0,160.0,-172.9,2,6.0,6.0,8.48528137423857,0.2415361024391255,0.3207286011674168,20.21518121106376,38.03404448247598,refit_recommended,plateau_contrast_rel_0.98,plateau_contrast_rel_0.98,plateau_contrast_rel_0.95_prior,56.0,632.9915492957747,221.5470422535212,-172.9,2,-175.68019352274803,-171.556391725695,42.794195958214274,8.175350596974528,29.468899841921854,86.67739787127753,97.28444583479062,48.95007891433426,77.06828814131211,67.68176435095087,98.95109912070248,0.1136509624430308,0.0627798185893697,0.3622778985041995,growth2d_local,growth2d_local,HI,BB86 + 2DCG/joint contrast,HI 091,figures/contrast_joint_refit/hole_091_joint_contrast_refit.png,figures/2dcg_summary/hole_091_2dcg_summary.png
92,92,10.88,41.73305555555556,8.812735121224376,27.83333333333374,-177.0,80.0,120.0,90.0,videos/bb86_hole_092_ppv_flythrough_dark_2dcg.mp4,bb86_hole_092_ppv_flythrough_dark_2dcg.mp4,True,-90.0,184.39281874829155,122.92854583219436,-177.0,2,0.0,2.0,2.0,0.1493489967175301,0.1948035519679108,6.133743890177362,13.577659306299417,refit_recommended,plateau_contrast_rel_0.98,plateau_contrast_rel_0.98,plateau_contrast_rel_0.95_prior,60.0,227.89394148116315,151.92929432077543,-177.0,3,-179.803995319801,-171.556391725695,19.11362422665465,2.3986306415804024,8.859601786285776,68.02076256752692,13.83355545555439,20.607421537421736,29.393649190759707,20.32737818330346,29.36853893429413,0.5728922976461771,0.5651213118030373,0.691888249552755,growth2d_local,growth2d_local,HI,BB86 + 2DCG/joint contrast,HI 092,figures/contrast_joint_refit/hole_092_joint_contrast_refit.png,figures/2dcg_summary/hole_092_2dcg_summary.png
93,93,11.279166666666663,41.504444444444445,26.814014963725324,14.116666666666902,-181.1,120.0,280.0,38.0,videos/bb86_hole_093_ppv_flythrough_dark_2dcg.mp4,bb86_hole_093_ppv_flythrough_dark_2dcg.mp4,True,23.0,290.32734895690965,124.42602447096476,-177.74209442127452,2,4.0,6.0,7.211102550927978,0.3428496662792533,0.3838652514044825,13.750938176256804,17.329613994279626,refit_recommended,plateau_contrast_rel_0.98,plateau_contrast_rel_0.98,plateau_contrast_rel_0.95_prior,-87.0,346.798062887824,153.582006356406,-177.74209442127452,3,-179.803995319801,-171.556391725695,24.536995608957803,3.7905390221235056,13.91022481898393,4.672281194082014,48.96073273294983,30.533512252802485,44.20725382463224,37.69333341356923,56.16190367425476,0.2780585715982661,0.2064638983660068,0.5103441261329724,growth2d_local,growth2d_local,HI,BB86 + 2DCG/joint contrast,HI 093,figures/contrast_joint_refit/hole_093_joint_contrast_refit.png,figures/2dcg_summary/hole_093_2dcg_summary.png
94,94,11.2125,41.54694444444444,23.807538163307637,16.666666666666714,-201.8,200.0,220.0,90.0,videos/bb86_hole_094_ppv_flythrough_dark_2dcg.mp4,bb86_hole_094_ppv_flythrough_dark_2dcg.mp4,True,-90.0,236.3709954844976,214.88272316772503,-194.2373016094865,2,0.0,0.0,0.0,0.2741176795588302,0.2889462397254814,23.698759608218865,27.94385166816108,refit_recommended,plateau_contrast_rel_0.98,plateau_contrast_rel_0.98,plateau_contrast_rel_0.95_prior,-65.0,277.45294033349336,252.2299457577212,-194.2373016094865,3,-196.299202508013,-188.051598913907,44.91696328839268,5.415641538341606,19.620718308764552,70.47334066472018,120.7395344579432,24.9657460506895,35.47434780124082,25.82830934496316,37.36373429027554,0.4276686842100309,0.3767447910870745,0.614785500620483,growth2d_local,growth2d_local,HI,BB86 + 2DCG/joint contrast,HI 094,figures/contrast_joint_refit/hole_094_joint_contrast_refit.png,figures/2dcg_summary/hole_094_2dcg_summary.png
95,95,10.677916666666665,41.8625,-0.3006476800418169,35.60000000000045,-238.8,100.0,280.0,40.0,videos/bb86_hole_095_ppv_flythrough_dark_2dcg.mp4,bb86_hole_095_ppv_flythrough_dark_2dcg.mp4,True,15.0,234.41464201208555,140.0895477327024,-238.8,2,-2.0,-6.0,6.324555320336759,0.140852900644927,0.2539957717978767,3.612637205274819,8.25875728220358,refit_recommended,plateau_contrast_rel_0.98,plateau_contrast_rel_0.98,plateau_contrast_rel_0.95_prior,-35.0,289.7166878388804,173.13884244429062,-238.8,3,-241.661022275596,-233.41341868149,12.576765285257936,3.475972951569007,12.5998747707068,0.6008366074359385,11.371148434739098,26.09746148470996,37.54546996566943,29.372969090459563,46.53584074660699,0.3936175193014273,0.3554911768896921,0.5848046384674201,growth2d_local,growth2d_local,HI,BB86 + 2DCG/joint contrast,HI 095,figures/contrast_joint_refit/hole_095_joint_contrast_refit.png,figures/2dcg_summary/hole_095_2dcg_summary.png
96,96,11.23833333333333,41.54666666666667,24.972547923469392,16.650000000000205,-144.0,200.0,200.0,0.0,videos/bb86_hole_096_ppv_flythrough_dark_2dcg.mp4,bb86_hole_096_ppv_flythrough_dark_2dcg.mp4,True,0.0,205.08130867875215,205.08130867875215,-144.0,2,8.0,-12.0,14.422205101855956,0.3654184886646594,0.4250822516189709,32.1800196416177,37.36246468711206,refit_recommended,plateau_contrast_rel_0.98,plateau_contrast_rel_0.98,plateau_contrast_rel_0.95_prior,-75.0,261.9552659729019,256.71616065344386,-144.0,3,-146.813580943377,-138.565977349271,53.46105084789617,4.49798846862936,16.1354269546834,66.3720552664484,114.330098736691,23.73364207493634,33.48778649493459,23.69695621436801,33.15951745636325,0.4717297094822554,0.4645328975881938,0.6230534703173879,growth2d_local,growth2d_local,HI,BB86 + 2DCG/joint contrast,HI 096,figures/contrast_joint_refit/hole_096_joint_contrast_refit.png,figures/2dcg_summary/hole_096_2dcg_summary.png
97,97,10.801666666666666,41.81222222222222,5.280124880733589,32.58333333333326,-226.5,220.0,360.0,129.0,videos/bb86_hole_097_ppv_flythrough_dark_2dcg.mp4,bb86_hole_097_ppv_flythrough_dark_2dcg.mp4,True,-51.0,360.0,219.999951111122,-223.10391418885752,2,0.0,0.0,0.0,0.6231495382771133,0.6231495382771133,35.79152749325761,35.79152749325761,keep_base_geometry,plateau_contrast_rel_0.98,plateau_contrast_rel_0.98,plateau_contrast_rel_0.95_prior,-6.0,534.3718309859155,326.5604908112837,-223.10391418885752,2,-225.16581508738403,-221.042013290331,45.10480097135338,8.376904749894221,30.609799619482533,82.03358374820677,31.05742646957056,43.74407012280909,63.546790421300464,41.960432041970805,62.577855425540456,0.1467748619767075,0.1460152836220773,0.3842197759906486,growth2d_local,growth2d_local,HI,BB86 + 2DCG/joint contrast,HI 097,figures/contrast_joint_refit/hole_097_joint_contrast_refit.png,figures/2dcg_summary/hole_097_2dcg_summary.png
98,98,10.790416666666664,41.83305555555556,4.772781920663083,33.833333333333826,-218.2,240.0,480.0,163.0,videos/bb86_hole_098_ppv_flythrough_dark_2dcg.mp4,bb86_hole_098_ppv_flythrough_dark_2dcg.mp4,True,8.0,480.0,240.0,-218.2,2,0.0,-18.0,18.0,0.332378787772605,0.4668219594576243,20.25913633837641,32.44868832534293,refit_recommended,plateau_contrast_rel_0.98,plateau_contrast_rel_0.98,plateau_contrast_rel_0.95_prior,73.0,563.425352112676,281.712676056338,-218.2,3,-221.042013290331,-212.79440969622505,41.45882100889371,12.239425573763564,44.34277266882066,15.569859260122,28.750968980339547,52.908721186181246,87.26666506228455,64.9254862080278,98.34824870631454,0.0643295350755236,0.0595136690780216,0.2757637591153562,growth2d_local,growth2d_local,HI,BB86 + 2DCG/joint contrast,HI 098,figures/contrast_joint_refit/hole_098_joint_contrast_refit.png,figures/2dcg_summary/hole_098_2dcg_summary.png
99,99,11.30583333333333,41.5375,28.01660568389235,16.10000000000028,-177.0,160.0,340.0,0.0,videos/bb86_hole_099_ppv_flythrough_dark_2dcg.mp4,bb86_hole_099_ppv_flythrough_dark_2dcg.mp4,True,-20.0,340.0,160.0,-177.0,2,10.0,-10.0,14.142135623730953,0.2925897457560756,0.3700784638366869,26.29067158510391,34.95157304776734,refit_recommended,plateau_contrast_rel_0.98,plateau_contrast_rel_0.98,plateau_contrast_rel_0.95_prior,-65.0,370.9352112676056,209.1056338028169,-177.0,3,-179.803995319801,-171.556391725695,46.45040417878972,5.808504471422256,21.097499750748906,17.633542351001964,53.90128897903905,33.966478500222856,47.85462625085897,39.76040001398104,60.84319877541274,0.2120106027657838,0.1631511003077406,0.4303554392431892,growth2d_local,growth2d_local,HI,BB86 + 2DCG/joint contrast,HI 099,figures/contrast_joint_refit/hole_099_joint_contrast_refit.png,figures/2dcg_summary/hole_099_2dcg_summary.png
100,100,11.253749999999998,41.580000000000005,25.66779568356608,18.65000000000052,-197.6,200.0,360.0,0.0,videos/bb86_hole_100_ppv_flythrough_dark_2dcg.mp4,bb86_hole_100_ppv_flythrough_dark_2dcg.mp4,True,10.0,389.3333333333333,216.29629629629628,-197.6,2,4.0,-10.0,10.770329614269007,0.3347566396043814,0.3969860254865351,14.506171287509918,22.686629840536856,refit_recommended,plateau_contrast_rel_0.98,plateau_contrast_rel_0.98,plateau_contrast_rel_0.95_prior,55.0,473.1222535211267,262.8456964006259,-197.6,3,-200.423004305066,-192.17540071096,46.63457036010739,8.94926653684174,32.34509930261867,96.24750183466594,19.896042230960035,41.21786852398743,62.224415760238514,47.08773976456159,67.68358754130125,0.1410515109279226,0.1016307238604709,0.3915172847793045,growth2d_local,growth2d_local,HI,BB86 + 2DCG/joint contrast,HI 100,figures/contrast_joint_refit/hole_100_joint_contrast_refit.png,figures/2dcg_summary/hole_100_2dcg_summary.png
101,101,11.313333333333333,41.55,28.354834323939432,16.850000000000023,-152.3,40.0,120.0,139.0,videos/bb86_hole_101_ppv_flythrough_dark_2dcg.mp4,bb86_hole_101_ppv_flythrough_dark_2dcg.mp4,True,19.0,227.617035762655,75.87234525421833,-152.3,2,8.0,-6.0,10.0,0.1089578994883197,0.2970560894376554,1.978185262527573,12.383833374802334,refit_recommended,plateau_contrast_rel_0.98,plateau_contrast_rel_0.98,plateau_contrast_rel_0.95_prior,-21.0,342.5796681915114,119.902883867029,-152.3,3,-155.061184537483,-146.813580943377,18.45133623807067,1.878104592494432,6.691860241888055,17.20800780171435,70.22842684412274,27.638533419310274,41.099422732218656,24.404222458418715,39.43684692738243,0.3580749518772186,0.4194266538140972,0.5326944198566419,growth2d_local,growth2d_local,HI,BB86 + 2DCG/joint contrast,HI 101,figures/contrast_joint_refit/hole_101_joint_contrast_refit.png,figures/2dcg_summary/hole_101_2dcg_summary.png
102,102,10.925416666666663,41.782777777777774,10.860897441508914,30.816666666666634,-197.6,220.0,320.0,0.0,videos/bb86_hole_102_ppv_flythrough_dark_2dcg.mp4,bb86_hole_102_ppv_flythrough_dark_2dcg.mp4,True,-10.0,320.0,220.00006875002148,-197.6,2,8.0,-6.0,10.0,0.361058297268043,0.4125431687829557,29.324756216887348,36.007574199228415,refit_recommended,plateau_contrast_rel_0.98,plateau_contrast_rel_0.98,plateau_contrast_rel_0.95_prior,-55.0,388.8676056338028,267.3465624190402,-197.6,3,-200.423004305066,-192.17540071096,68.57006243704102,7.50594565951414,27.169103514862364,73.250421354202,13.673280015161112,34.63148783703014,49.82252986475412,35.37079832135974,50.621218238510586,0.2078753205416409,0.191405504530357,0.4581989740641545,growth2d_local,growth2d_local,HI,BB86 + 2DCG/joint contrast,HI 102,figures/contrast_joint_refit/hole_102_joint_contrast_refit.png,figures/2dcg_summary/hole_102_2dcg_summary.png
103,103,10.884166666666664,41.80805555555556,9.000639921250473,32.333333333333485,-214.1,400.0,420.0,90.0,videos/bb86_hole_103_ppv_flythrough_dark_2dcg.mp4,bb86_hole_103_ppv_flythrough_dark_2dcg.mp4,True,-90.0,420.0,400.0,-206.6087070006455,2,12.0,2.0,12.16552506059644,0.3731725081225105,0.4283613436336257,41.94307455984105,51.21677751473742,refit_recommended,plateau_contrast_rel_0.98,plateau_contrast_rel_0.98,plateau_contrast_rel_0.95_prior,-45.0,545.1718309859154,519.2112676056338,-206.6087070006455,2,-208.670607899172,-204.546806102119,52.48618478291235,17.7543903220724,49.84209414217886,32.67624290466605,30.872969064406185,50.36872564162013,72.14018812350021,53.8328123330384,92.05731983226048,0.084754093923484,0.1012371465798056,0.3120745375655672,growth2d_local,growth2d_local,HI,BB86 + 2DCG/joint contrast,HI 103,figures/contrast_joint_refit/hole_103_joint_contrast_refit.png,figures/2dcg_summary/hole_103_2dcg_summary.png
104,104,10.805416666666666,41.85388888888889,5.4492392007570905,35.08333333333354,-243.0,60.0,80.0,0.0,videos/bb86_hole_104_ppv_flythrough_dark_2dcg.mp4,bb86_hole_104_ppv_flythrough_dark_2dcg.mp4,True,-35.0,87.9662079833586,65.97467248118707,-243.0,2,2.0,20.0,20.09975124224178,-0.0600483858897922,0.1271356544464395,-0.9460119765664596,1.6097002887251362,refit_recommended,plateau_contrast_rel_0.98,plateau_contrast_rel_0.98,plateau_contrast_rel_0.95_prior,-30.0,130.57406562487552,89.22563599297501,-243.0,3,-245.784824072649,-237.53722047854305,3.721354357996761,1.0,2.213060732720052,53.196754913174914,95.0038003518261,10.723377688360335,15.300101499513197,10.664453205107558,16.522136780442942,0.9667547460180644,0.7693059363126298,0.7906609128933856,growth2d_local,growth2d_local,HI,BB86 + 2DCG/joint contrast,HI 104,figures/contrast_joint_refit/hole_104_joint_contrast_refit.png,figures/2dcg_summary/hole_104_2dcg_summary.png
105,105,10.857916666666664,41.82888888888889,7.816839681085958,33.58333333333363,-189.4,0.0,100.0,0.0,videos/bb86_hole_105_ppv_flythrough_dark_2dcg.mp4,bb86_hole_105_ppv_flythrough_dark_2dcg.mp4,True,5.0,280.1091163189699,280.1091163189699,-189.4,2,22.0,0.0,22.0,0.0726041485553249,0.4360497697934792,1.8643067614833304,39.91663971584657,refit_recommended,plateau_contrast_rel_0.98,plateau_contrast_rel_0.98,plateau_contrast_rel_0.95_prior,-5.0,357.79008111221657,350.63427948997224,-189.4,3,-192.17540071096,-183.927797116854,55.37595019655259,8.31632225115643,30.17616543364835,44.02706590944843,29.139248184592468,32.58031412392928,45.72405781993403,33.33684728267169,49.355622562057405,0.2293007205444126,0.2311474067203915,0.4683405353586754,growth2d_local,growth2d_local,HI,BB86 + 2DCG/joint contrast,HI 105,figures/contrast_joint_refit/hole_105_joint_contrast_refit.png,figures/2dcg_summary/hole_105_2dcg_summary.png
106,106,10.824166666666663,41.86222222222222,6.2948108008745205,35.58333333333351,-230.6,260.0,440.0,0.0,videos/bb86_hole_106_ppv_flythrough_dark_2dcg.mp4,bb86_hole_106_ppv_flythrough_dark_2dcg.mp4,True,0.0,440.0,259.9999527272813,-223.10391418885752,2,0.0,0.0,0.0,0.725753250529269,0.725753250529269,51.58668746712401,51.58668746712401,keep_base_geometry,plateau_contrast_rel_0.98,plateau_contrast_rel_0.98,plateau_contrast_rel_0.95_prior,75.0,534.6929577464788,315.9548721311243,-223.10391418885752,3,-225.16581508738403,-216.918211493278,62.88892620255762,12.174621542136906,44.05646211410565,20.22892359716457,13.968395634059448,48.10183227429828,68.15658330318374,53.032980772962304,79.33507851382971,0.0926880008631641,0.0778220218346401,0.3332911959761332,growth2d_local,growth2d_local,HI,BB86 + 2DCG/joint contrast,HI 106,figures/contrast_joint_refit/hole_106_joint_contrast_refit.png,figures/2dcg_summary/hole_106_2dcg_summary.png
107,107,11.265,41.60472222222222,26.175138643636583,20.133333333333496,-177.0,200.0,420.0,24.0,videos/bb86_hole_107_ppv_flythrough_dark_2dcg.mp4,bb86_hole_107_ppv_flythrough_dark_2dcg.mp4,True,24.0,420.0,200.0,-177.0,2,0.0,2.0,2.0,0.3667162339036406,0.3704242912983677,41.872376449828174,41.94956426956968,refit_recommended,plateau_contrast_rel_0.98,plateau_contrast_rel_0.98,plateau_contrast_rel_0.95_prior,-86.0,484.3014084507042,248.4927464788732,-177.0,3,-179.803995319801,-171.556391725695,61.799262885396594,8.888778741649116,32.20725036109676,132.68206363079972,36.2164948189046,42.24187333566477,63.14506625880558,58.08498455161556,85.72092389958462,0.1331336480244712,0.0779508750705138,0.3747897215848159,growth2d_local,growth2d_local,HI,BB86 + 2DCG/joint contrast,HI 107,figures/contrast_joint_refit/hole_107_joint_contrast_refit.png,figures/2dcg_summary/hole_107_2dcg_summary.png
108,108,10.955416666666666,41.795,12.21381200169693,31.54999999999987,-193.5,60.0,100.0,0.0,videos/bb86_hole_108_ppv_flythrough_dark_2dcg.mp4,bb86_hole_108_ppv_flythrough_dark_2dcg.mp4,True,-85.0,216.2837024293217,129.77019550355394,-193.5,2,-8.0,18.0,19.697715603592208,0.1529737359041188,0.4259412304260911,2.052612293634291,14.991879623803351,refit_recommended,plateau_contrast_rel_0.98,plateau_contrast_rel_0.98,plateau_contrast_rel_0.95_prior,70.0,316.5662303726072,189.9397002356243,-193.5,3,-196.299202508013,-188.051598913907,25.83942962005408,3.0079604925708203,10.754501666491702,124.21295622315924,108.56431347189978,25.677368493440003,38.635022212555576,28.32953701486607,41.75672594871492,0.4218936976837917,0.3680419783271566,0.5728092698832459,growth2d_local,growth2d_local,HI,BB86 + 2DCG/joint contrast,HI 108,figures/contrast_joint_refit/hole_108_joint_contrast_refit.png,figures/2dcg_summary/hole_108_2dcg_summary.png
109,109,10.933333333333332,41.81194444444444,11.217916561558512,32.56666666666675,-177.0,100.0,180.0,50.0,videos/bb86_hole_109_ppv_flythrough_dark_2dcg.mp4,bb86_hole_109_ppv_flythrough_dark_2dcg.mp4,True,5.0,187.10313194254616,120.40005607585152,-173.6182926242215,2,0.0,0.0,0.0,0.2953208857438723,0.3432344971394848,18.194285946242,27.264257367414288,refit_recommended,plateau_contrast_rel_0.98,plateau_contrast_rel_0.98,plateau_contrast_rel_0.95_prior,0.0,219.62218332523656,141.32592497692204,-173.6182926242215,3,-175.68019352274803,-167.43258992864202,36.41808658540937,2.4160019372344865,8.595216205589635,167.96834024700198,111.26013002533654,19.996518936856983,28.11765953237241,21.98654147304824,32.82357894907101,0.6045098780116159,0.4944864136051276,0.7259576697004535,growth2d_local,growth2d_local,HI,BB86 + 2DCG/joint contrast,HI 109,figures/contrast_joint_refit/hole_109_joint_contrast_refit.png,figures/2dcg_summary/hole_109_2dcg_summary.png
110,110,11.284166666666666,41.61722222222223,27.039500723756685,20.883333333333667,-139.9,140.0,140.0,0.0,videos/bb86_hole_110_ppv_flythrough_dark_2dcg.mp4,bb86_hole_110_ppv_flythrough_dark_2dcg.mp4,True,0.0,155.1467784701341,155.1467784701341,-139.9,2,-4.0,-12.0,12.649110640673518,0.224202274493439,0.3528521804653203,8.795976665002685,18.73021325811518,refit_recommended,plateau_contrast_rel_0.98,plateau_contrast_rel_0.98,plateau_contrast_rel_0.95_prior,10.0,182.11172560142217,178.46949108939373,-139.9,3,-142.689779146324,-134.44217555221798,35.45071477401517,2.60097513484508,9.23527681099345,124.1689678675413,61.85881910278766,16.392126360016306,23.17578772820814,16.700634571516716,23.04891641278194,0.782608882556772,0.7594740328410765,0.8274065103807173,growth2d_local,growth2d_local,HI,BB86 + 2DCG/joint contrast,HI 110,figures/contrast_joint_refit/hole_110_joint_contrast_refit.png,figures/2dcg_summary/hole_110_2dcg_summary.png
111,111,10.802083333333332,41.907777777777774,5.298915360736182,38.31666666666664,-226.5,160.0,160.0,0.0,videos/bb86_hole_111_ppv_flythrough_dark_2dcg.mp4,bb86_hole_111_ppv_flythrough_dark_2dcg.mp4,True,0.0,160.48011180346745,160.48011180346745,-218.98011239180448,2,10.0,14.0,17.204650534085253,0.2301225484784322,0.4188474371736168,3.247030196577011,6.478005235474488,refit_recommended,plateau_contrast_rel_0.98,plateau_contrast_rel_0.98,plateau_contrast_rel_0.95_prior,-5.0,188.37200729156305,184.60456714573172,-218.98011239180448,3,-221.042013290331,-212.79440969622505,8.11019717175586,2.6964067860507144,10.03319540255742,30.71797227504872,57.02666191323676,17.473991273378765,24.32901497049817,17.45914648111612,24.880945731881013,0.7210714050694392,0.6870811192827867,0.7897065065854274,growth2d_local,growth2d_local,HI,BB86 + 2DCG/joint contrast,HI 111,figures/contrast_joint_refit/hole_111_joint_contrast_refit.png,figures/2dcg_summary/hole_111_2dcg_summary.png
112,112,11.008333333333333,41.79472222222222,14.600202962028392,31.53333333333336,-148.2,80.0,300.0,55.0,videos/bb86_hole_112_ppv_flythrough_dark_2dcg.mp4,bb86_hole_112_ppv_flythrough_dark_2dcg.mp4,True,35.0,300.32734895690965,80.0872930551759,-148.2,2,0.0,10.0,10.0,0.340730525025242,0.4359283653176193,26.88380951966988,37.868529533230905,refit_recommended,plateau_contrast_rel_0.98,plateau_contrast_rel_0.98,plateau_contrast_rel_0.95_prior,-30.0,346.3070430859464,154.87620538010376,-148.2,3,-150.93738274043,-142.689779146324,56.01626139942909,2.5590316616238225,9.239105756367533,20.222967060474435,164.20378309622637,31.36787014814184,44.88221667083179,36.85954142947461,58.040195256746735,0.2605171827487401,0.2228549109923167,0.4567572273284438,growth2d_local,growth2d_local,HI,BB86 + 2DCG/joint contrast,HI 112,figures/contrast_joint_refit/hole_112_joint_contrast_refit.png,figures/2dcg_summary/hole_112_2dcg_summary.png
113,113,11.321666666666664,41.6125,28.730643923991625,20.60000000000045,-168.8,100.0,120.0,90.0,videos/bb86_hole_113_ppv_flythrough_dark_2dcg.mp4,bb86_hole_113_ppv_flythrough_dark_2dcg.mp4,True,70.0,193.03766215116423,174.22187398288648,-168.8,2,2.0,20.0,20.09975124224178,0.1297198635500699,0.3875943157226531,3.767151121934676,27.78443335767585,refit_recommended,plateau_contrast_rel_0.98,plateau_contrast_rel_0.98,plateau_contrast_rel_0.95_prior,-50.0,234.5815421183444,211.71638432737245,-168.8,3,-171.556391725695,-163.308788131589,40.23403326947776,3.6056173107915246,12.995715565332144,159.8041381524109,196.9968227405511,20.976904353677043,29.877957780587074,22.164307360692888,32.749648492979986,0.5641991502471294,0.5102932573281385,0.6918909196842297,growth2d_local,growth2d_local,HI,BB86 + 2DCG/joint contrast,HI 113,figures/contrast_joint_refit/hole_113_joint_contrast_refit.png,figures/2dcg_summary/hole_113_2dcg_summary.png
114,114,10.843333333333332,41.89527777777778,7.159172880994624,37.56666666666689,-218.2,600.0,800.0,0.0,videos/bb86_hole_114_ppv_flythrough_dark_2dcg.mp4,bb86_hole_114_ppv_flythrough_dark_2dcg.mp4,True,0.0,800.0,600.0001500000375,-218.2,2,16.0,-12.0,20.0,0.5164252822185733,0.6294280730653211,75.7237001671028,92.67411756514272,refit_recommended,plateau_contrast_rel_0.98,plateau_contrast_rel_0.98,plateau_contrast_rel_0.95_prior,-30.0,1071.5492957746478,803.662172746529,-218.2,3,-221.042013290331,-212.79440969622505,139.3124623258501,51.0328518874773,184.60580602447592,12.105770130239224,45.97507732965094,97.13548869458204,137.54131262696865,91.35761986647024,141.70940777775095,0.0044227084463934,0.0044511000417147,0.167237779633949,growth2d_local,growth2d_local,HI,BB86 + 2DCG/joint contrast,HI 114,figures/contrast_joint_refit/hole_114_joint_contrast_refit.png,figures/2dcg_summary/hole_114_2dcg_summary.png
115,115,11.33625,41.61666666666667,29.38831072408304,20.85000000000022,-177.0,340.0,360.0,90.0,videos/bb86_hole_115_ppv_flythrough_dark_2dcg.mp4,bb86_hole_115_ppv_flythrough_dark_2dcg.mp4,True,-90.0,360.0,339.9998488889561,-177.0,2,2.0,-6.0,6.324555320336759,0.4850450587617572,0.5102756803068941,41.01622309723631,45.69789121846528,refit_recommended,plateau_contrast_rel_0.98,plateau_contrast_rel_0.98,plateau_contrast_rel_0.95_prior,15.0,407.6619718309859,383.50419683256354,-177.0,3,-179.803995319801,-171.556391725695,79.67332256619763,13.01994360981941,47.12483258634029,115.91526453656331,27.209818089348826,38.196556706926174,59.76197196891615,49.048062410023896,71.74747853559894,0.155318728084427,0.1126806570761357,0.4013180015457299,growth2d_local,growth2d_local,HI,BB86 + 2DCG/joint contrast,HI 115,figures/contrast_joint_refit/hole_115_joint_contrast_refit.png,figures/2dcg_summary/hole_115_2dcg_summary.png
116,116,11.29208333333333,41.65055555555556,27.396519843806203,22.883333333333557,-127.5,160.0,180.0,90.0,videos/bb86_hole_116_ppv_flythrough_dark_2dcg.mp4,bb86_hole_116_ppv_flythrough_dark_2dcg.mp4,True,-90.0,176.45828853967348,156.8518120352653,-127.5,2,2.0,0.0,2.0,0.4106910953875676,0.4092768504289649,34.24191102790634,33.47275544270571,refit_recommended,plateau_contrast_rel_0.98,plateau_contrast_rel_0.98,plateau_contrast_rel_0.95_prior,-45.0,214.4341004958173,190.60808932961527,-127.5,3,-130.318373755165,-122.070770161059,63.09012273610478,2.9560446777577005,10.62007476885768,161.32775931807578,343.45114558913264,19.37028125658908,27.681149176491875,20.17679489986421,29.56434945632633,0.6130207316668108,0.5632743976443139,0.7169502840888207,growth2d_local,growth2d_local,HI,BB86 + 2DCG/joint contrast,HI 116,figures/contrast_joint_refit/hole_116_joint_contrast_refit.png,figures/2dcg_summary/hole_116_2dcg_summary.png
117,117,11.347916666666666,41.62472222222223,29.914444164156137,21.333333333333684,-123.4,60.0,180.0,129.0,videos/bb86_hole_117_ppv_flythrough_dark_2dcg.mp4,bb86_hole_117_ppv_flythrough_dark_2dcg.mp4,True,-61.0,219.03766215116423,73.01255405038808,-123.4,2,20.0,-8.0,21.54065922853801,0.2008373596168569,0.4447085682769247,4.8153175716488,19.35930832187616,refit_recommended,plateau_contrast_rel_0.98,plateau_contrast_rel_0.98,plateau_contrast_rel_0.95_prior,-66.0,220.82698389831452,104.279409063093,-123.4,3,-126.194571958112,-117.946968364006,29.108576654015256,1.6915033140182063,6.181273142764613,20.65964045171895,19.42534426106335,20.22361806337557,27.813819805567647,29.173896881856777,42.69905391827028,0.6305231674887617,0.3237053514758987,0.6799837037660542,growth2d_local,growth2d_local,HI,BB86 + 2DCG/joint contrast,HI 117,figures/contrast_joint_refit/hole_117_joint_contrast_refit.png,figures/2dcg_summary/hole_117_2dcg_summary.png
118,118,11.053333333333333,41.84444444444445,16.629574802310337,34.516666666667106,-127.5,80.0,160.0,0.0,videos/bb86_hole_118_ppv_flythrough_dark_2dcg.mp4,bb86_hole_118_ppv_flythrough_dark_2dcg.mp4,True,-5.0,220.3491722207036,110.1745861103518,-124.1326710595855,2,-2.0,2.0,2.8284271247461903,0.1873842421202269,0.2783914734244073,10.023480755619447,24.42444059216817,refit_recommended,plateau_contrast_rel_0.98,plateau_contrast_rel_0.98,plateau_contrast_rel_0.95_prior,45.0,276.8951147257912,138.4475573628956,-124.1326710595855,3,-130.318373755165,-122.070770161059,36.26485708349809,2.621660674264792,9.480872019078516,235.84542450739744,28.999913231919688,24.70985528071648,35.30112404780364,25.799358380543755,39.40128225372321,0.4362503624388615,0.3938989047504724,0.6058687201957379,growth2d_local,growth2d_local,HI,BB86 + 2DCG/joint contrast,HI 118,figures/contrast_joint_refit/hole_118_joint_contrast_refit.png,figures/2dcg_summary/hole_118_2dcg_summary.png
119,119,11.075833333333332,41.84,17.644260722451346,34.2500000000004,-123.4,60.0,100.0,0.0,videos/bb86_hole_119_ppv_flythrough_dark_2dcg.mp4,bb86_hole_119_ppv_flythrough_dark_2dcg.mp4,True,-55.0,224.2618791655277,134.5571005878965,-115.8850674654795,2,6.0,2.0,6.324555320336759,0.2820520350318414,0.6028395072569968,3.211656813292236,30.41454352691541,refit_recommended,plateau_contrast_rel_0.98,plateau_contrast_rel_0.98,plateau_contrast_rel_0.95_prior,-70.0,277.1687309404938,166.30120530405517,-115.8850674654795,2,-117.946968364006,-113.823166566953,41.73337272831304,3.235638505888474,11.727726211751907,138.76027444785026,43.11144958966213,25.12636211947687,35.44477134341055,27.39134760034756,37.15617984526853,0.4222940987662194,0.3573468773352738,0.6027216488823015,growth2d_local,growth2d_local,HI,BB86 + 2DCG/joint contrast,HI 119,figures/contrast_joint_refit/hole_119_joint_contrast_refit.png,figures/2dcg_summary/hole_119_2dcg_summary.png
120,120,10.91125,41.969722222222224,10.222021121420171,42.033333333333616,-214.1,440.0,540.0,48.0,videos/bb86_hole_120_ppv_flythrough_dark_2dcg.mp4,bb86_hole_120_ppv_flythrough_dark_2dcg.mp4,True,48.0,540.0,439.9999022222439,-210.73250879769853,2,10.0,-16.0,18.867962264113206,0.4342806876909689,0.5709825269856104,34.707139809293615,56.40775603092258,refit_recommended,plateau_contrast_rel_0.98,plateau_contrast_rel_0.98,plateau_contrast_rel_0.95_prior,23.0,689.7549295774647,562.0224103173986,-210.73250879769853,3,-216.918211493278,-208.670607899172,84.54084084203022,25.264940166659283,91.52732033798463,25.279557929476383,20.2620655290123,63.16736037364078,92.3020318823542,66.09382593713828,110.88633703212936,0.0503057534704097,0.0484933969976273,0.2549181299523983,growth2d_local,growth2d_local,HI,BB86 + 2DCG/joint contrast,HI 120,figures/contrast_joint_refit/hole_120_joint_contrast_refit.png,figures/2dcg_summary/hole_120_2dcg_summary.png
121,121,11.341666666666663,41.72055555555556,29.632586964116918,27.08333333333357,-115.2,140.0,280.0,0.0,videos/bb86_hole_121_ppv_flythrough_dark_2dcg.mp4,bb86_hole_121_ppv_flythrough_dark_2dcg.mp4,True,5.0,304.30552569311567,152.15276284655783,-115.2,2,0.0,0.0,0.0,0.2678932011684725,0.2873674395398537,17.320762089378928,21.539533356349928,refit_recommended,plateau_contrast_rel_0.98,plateau_contrast_rel_0.98,plateau_contrast_rel_0.95_prior,-75.0,357.194683257243,187.52720871005252,-115.2,3,-117.946968364006,-109.6993647699,39.05692717426136,4.908467222830362,17.746788826182843,81.62719517077102,65.18269691418507,33.17285282814524,47.13385872913956,34.153430978062296,56.904575062939976,0.2323902527193306,0.204746096755323,0.4699135647651373,growth2d_local,growth2d_local,HI,BB86 + 2DCG/joint contrast,HI 121,figures/contrast_joint_refit/hole_121_joint_contrast_refit.png,figures/2dcg_summary/hole_121_2dcg_summary.png
122,122,11.091666666666663,41.88527777777778,18.358298962550464,36.96666666666701,-139.9,180.0,200.0,90.0,videos/bb86_hole_122_ppv_flythrough_dark_2dcg.mp4,bb86_hole_122_ppv_flythrough_dark_2dcg.mp4,True,40.0,205.08130867875215,184.5731962681966,-139.9,2,0.0,-2.0,2.0,0.4691805785848587,0.5079224790362347,25.8777740399284,31.0379823637632,refit_recommended,plateau_contrast_rel_0.98,plateau_contrast_rel_0.98,plateau_contrast_rel_0.95_prior,0.0,257.70921634251084,231.9383179020916,-139.9,3,-142.689779146324,-134.44217555221798,55.36368663461805,4.033768579123405,14.45995051402058,18.974396894347265,191.06180744204207,23.67387968316654,34.03140472613282,24.309588493974623,34.89151853257003,0.4601773784125453,0.4289764655206994,0.612090837053086,growth2d_local,growth2d_local,HI,BB86 + 2DCG/joint contrast,HI 122,figures/contrast_joint_refit/hole_122_joint_contrast_refit.png,figures/2dcg_summary/hole_122_2dcg_summary.png
123,123,11.382916666666665,41.72,31.49284448437536,27.050000000000125,-115.2,220.0,300.0,0.0,videos/bb86_hole_123_ppv_flythrough_dark_2dcg.mp4,bb86_hole_123_ppv_flythrough_dark_2dcg.mp4,True,-50.0,300.32734895690965,220.24011463243096,-115.2,2,14.0,16.0,21.2602916254693,0.1073434111657193,0.254788842267405,8.778550126831098,22.0666361992046,refit_recommended,plateau_contrast_rel_0.98,plateau_contrast_rel_0.98,plateau_contrast_rel_0.95_prior,-20.0,408.48749420801073,299.5575756345613,-115.2,3,-117.946968364006,-109.6993647699,33.36064037143893,7.065360903623341,25.379211425352025,23.26166577908212,97.7807965143768,34.64615944259252,55.085011932908735,34.18094766122271,61.24124522329095,0.2070746331678227,0.1797420054335863,0.4345911335622163,growth2d_local,growth2d_local,HI,BB86 + 2DCG/joint contrast,HI 123,figures/contrast_joint_refit/hole_123_joint_contrast_refit.png,figures/2dcg_summary/hole_123_2dcg_summary.png
124,124,10.994166666666665,41.95277777777778,13.961326641939651,41.01666666666716,-168.8,140.0,180.0,0.0,videos/bb86_hole_124_ppv_flythrough_dark_2dcg.mp4,bb86_hole_124_ppv_flythrough_dark_2dcg.mp4,True,55.0,176.45828853967348,137.24536602982738,-168.8,2,8.0,-2.0,8.246211251235321,0.3031871095194454,0.3796474332073549,9.497459576885111,11.05491158764797,refit_recommended,plateau_contrast_rel_0.98,plateau_contrast_rel_0.98,plateau_contrast_rel_0.95_prior,-70.0,196.16693963994967,152.574320292032,-168.8,2,-171.556391725695,-167.43258992864202,13.631361745473257,2.601634972921816,9.105762916793758,3.1518573535270984,86.38331279237471,17.396288521743394,25.721696991235785,19.507784526553525,28.707320046453784,0.6868226321870361,0.5741753864172925,0.7807302990919263,growth2d_local,growth2d_local,HI,BB86 + 2DCG/joint contrast,HI 124,figures/contrast_joint_refit/hole_124_joint_contrast_refit.png,figures/2dcg_summary/hole_124_2dcg_summary.png
125,125,10.949166666666668,41.99027777777778,11.931954801657788,43.26666666666682,-210.0,200.0,340.0,57.0,videos/bb86_hole_125_ppv_flythrough_dark_2dcg.mp4,bb86_hole_125_ppv_flythrough_dark_2dcg.mp4,True,57.0,340.0,200.0,-210.73250879769853,2,-12.0,10.0,15.620499351813308,0.3624529348054831,0.4706114844906685,10.543571293581609,12.89236505252829,refit_recommended,plateau_contrast_rel_0.98,plateau_contrast_rel_0.98,plateau_contrast_rel_0.95_prior,-53.0,420.2112676056338,247.1830985915493,-210.73250879769853,3,-216.918211493278,-208.670607899172,17.9534226428997,7.267059377798261,26.266053658860525,42.7264045695,83.37458367217208,38.30107885816483,57.596397509302506,42.10026760144021,69.7231997974939,0.164402115187819,0.1730227246608141,0.408730550028602,growth2d_local,growth2d_local,HI,BB86 + 2DCG/joint contrast,HI 125,figures/contrast_joint_refit/hole_125_joint_contrast_refit.png,figures/2dcg_summary/hole_125_2dcg_summary.png
126,126,11.132916666666665,41.89333333333333,20.218556482808985,37.450000000000045,-98.7,120.0,240.0,119.0,videos/bb86_hole_126_ppv_flythrough_dark_2dcg.mp4,bb86_hole_126_ppv_flythrough_dark_2dcg.mp4,True,-61.0,245.03766215116423,122.51883107558211,-91.14225668316148,2,2.0,0.0,2.0,0.6678420041936505,0.6838076981711398,13.666957477809143,14.38102227402283,refit_recommended,plateau_contrast_rel_0.98,plateau_contrast_rel_0.98,plateau_contrast_rel_0.95_prior,34.0,282.55258310303964,148.34010612909577,-91.14225668316148,2,-93.204157581688,-89.080355784635,22.29315916558,3.13852119536758,11.58036955638521,6.903151220625036,45.19332013743894,25.33258228265489,35.1301806273001,28.83953700732121,43.01816064976214,0.4297833234297637,0.3232291866885158,0.6146916736384868,growth2d_local,growth2d_local,HI,BB86 + 2DCG/joint contrast,HI 126,figures/contrast_joint_refit/hole_126_joint_contrast_refit.png,figures/2dcg_summary/hole_126_2dcg_summary.png
127,127,11.424166666666666,41.7275,33.35310200463388,27.500000000000146,-144.0,200.0,400.0,0.0,videos/bb86_hole_127_ppv_flythrough_dark_2dcg.mp4,bb86_hole_127_ppv_flythrough_dark_2dcg.mp4,True,15.0,400.0,200.0,-144.0,2,2.0,-20.0,20.09975124224178,0.3768144591439714,0.456561418757909,31.163489814306807,43.22727732901445,refit_recommended,plateau_contrast_rel_0.98,plateau_contrast_rel_0.98,plateau_contrast_rel_0.95_prior,-70.0,486.0845070422534,243.0422535211267,-144.0,3,-146.813580943377,-138.565977349271,57.833445759178986,8.51955997415209,30.841564147279605,65.25416976759459,130.85802697901798,41.425307857817145,61.61029876117989,45.408962782983046,71.22531441888265,0.1431875625471269,0.1187545879510391,0.3989440044216111,growth2d_local,growth2d_local,HI,BB86 + 2DCG/joint contrast,HI 127,figures/contrast_joint_refit/hole_127_joint_contrast_refit.png,figures/2dcg_summary/hole_127_2dcg_summary.png
128,128,11.155833333333332,41.91388888888888,21.25203288295259,38.68333333333325,-82.2,60.0,100.0,0.0,videos/bb86_hole_128_ppv_flythrough_dark_2dcg.mp4,bb86_hole_128_ppv_flythrough_dark_2dcg.mp4,True,0.0,248.1964093741458,148.9178158409243,-82.2,2,-2.0,0.0,2.0,0.0560979682000414,0.3370226010453529,0.605355671045496,12.618597808910597,refit_recommended,plateau_contrast_rel_0.98,plateau_contrast_rel_0.98,plateau_contrast_rel_0.95_prior,-85.0,248.19640937414576,148.9178158409243,-82.2,3,-84.95655398758201,-76.708950393476,20.194657068930507,3.950855149858393,14.188474485713414,41.78993825660446,25.762474128944323,41.081889792741926,52.96238757465698,43.89624975880251,53.75819268966308,0.0945538832966872,0.1160437818600088,,prior_fixed,prior_fixed,HI,BB86 + 2DCG/joint contrast,HI 128,figures/contrast_joint_refit/hole_128_joint_contrast_refit.png,figures/2dcg_summary/hole_128_2dcg_summary.png
129,129,11.394583333333332,41.77361111111111,32.01897792444846,30.26666666666671,-82.2,60.0,180.0,49.0,videos/bb86_hole_129_ppv_flythrough_dark_2dcg.mp4,bb86_hole_129_ppv_flythrough_dark_2dcg.mp4,True,49.0,219.03766215116423,73.01255405038808,-82.2,2,-4.0,-2.0,4.47213595499958,0.2142808329111575,0.2829723221844684,6.505009418537341,11.858602479117732,refit_recommended,plateau_contrast_rel_0.98,plateau_contrast_rel_0.98,plateau_contrast_rel_0.95_prior,14.0,297.9220709005342,104.27272481518696,-82.2,3,-84.95655398758201,-76.708950393476,21.55322670974528,1.7293019964663447,6.131117983684194,50.84540943000931,53.74262221864577,23.95087001162631,39.305929646012586,26.891306809014548,39.07154813857706,0.449550466063087,0.3759432202280486,0.5890824187192312,growth2d_local,growth2d_local,HI,BB86 + 2DCG/joint contrast,HI 129,figures/contrast_joint_refit/hole_129_joint_contrast_refit.png,figures/2dcg_summary/hole_129_2dcg_summary.png
130,130,11.234583333333331,41.896388888888886,24.80343360344597,37.63333333333336,-69.8,660.0,680.0,90.0,videos/bb86_hole_130_ppv_flythrough_dark_2dcg.mp4,bb86_hole_130_ppv_flythrough_dark_2dcg.mp4,True,-90.0,680.0,660.0000194117653,-69.8,2,20.0,6.0,20.8806130178211,0.2819673788022658,0.3765713335603546,96.2279632261166,130.16681327238538,refit_recommended,plateau_contrast_rel_0.98,plateau_contrast_rel_0.98,plateau_contrast_rel_0.95_prior,-70.0,953.0535211267604,925.0225624178134,-69.8,3,-72.585148596423,-64.337545002317,144.23782872353323,47.89845162366371,132.98906857755904,104.22076553033637,2.3252710649110213,89.37631737091517,126.69058474441682,85.83448057720294,139.34600801784072,0.0081001068560022,0.0089651508495297,0.1787153592711099,growth2d_local,growth2d_local,HI,BB86 + 2DCG/joint contrast,HI 130,figures/contrast_joint_refit/hole_130_joint_contrast_refit.png,figures/2dcg_summary/hole_130_2dcg_summary.png
131,131,11.009999999999998,42.04361111111111,14.675364882038846,46.466666666666896,-197.6,80.0,120.0,90.0,videos/bb86_hole_131_ppv_flythrough_dark_2dcg.mp4,bb86_hole_131_ppv_flythrough_dark_2dcg.mp4,True,-85.0,227.617035762655,151.74469050843666,-190.1134998124335,2,-4.0,0.0,4.0,0.1904998337921153,0.3700866676491648,2.8470365897887477,15.79308864825147,refit_recommended,plateau_contrast_rel_0.98,plateau_contrast_rel_0.98,plateau_contrast_rel_0.95_prior,80.0,342.5796681915114,228.38644546100764,-190.1134998124335,2,-192.17540071096,-188.051598913907,21.685392831046908,3.644094686918834,13.450409533308065,3.709530348918901,10.600314526833335,26.54024369805326,40.64349738140926,29.91790669775945,44.42461385884295,0.3768591035748463,0.3235169472099963,0.5395687127134021,growth2d_local,growth2d_local,HI,BB86 + 2DCG/joint contrast,HI 131,figures/contrast_joint_refit/hole_131_joint_contrast_refit.png,figures/2dcg_summary/hole_131_2dcg_summary.png
132,132,11.342916666666664,41.84944444444445,29.688958404124698,34.81666666666683,-61.6,460.0,480.0,90.0,videos/bb86_hole_132_ppv_flythrough_dark_2dcg.mp4,bb86_hole_132_ppv_flythrough_dark_2dcg.mp4,True,-90.0,480.0,460.0001150000288,-54.0280405096845,2,0.0,0.0,0.0,0.491048790910448,0.491048790910448,27.887101228890696,27.887101228890696,keep_base_geometry,plateau_contrast_rel_0.98,plateau_contrast_rel_0.98,plateau_contrast_rel_0.95_prior,15.0,593.2394366197184,568.5212688908807,-54.0280405096845,2,-56.08994140821101,-51.966139611158,32.96012751126028,23.38697323913803,84.82079793122766,9.091677136399158,10.44109913907282,53.95503391390364,76.78942917276589,55.715781543230186,76.20747362533652,0.0732574887977523,0.0604096600762061,0.3021160797948978,growth2d_local,growth2d_local,HI,BB86 + 2DCG/joint contrast,HI 132,figures/contrast_joint_refit/hole_132_joint_contrast_refit.png,figures/2dcg_summary/hole_132_2dcg_summary.png
133,133,11.11875,41.99277777777778,19.579680162720244,43.41666666666711,-148.2,160.0,240.0,98.0,videos/bb86_hole_133_ppv_flythrough_dark_2dcg.mp4,bb86_hole_133_ppv_flythrough_dark_2dcg.mp4,True,-47.0,270.32734895690965,180.21823263793976,-140.6278782477975,2,-6.0,6.0,8.48528137423857,0.3280772185993637,0.4455390941826013,17.27321997390161,31.331172179079484,refit_recommended,plateau_contrast_rel_0.98,plateau_contrast_rel_0.98,plateau_contrast_rel_0.95_prior,78.0,328.50484039439664,219.0032269295978,-140.6278782477975,3,-142.689779146324,-134.44217555221798,51.751917933093125,5.2248016787292615,18.8980724926442,18.06725282130984,32.09573489874683,27.82725665470522,41.50847934086202,28.47123942512865,40.20972414383189,0.3489599483156904,0.3226407948420799,0.5618886639816446,growth2d_local,growth2d_local,HI,BB86 + 2DCG/joint contrast,HI 133,figures/contrast_joint_refit/hole_133_joint_contrast_refit.png,figures/2dcg_summary/hole_133_2dcg_summary.png
134,134,11.365416666666665,41.84916666666667,30.703644324265703,34.800000000000324,-69.8,20.0,120.0,47.0,videos/bb86_hole_134_ppv_flythrough_dark_2dcg.mp4,bb86_hole_134_ppv_flythrough_dark_2dcg.mp4,True,37.0,262.1964093741458,43.69940156235763,-62.275644103790505,2,0.0,0.0,0.0,0.074143847312315,0.2245282543467937,1.8306323091513108,9.31014075119137,refit_recommended,plateau_contrast_rel_0.98,plateau_contrast_rel_0.98,plateau_contrast_rel_0.95_prior,17.0,345.76689872818685,125.8207325927569,-62.275644103790505,2,-64.337545002317,-60.21374320526401,10.87631486274852,1.1714030906140254,4.436946974610374,35.656663559319185,16.64097247566443,29.67325180689719,48.551567252225226,32.78044302789295,50.81998026478174,0.2765479535159591,0.2830719684120381,0.4780502494767306,growth2d_local,growth2d_local,HI,BB86 + 2DCG/joint contrast,HI 134,figures/contrast_joint_refit/hole_134_joint_contrast_refit.png,figures/2dcg_summary/hole_134_2dcg_summary.png
135,135,11.444166666666664,41.81861111111112,34.255045044759086,32.96666666666724,-82.2,0.0,200.0,168.0,videos/bb86_hole_135_ppv_flythrough_dark_2dcg.mp4,bb86_hole_135_ppv_flythrough_dark_2dcg.mp4,True,73.0,205.08130867875215,205.08130867875215,-91.14225668316148,2,-4.0,12.0,12.649110640673518,0.1504078566809035,0.387969307581533,1.8660255718725216,16.189046786216718,refit_recommended,plateau_contrast_rel_0.98,plateau_contrast_rel_0.98,plateau_contrast_rel_0.95_prior,-37.0,274.6934148640751,269.1995465667936,-91.14225668316148,3,-93.204157581688,-84.95655398758201,23.128461548931465,4.424173111490713,16.27171885103763,49.17824959830566,19.184728855736324,23.96241873950612,34.76115591651466,24.68003794921132,36.94225560490744,0.459879697458733,0.4541238451012886,0.6042132363215696,growth2d_local,growth2d_local,HI,BB86 + 2DCG/joint contrast,HI 135,figures/contrast_joint_refit/hole_135_joint_contrast_refit.png,figures/2dcg_summary/hole_135_2dcg_summary.png
136,136,11.081249999999995,42.05138888888889,17.888536962485222,46.93333333333342,-185.3,220.0,320.0,49.0,videos/bb86_hole_136_ppv_flythrough_dark_2dcg.mp4,bb86_hole_136_ppv_flythrough_dark_2dcg.mp4,True,49.0,320.0,220.00006875002148,-181.86589621832752,2,12.0,14.0,18.43908891458577,0.3277771355381665,0.4206449123460944,22.83750185645448,31.20676441768004,refit_recommended,plateau_contrast_rel_0.98,plateau_contrast_rel_0.98,plateau_contrast_rel_0.95_prior,-61.0,455.12112676056336,312.8958724278474,-181.86589621832752,3,-188.051598913907,-179.803995319801,51.26880182692145,7.546609619637258,27.247255235488897,75.46000937341887,98.32403383832164,36.87982104061394,56.294142467320754,34.38830430185467,59.33357336746595,0.1964197562582062,0.1979732579677131,0.4306336013665505,growth2d_local,growth2d_local,HI,BB86 + 2DCG/joint contrast,HI 136,figures/contrast_joint_refit/hole_136_joint_contrast_refit.png,figures/2dcg_summary/hole_136_2dcg_summary.png
137,137,11.355,41.895,30.23388232420047,37.54999999999996,-57.5,0.0,80.0,0.0,videos/bb86_hole_137_ppv_flythrough_dark_2dcg.mp4,bb86_hole_137_ppv_flythrough_dark_2dcg.mp4,True,-55.0,146.45828853967348,73.22914426983674,-57.5,2,2.0,2.0,2.8284271247461903,0.056516858857385,0.1629879492641103,1.548890665708272,6.537782420042881,refit_recommended,plateau_contrast_rel_0.98,plateau_contrast_rel_0.98,plateau_contrast_rel_0.95_prior,-50.0,171.91315164642796,85.95657582321398,-57.5,2,-60.21374320526401,-56.08994140821101,8.032479416871082,1.0967491646229433,4.157091863169302,17.63818472007424,101.36341062188,15.656907241404454,23.05279530649444,18.511647822171906,29.89886339975321,0.7694922993623666,0.6230038462455484,0.8131414036290592,growth2d_local,growth2d_local,HI,BB86 + 2DCG/joint contrast,HI 137,figures/contrast_joint_refit/hole_137_joint_contrast_refit.png,figures/2dcg_summary/hole_137_2dcg_summary.png
138,138,11.415,41.88555555555556,32.93971144457642,36.98333333333352,-74.0,160.0,200.0,0.0,videos/bb86_hole_138_ppv_flythrough_dark_2dcg.mp4,bb86_hole_138_ppv_flythrough_dark_2dcg.mp4,True,-30.0,205.08130867875215,164.06504694300173,-74.0,2,-2.0,-6.0,6.324555320336759,0.2278640080245611,0.2516583523446437,22.47980837682961,27.023627926432816,refit_recommended,plateau_contrast_rel_0.98,plateau_contrast_rel_0.98,plateau_contrast_rel_0.95_prior,-60.0,227.98686892977327,182.3894951438187,-74.0,3,-76.708950393476,-68.46134679937,45.59389692033502,3.581155996158254,12.937868574920923,35.49040875014046,283.54974407281946,21.11523185238777,31.299396999773617,22.45868576901092,33.69066347160498,0.5213729955053733,0.4900968950017149,0.6710503157284011,growth2d_local,growth2d_local,HI,BB86 + 2DCG/joint contrast,HI 138,figures/contrast_joint_refit/hole_138_joint_contrast_refit.png,figures/2dcg_summary/hole_138_2dcg_summary.png
139,139,11.352083333333333,41.95305555555556,30.10234896418216,41.03333333333367,-61.6,220.0,400.0,0.0,videos/bb86_hole_139_ppv_flythrough_dark_2dcg.mp4,bb86_hole_139_ppv_flythrough_dark_2dcg.mp4,True,0.0,400.0,219.99997800000224,-61.6,2,-12.0,-6.0,13.41640786499874,0.2666093884290582,0.2979166660765264,23.44581312000309,28.7359392399132,refit_recommended,plateau_contrast_rel_0.98,plateau_contrast_rel_0.98,plateau_contrast_rel_0.95_prior,45.0,477.8028169014084,262.7915230166224,-61.6,3,-64.337545002317,-56.08994140821101,41.83816038685989,9.31079199423415,33.86283541990765,21.509930929214004,39.04558687004862,42.35839683604861,60.01018443087998,46.4256858880976,71.04008281255561,0.1332346086371339,0.1188717925696644,0.3915304828682208,growth2d_local,growth2d_local,HI,BB86 + 2DCG/joint contrast,HI 139,figures/contrast_joint_refit/hole_139_joint_contrast_refit.png,figures/2dcg_summary/hole_139_2dcg_summary.png
140,140,11.277083333333332,42.007777777777775,26.72006256371228,44.31666666666672,-61.6,80.0,160.0,0.0,videos/bb86_hole_140_ppv_flythrough_dark_2dcg.mp4,bb86_hole_140_ppv_flythrough_dark_2dcg.mp4,True,15.0,190.41464201208552,95.20732100604276,-61.6,2,-12.0,14.0,18.43908891458577,0.0743180630033208,0.2570683702056611,2.307124972476125,11.152413581092064,refit_recommended,plateau_contrast_rel_0.98,plateau_contrast_rel_0.98,plateau_contrast_rel_0.95_prior,15.0,247.16356912441967,123.58178456220986,-61.6,2,-64.337545002317,-60.21374320526401,14.143414466711016,1.89583060112824,6.908030448099575,3.533993366280852,119.35987077765652,22.131605429128616,30.71229442085696,24.68448906947188,37.45333377480869,0.5442185527125142,0.4725237963831104,0.6675439494569533,growth2d_local,growth2d_local,HI,BB86 + 2DCG/joint contrast,HI 140,figures/contrast_joint_refit/hole_140_joint_contrast_refit.png,figures/2dcg_summary/hole_140_2dcg_summary.png
141,141,11.35625,41.99444444444445,30.29025376420833,43.51666666666702,-57.5,100.0,260.0,126.0,videos/bb86_hole_141_ppv_flythrough_dark_2dcg.mp4,bb86_hole_141_ppv_flythrough_dark_2dcg.mp4,True,76.0,267.01583888737025,130.408819063061,-49.9042387126315,2,8.0,-8.0,11.31370849898476,0.2233541238867254,0.3268809672817281,6.996031270627806,13.591767494047936,refit_recommended,plateau_contrast_rel_0.98,plateau_contrast_rel_0.98,plateau_contrast_rel_0.95_prior,41.0,302.3672316414728,156.9880947061241,-49.9042387126315,2,-51.966139611158,-47.84233781410501,16.589689299673243,3.756336555133972,13.48933923727182,22.65606279580499,20.08177893065044,27.350478286775378,38.18906983687572,33.67449402304873,51.947876384911865,0.3495848920800864,0.2614648226313577,0.560375735179698,growth2d_local,growth2d_local,HI,BB86 + 2DCG/joint contrast,HI 141,figures/contrast_joint_refit/hole_141_joint_contrast_refit.png,figures/2dcg_summary/hole_141_2dcg_summary.png
