object_uid,tracer,source_catalog,display_label,candidate_id,ra_deg,dec_deg,x_arcmin,y_arcmin,major_arcsec,minor_arcsec,pa_deg,v_center_kms,Maj_pc,Min_pc,PA_astro_deg,v9_final_score,v9_reject_reason,marker_size,validation_png,notes
Koch25_new_HI_candidate_0018,Koch25 new HI candidate,2DCGSeed v9 clean candidates,Koch25 H I cand. 0018,18,11.093016540375544,41.39180825260956,18.41365629372489,7.383495156573616,89.6804347826087,85.19641304347826,85.0,-227.2277159859105,300.0,285.0,85.0,0.9454408735891768,ok,11.0,figures/new_hi_candidates_v9/new_candidate_0018_v9_pv_diagnostic.png,Accepted v9 clean new H I-hole candidate.
Koch25_new_HI_candidate_0006,Koch25 new HI candidate,2DCGSeed v9 clean candidates,Koch25 H I cand. 0006,6,11.125138666790564,41.35085662100794,19.862281956253128,4.926397260476705,65.76565217391304,59.18908695652174,-45.0,-227.2277159859105,220.0,198.0,-45.0,0.93487131335549,ok,11.0,figures/new_hi_candidates_v9/new_candidate_0006_v9_pv_diagnostic.png,Accepted v9 clean new H I-hole candidate.
Koch25_new_HI_candidate_0129,Koch25 new HI candidate,2DCGSeed v9 clean candidates,Koch25 H I cand. 0129,129,10.755668923932278,41.02403299346727,3.200142466572409,-14.683020391963453,89.6804347826087,80.71239130434783,15.0,-359.1893734916065,300.0,270.0,15.0,0.9137233095218588,ok,11.0,figures/new_hi_candidates_v9/new_candidate_0129_v9_pv_diagnostic.png,Accepted v9 clean new H I-hole candidate.
Koch25_new_HI_candidate_0138,Koch25 new HI candidate,2DCGSeed v9 clean candidates,Koch25 H I cand. 0138,138,10.238621381679517,41.25555525091632,-20.117377948398424,-0.7916849450204211,95.36019565217391,85.82417608695653,-40.0,-342.6941663033945,319.0,287.1,-40.0,0.9118822068326246,ok,11.0,figures/new_hi_candidates_v9/new_candidate_0138_v9_pv_diagnostic.png,Accepted v9 clean new H I-hole candidate.
Koch25_new_HI_candidate_0212,Koch25 new HI candidate,2DCGSeed v9 clean candidates,Koch25 H I cand. 0212,212,10.827809417271736,41.686054645874286,6.453494022717207,25.03827875245733,95.36019565217391,85.82417608695653,-75.0,-202.4849052035925,319.0,287.1,-75.0,0.9001374263735133,ok,11.0,figures/new_hi_candidates_v9/new_candidate_0212_v9_pv_diagnostic.png,Accepted v9 clean new H I-hole candidate.
Koch25_new_HI_candidate_0023,Koch25 new HI candidate,2DCGSeed v9 clean candidates,Koch25 H I cand. 0023,23,10.355282770420954,41.2024742113697,-14.856247991634191,-3.976547317817989,65.76565217391304,59.18908695652174,45.0,-412.7987968532954,220.0,198.0,45.0,0.8978705644836191,ok,11.0,figures/new_hi_candidates_v9/new_candidate_0023_v9_pv_diagnostic.png,Accepted v9 clean new H I-hole candidate.
Koch25_new_HI_candidate_0096,Koch25 new HI candidate,2DCGSeed v9 clean candidates,Koch25 H I cand. 0096,96,11.241804718269677,41.51369125786225,25.123622190549007,14.696475471735084,89.6804347826087,85.19641304347826,-85.0,-165.3706890301155,300.0,285.0,-85.0,0.8950962974638432,ok,11.0,figures/new_hi_candidates_v9/new_candidate_0096_v9_pv_diagnostic.png,Accepted v9 clean new H I-hole candidate.
Koch25_new_HI_candidate_0147,Koch25 new HI candidate,2DCGSeed v9 clean candidates,Koch25 H I cand. 0147,147,10.755910197129175,41.07694991591135,3.2110232700469217,-11.508005045318868,95.36019565217391,85.82417608695653,-65.0,-334.4465627092885,319.0,287.1,-65.0,0.8929714615827952,ok,11.0,figures/new_hi_candidates_v9/new_candidate_0147_v9_pv_diagnostic.png,Accepted v9 clean new H I-hole candidate.
Koch25_new_HI_candidate_0087,Koch25 new HI candidate,2DCGSeed v9 clean candidates,Koch25 H I cand. 0087,87,10.72088636169209,41.04543822097156,1.631537959553776,-13.398706741706121,89.6804347826087,85.19641304347826,75.0,-367.4369770857125,300.0,285.0,75.0,0.8915108331058258,ok,11.0,figures/new_hi_candidates_v9/new_candidate_0087_v9_pv_diagnostic.png,Accepted v9 clean new H I-hole candidate.
Koch25_new_HI_candidate_0312,Koch25 new HI candidate,2DCGSeed v9 clean candidates,Koch25 H I cand. 0312,312,10.705598683896874,41.61613914863975,0.9421028303694894,20.843348918385374,125.55260869565218,125.55260869565218,-90.0,-231.3515177829635,420.0,420.0,-90.0,0.8909835956332706,ok,11.0,figures/new_hi_candidates_v9/new_candidate_0312_v9_pv_diagnostic.png,Accepted v9 clean new H I-hole candidate.
Koch25_new_HI_candidate_0029,Koch25 new HI candidate,2DCGSeed v9 clean candidates,Koch25 H I cand. 0029,29,10.041545363122705,40.493331778274815,-29.00500183299894,-46.52509330351094,78.91878260869565,78.91878260869565,-45.0,-536.5128507648855,264.0,264.0,-45.0,0.8870822303320858,ok,11.0,figures/new_hi_candidates_v9/new_candidate_0029_v9_pv_diagnostic.png,Accepted v9 clean new H I-hole candidate.
Koch25_new_HI_candidate_0002,Koch25 new HI candidate,2DCGSeed v9 clean candidates,Koch25 H I cand. 0002,2,10.119621597251442,40.65612128656917,-25.48396356388966,-36.757722805849795,65.76565217391304,59.18908695652174,-45.0,-569.5032651413095,220.0,198.0,-45.0,0.8838567345962123,ok,11.0,figures/new_hi_candidates_v9/new_candidate_0002_v9_pv_diagnostic.png,Accepted v9 clean new H I-hole candidate.
Koch25_new_HI_candidate_0182,Koch25 new HI candidate,2DCGSeed v9 clean candidates,Koch25 H I cand. 0182,182,10.075360061012226,40.5708866081912,-27.48004553027747,-41.871803508527705,95.36019565217391,85.82417608695653,45.0,-557.1318597501505,319.0,287.1,45.0,0.8800766921552906,ok,11.0,figures/new_hi_candidates_v9/new_candidate_0182_v9_pv_diagnostic.png,Accepted v9 clean new H I-hole candidate.
Koch25_new_HI_candidate_0210,Koch25 new HI candidate,2DCGSeed v9 clean candidates,Koch25 H I cand. 0210,210,11.212871198657384,41.491325973488486,23.818794531380302,13.354558409309334,107.61652173913043,107.61652173913043,-90.0,-177.74209442127452,360.0,360.0,-90.0,0.8775206004858832,ok,11.0,figures/new_hi_candidates_v9/new_candidate_0210_v9_pv_diagnostic.png,Accepted v9 clean new H I-hole candidate.
Koch25_new_HI_candidate_0025,Koch25 new HI candidate,2DCGSeed v9 clean candidates,Koch25 H I cand. 0025,25,9.807067193201023,40.33618974495808,-39.57936698749185,-55.95361530251523,78.91878260869565,78.91878260869565,-45.0,-561.2556615472035,264.0,264.0,-45.0,0.8774106640094388,ok,11.0,figures/new_hi_candidates_v9/new_candidate_0025_v9_pv_diagnostic.png,Accepted v9 clean new H I-hole candidate.
Koch25_new_HI_candidate_0036,Koch25 new HI candidate,2DCGSeed v9 clean candidates,Koch25 H I cand. 0036,36,9.989413583547758,40.35967428529307,-31.35601162449954,-54.54454288241578,78.91878260869565,78.91878260869565,-45.0,-532.3890489678325,264.0,264.0,-45.0,0.8759509256417777,ok,11.0,figures/new_hi_candidates_v9/new_candidate_0036_v9_pv_diagnostic.png,Accepted v9 clean new H I-hole candidate.
Koch25_new_HI_candidate_0148,Koch25 new HI candidate,2DCGSeed v9 clean candidates,Koch25 H I cand. 0148,148,10.362409053820732,40.6522008870357,-14.5348708549531,-36.99294677785801,95.36019565217391,90.59218586956523,50.0,-499.3986345914085,319.0,303.05,50.0,0.8753830362397144,ok,11.0,figures/new_hi_candidates_v9/new_candidate_0148_v9_pv_diagnostic.png,Accepted v9 clean new H I-hole candidate.
Koch25_new_HI_candidate_0368,Koch25 new HI candidate,2DCGSeed v9 clean candidates,Koch25 H I cand. 0368,368,9.98197527930268,40.47853448270287,-31.69146010247059,-47.41293103782766,150.6631304347826,150.6631304347826,-90.0,-544.7604543589915,504.0,504.0,-90.0,0.8747668740326723,ok,11.0,figures/new_hi_candidates_v9/new_candidate_0368_v9_pv_diagnostic.png,Accepted v9 clean new H I-hole candidate.
Koch25_new_HI_candidate_0005,Koch25 new HI candidate,2DCGSeed v9 clean candidates,Koch25 H I cand. 0005,5,10.548559287185212,40.84605423401776,-6.139971910426403,-25.36174595893442,65.76565217391304,59.18908695652174,45.0,-404.5511932591895,220.0,198.0,45.0,0.874072577794209,ok,11.0,figures/new_hi_candidates_v9/new_candidate_0005_v9_pv_diagnostic.png,Accepted v9 clean new H I-hole candidate.
Koch25_new_HI_candidate_0185,Koch25 new HI candidate,2DCGSeed v9 clean candidates,Koch25 H I cand. 0185,185,10.51600415096487,41.51296127666394,-7.608125206586717,14.652676599836383,95.36019565217391,85.82417608695653,-25.0,-272.58953575349346,319.0,287.1,-25.0,0.8712371338397195,ok,11.0,figures/new_hi_candidates_v9/new_candidate_0185_v9_pv_diagnostic.png,Accepted v9 clean new H I-hole candidate.
Koch25_new_HI_candidate_0106,Koch25 new HI candidate,2DCGSeed v9 clean candidates,Koch25 H I cand. 0106,106,10.63150047910878,40.90417962309411,-2.399536499992937,-21.8742226143533,95.36019565217391,95.36019565217391,-90.0,-375.6845806798185,319.0,319.0,-90.0,0.8653165220746203,ok,11.0,figures/new_hi_candidates_v9/new_candidate_0106_v9_pv_diagnostic.png,Accepted v9 clean new H I-hole candidate.
Koch25_new_HI_candidate_0135,Koch25 new HI candidate,2DCGSeed v9 clean candidates,Koch25 H I cand. 0135,135,10.370072609606227,41.35126649487791,-14.189264109196266,4.950989692674881,95.36019565217391,85.82417608695653,-45.0,-317.9513555210765,319.0,287.1,-45.0,0.861695723138823,ok,11.0,figures/new_hi_candidates_v9/new_candidate_0135_v9_pv_diagnostic.png,Accepted v9 clean new H I-hole candidate.
Koch25_new_HI_candidate_0081,Koch25 new HI candidate,2DCGSeed v9 clean candidates,Koch25 H I cand. 0081,81,10.184376122621789,40.90726934060041,-22.56370025366067,-21.688839563975364,95.36019565217391,76.28815652173913,40.0,-532.3890489678325,319.0,255.2,40.0,0.8601581442573286,ok,11.0,figures/new_hi_candidates_v9/new_candidate_0081_v9_pv_diagnostic.png,Accepted v9 clean new H I-hole candidate.
Koch25_new_HI_candidate_0155,Koch25 new HI candidate,2DCGSeed v9 clean candidates,Koch25 H I cand. 0155,155,10.971833012453915,41.82773879275063,12.948589437475528,33.53932756503795,107.61652173913043,102.23569565217392,-70.0,-157.1230854360095,360.0,342.0,-70.0,0.8594820473236544,ok,11.0,figures/new_hi_candidates_v9/new_candidate_0155_v9_pv_diagnostic.png,Accepted v9 clean new H I-hole candidate.
Koch25_new_HI_candidate_0178,Koch25 new HI candidate,2DCGSeed v9 clean candidates,Koch25 H I cand. 0178,178,10.510969853399097,41.45364775036021,-7.835159138038163,11.093865021612856,107.61652173913043,102.23569565217392,-20.0,-284.96094114465245,360.0,342.0,-20.0,0.8581037512565609,ok,11.0,figures/new_hi_candidates_v9/new_candidate_0178_v9_pv_diagnostic.png,Accepted v9 clean new H I-hole candidate.
Koch25_new_HI_candidate_0058,Koch25 new HI candidate,2DCGSeed v9 clean candidates,Koch25 H I cand. 0058,58,10.941582560745134,41.76752874539099,11.58437151235333,29.926724723459586,89.6804347826087,80.71239130434783,45.0,-157.1230854360095,300.0,270.0,45.0,0.8565979334596997,ok,11.0,figures/new_hi_candidates_v9/new_candidate_0058_v9_pv_diagnostic.png,Accepted v9 clean new H I-hole candidate.
Koch25_new_HI_candidate_0290,Koch25 new HI candidate,2DCGSeed v9 clean candidates,Koch25 H I cand. 0290,290,10.822578740917232,41.1513342985813,6.217603910661265,-7.044942085122017,129.13982608695653,129.13982608695653,-90.0,-338.5703645063415,432.0,432.0,-90.0,0.8559017249013241,ok,11.0,figures/new_hi_candidates_v9/new_candidate_0290_v9_pv_diagnostic.png,Accepted v9 clean new H I-hole candidate.
Koch25_new_HI_candidate_0097,Koch25 new HI candidate,2DCGSeed v9 clean candidates,Koch25 H I cand. 0097,97,11.02159342713846,41.363843327282886,15.192656743566864,5.705599636973346,95.36019565217391,85.82417608695653,45.0,-256.0943285652815,319.0,287.1,45.0,0.8553268031068272,ok,11.0,figures/new_hi_candidates_v9/new_candidate_0097_v9_pv_diagnostic.png,Accepted v9 clean new H I-hole candidate.
Koch25_new_HI_candidate_0021,Koch25 new HI candidate,2DCGSeed v9 clean candidates,Koch25 H I cand. 0021,21,11.38582936116263,41.74333919314675,31.618764854380863,28.475351588805324,78.91878260869565,63.13502608695652,45.0,-140.6278782477975,264.0,211.2,45.0,0.8544485927765397,ok,11.0,figures/new_hi_candidates_v9/new_candidate_0021_v9_pv_diagnostic.png,Accepted v9 clean new H I-hole candidate.
Koch25_new_HI_candidate_0051,Koch25 new HI candidate,2DCGSeed v9 clean candidates,Koch25 H I cand. 0051,51,11.147833185691272,41.41993583097582,20.885746656364827,9.071149858549177,78.91878260869565,55.24314782608696,-45.0,-206.6087070006455,264.0,184.8,-45.0,0.8535956257534775,ok,11.0,figures/new_hi_candidates_v9/new_candidate_0051_v9_pv_diagnostic.png,Accepted v9 clean new H I-hole candidate.
Koch25_new_HI_candidate_0253,Koch25 new HI candidate,2DCGSeed v9 clean candidates,Koch25 H I cand. 0253,253,10.188600333077888,40.51420632549935,-22.37319917687752,-45.27262047003873,107.61652173913043,107.61652173913043,-90.0,-487.0272292002495,360.0,360.0,-90.0,0.8530652526985422,ok,11.0,figures/new_hi_candidates_v9/new_candidate_0253_v9_pv_diagnostic.png,Accepted v9 clean new H I-hole candidate.
Koch25_new_HI_candidate_0337,Koch25 new HI candidate,2DCGSeed v9 clean candidates,Koch25 H I cand. 0337,337,10.62945281551196,40.93556813389759,-2.491880885798929,-19.990911966144438,138.2722836956522,96.79059858695653,45.0,-400.4273914621365,462.55,323.785,45.0,0.8524119448347482,ok,11.0,figures/new_hi_candidates_v9/new_candidate_0337_v9_pv_diagnostic.png,Accepted v9 clean new H I-hole candidate.
Koch25_new_HI_candidate_0046,Koch25 new HI candidate,2DCGSeed v9 clean candidates,Koch25 H I cand. 0046,46,10.655182288386763,40.95682797694521,-1.3315475315184078,-18.715321383287034,78.91878260869565,78.91878260869565,-45.0,-388.0559860709775,264.0,264.0,-45.0,0.8521310253957513,ok,11.0,figures/new_hi_candidates_v9/new_candidate_0046_v9_pv_diagnostic.png,Accepted v9 clean new H I-hole candidate.
Koch25_new_HI_candidate_0173,Koch25 new HI candidate,2DCGSeed v9 clean candidates,Koch25 H I cand. 0173,173,10.997932356396214,41.82864387760382,14.125603029959443,33.593632656229175,95.36019565217391,76.28815652173913,40.0,-165.3706890301155,319.0,255.2,40.0,0.8499431898889678,ok,11.0,figures/new_hi_candidates_v9/new_candidate_0173_v9_pv_diagnostic.png,Accepted v9 clean new H I-hole candidate.
Koch25_new_HI_candidate_0010,Koch25 new HI candidate,2DCGSeed v9 clean candidates,Koch25 H I cand. 0010,10,10.245165659497909,41.05141053697335,-19.822247773392192,-13.040367781598832,65.76565217391304,59.18908695652174,45.0,-445.7892112297195,220.0,198.0,45.0,0.8484915677859036,ok,11.0,figures/new_hi_candidates_v9/new_candidate_0010_v9_pv_diagnostic.png,Accepted v9 clean new H I-hole candidate.
Koch25_new_HI_candidate_0150,Koch25 new HI candidate,2DCGSeed v9 clean candidates,Koch25 H I cand. 0150,150,9.759902027693084,40.45333690572192,-41.706395200052675,-48.92478565668469,107.61652173913043,107.61652173913043,-90.0,-540.6366525619385,360.0,360.0,-90.0,0.8484517985862345,ok,11.0,figures/new_hi_candidates_v9/new_candidate_0150_v9_pv_diagnostic.png,Accepted v9 clean new H I-hole candidate.
Koch25_new_HI_candidate_0260,Koch25 new HI candidate,2DCGSeed v9 clean candidates,Koch25 H I cand. 0260,260,11.044529034963618,41.29474589858237,16.22699393693745,1.5597539149423767,107.61652173913043,86.09321739130435,-5.0,-256.0943285652815,360.0,288.0,-5.0,0.8466072750933293,ok,11.0,figures/new_hi_candidates_v9/new_candidate_0260_v9_pv_diagnostic.png,Accepted v9 clean new H I-hole candidate.
Koch25_new_HI_candidate_0324,Koch25 new HI candidate,2DCGSeed v9 clean candidates,Koch25 H I cand. 0324,324,10.615452956054517,41.65695450888973,-3.123238705011015,23.29227053338414,129.13982608695653,122.6828347826087,-90.0,-256.0943285652815,432.0,410.4,-90.0,0.844303685593721,ok,11.0,figures/new_hi_candidates_v9/new_candidate_0324_v9_pv_diagnostic.png,Accepted v9 clean new H I-hole candidate.
Koch25_new_HI_candidate_0221,Koch25 new HI candidate,2DCGSeed v9 clean candidates,Koch25 H I cand. 0221,221,10.410812726624233,41.29886983796743,-12.351989134178107,1.8071902780459936,107.61652173913043,107.61652173913043,-90.0,-346.8179681004475,360.0,360.0,-90.0,0.8407169011953239,ok,11.0,figures/new_hi_candidates_v9/new_candidate_0221_v9_pv_diagnostic.png,Accepted v9 clean new H I-hole candidate.
Koch25_new_HI_candidate_0157,Koch25 new HI candidate,2DCGSeed v9 clean candidates,Koch25 H I cand. 0157,157,10.899635355528726,41.75302976930056,9.692659949963952,29.056786158033816,95.36019565217391,85.82417608695653,45.0,-185.9896980153805,319.0,287.1,45.0,0.8402947129352977,ok,11.0,figures/new_hi_candidates_v9/new_candidate_0157_v9_pv_diagnostic.png,Accepted v9 clean new H I-hole candidate.
Koch25_new_HI_candidate_0108,Koch25 new HI candidate,2DCGSeed v9 clean candidates,Koch25 H I cand. 0108,108,11.078296571630302,41.31505278008097,17.749823389250675,2.778166804858273,95.36019565217391,76.28815652173913,40.0,-264.3419321593875,319.0,255.2,40.0,0.8400798632590681,ok,11.0,figures/new_hi_candidates_v9/new_candidate_0108_v9_pv_diagnostic.png,Accepted v9 clean new H I-hole candidate.
Koch25_new_HI_candidate_0012,Koch25 new HI candidate,2DCGSeed v9 clean candidates,Koch25 H I cand. 0012,12,10.906838736364437,41.79024003242813,10.017513983621404,31.289401945687985,78.91878260869565,71.02690434782609,45.0,-173.6182926242215,264.0,237.6,45.0,0.8399859545124342,ok,11.0,figures/new_hi_candidates_v9/new_candidate_0012_v9_pv_diagnostic.png,Accepted v9 clean new H I-hole candidate.
Koch25_new_HI_candidate_0151,Koch25 new HI candidate,2DCGSeed v9 clean candidates,Koch25 H I cand. 0151,151,10.096206090639296,40.55002150972922,-26.539942963920705,-43.12370941624664,95.36019565217391,85.82417608695653,-65.0,-557.1318597501505,319.0,287.1,-65.0,0.8398897396935116,ok,11.0,figures/new_hi_candidates_v9/new_candidate_0151_v9_pv_diagnostic.png,Accepted v9 clean new H I-hole candidate.
Koch25_new_HI_candidate_0153,Koch25 new HI candidate,2DCGSeed v9 clean candidates,Koch25 H I cand. 0153,153,10.054421061576798,40.50312692271886,-28.4243407969707,-45.937384636868046,107.61652173913043,96.8548695652174,25.0,-528.2652471707795,360.0,324.0,25.0,0.837234822779768,ok,11.0,figures/new_hi_candidates_v9/new_candidate_0153_v9_pv_diagnostic.png,Accepted v9 clean new H I-hole candidate.
Koch25_new_HI_candidate_0049,Koch25 new HI candidate,2DCGSeed v9 clean candidates,Koch25 H I cand. 0049,49,9.43713053140976,40.41456318797326,-56.26256332564804,-51.25120872160437,78.91878260869565,78.91878260869565,45.0,-458.1606166208785,264.0,264.0,45.0,0.8364247002938808,ok,11.0,figures/new_hi_candidates_v9/new_candidate_0049_v9_pv_diagnostic.png,Accepted v9 clean new H I-hole candidate.
Koch25_new_HI_candidate_0181,Koch25 new HI candidate,2DCGSeed v9 clean candidates,Koch25 H I cand. 0181,181,9.994108615990337,40.39956998501643,-31.144277681520556,-52.1508008990142,95.36019565217391,85.82417608695653,75.0,-520.0176435766735,319.0,287.1,75.0,0.8360493460612017,ok,11.0,figures/new_hi_candidates_v9/new_candidate_0181_v9_pv_diagnostic.png,Accepted v9 clean new H I-hole candidate.
Koch25_new_HI_candidate_0015,Koch25 new HI candidate,2DCGSeed v9 clean candidates,Koch25 H I cand. 0015,15,10.125270132634984,40.92060844881801,-25.229229079423135,-20.88849307091934,78.91878260869565,78.91878260869565,45.0,-478.7796256061435,264.0,264.0,45.0,0.8359843696487339,ok,11.0,figures/new_hi_candidates_v9/new_candidate_0015_v9_pv_diagnostic.png,Accepted v9 clean new H I-hole candidate.
Koch25_new_HI_candidate_0259,Koch25 new HI candidate,2DCGSeed v9 clean candidates,Koch25 H I cand. 0259,259,9.972414212242075,40.39860308455243,-32.122639748743026,-52.20881492685422,125.55260869565218,125.55260869565218,-90.0,-536.5128507648855,420.0,420.0,-90.0,0.8341415728063235,ok,11.0,figures/new_hi_candidates_v9/new_candidate_0259_v9_pv_diagnostic.png,Accepted v9 clean new H I-hole candidate.
Koch25_new_HI_candidate_0293,Koch25 new HI candidate,2DCGSeed v9 clean candidates,Koch25 H I cand. 0293,293,10.12404441562337,40.73976002777881,-25.284505778576886,-31.739398333271396,125.55260869565218,125.55260869565218,-90.0,-590.1222741265744,420.0,420.0,-90.0,0.8340330160476659,ok,11.0,figures/new_hi_candidates_v9/new_candidate_0293_v9_pv_diagnostic.png,Accepted v9 clean new H I-hole candidate.
Koch25_new_HI_candidate_0245,Koch25 new HI candidate,2DCGSeed v9 clean candidates,Koch25 H I cand. 0245,245,11.381026744266665,41.67808617868612,31.402179127990912,24.56017072116751,107.61652173913043,107.61652173913043,-90.0,-157.1230854360095,360.0,360.0,-90.0,0.8332514358845833,ok,11.0,figures/new_hi_candidates_v9/new_candidate_0245_v9_pv_diagnostic.png,Accepted v9 clean new H I-hole candidate.
Koch25_new_HI_candidate_0329,Koch25 new HI candidate,2DCGSeed v9 clean candidates,Koch25 H I cand. 0329,329,10.905249025752592,41.16162265707346,9.94582210499054,-6.427640575592335,130.0366304347826,130.0366304347826,-55.0,-301.4561483328645,435.0,435.0,-55.0,0.8319925850565092,ok,11.0,figures/new_hi_candidates_v9/new_candidate_0329_v9_pv_diagnostic.png,Accepted v9 clean new H I-hole candidate.
Koch25_new_HI_candidate_0195,Koch25 new HI candidate,2DCGSeed v9 clean candidates,Koch25 H I cand. 0195,195,10.737630562442874,41.0279316091927,2.386658545056748,-14.44910344843791,95.36019565217391,66.75213695652174,-45.0,-342.6941663033945,319.0,223.3,-45.0,0.8307408499514691,ok,11.0,figures/new_hi_candidates_v9/new_candidate_0195_v9_pv_diagnostic.png,Accepted v9 clean new H I-hole candidate.
Koch25_new_HI_candidate_0350,Koch25 new HI candidate,2DCGSeed v9 clean candidates,Koch25 H I cand. 0350,350,10.009165016062344,40.42591388424204,-30.465272585537782,-50.57016694547727,150.6631304347826,150.6631304347826,-90.0,-524.1414453737265,504.0,504.0,-90.0,0.8288693286474774,ok,11.0,figures/new_hi_candidates_v9/new_candidate_0350_v9_pv_diagnostic.png,Accepted v9 clean new H I-hole candidate.
Koch25_new_HI_candidate_0132,Koch25 new HI candidate,2DCGSeed v9 clean candidates,Koch25 H I cand. 0132,132,9.765478759763434,40.59256813660655,-41.454898861180894,-40.57091180360672,107.61652173913043,102.23569565217392,65.0,-507.64623818551456,360.0,342.0,65.0,0.8273178114466498,ok,11.0,figures/new_hi_candidates_v9/new_candidate_0132_v9_pv_diagnostic.png,Accepted v9 clean new H I-hole candidate.
Koch25_new_HI_candidate_0189,Koch25 new HI candidate,2DCGSeed v9 clean candidates,Koch25 H I cand. 0189,189,10.703550995437864,40.95891362240467,0.8497573233423563,-18.590182655719474,114.4322347826087,114.4322347826087,-45.0,-355.0655716945535,382.8,382.8,-45.0,0.8270281328160873,ok,11.0,figures/new_hi_candidates_v9/new_candidate_0189_v9_pv_diagnostic.png,Accepted v9 clean new H I-hole candidate.
Koch25_new_HI_candidate_0255,Koch25 new HI candidate,2DCGSeed v9 clean candidates,Koch25 H I cand. 0255,255,9.951039699888188,40.36832402410597,-33.08657553306238,-54.02555855364142,125.55260869565218,119.27497826086957,45.0,-528.2652471707795,420.0,399.0,45.0,0.8257996940815503,ok,11.0,figures/new_hi_candidates_v9/new_candidate_0255_v9_pv_diagnostic.png,Accepted v9 clean new H I-hole candidate.
Koch25_new_HI_candidate_0313,Koch25 new HI candidate,2DCGSeed v9 clean candidates,Koch25 H I cand. 0313,313,9.978828681585837,40.51726984321777,-31.833363603608106,-45.088809406933734,125.55260869565218,125.55260869565218,-90.0,-540.6366525619385,420.0,420.0,-90.0,0.8220790616044844,ok,11.0,figures/new_hi_candidates_v9/new_candidate_0313_v9_pv_diagnostic.png,Accepted v9 clean new H I-hole candidate.
Koch25_new_HI_candidate_0307,Koch25 new HI candidate,2DCGSeed v9 clean candidates,Koch25 H I cand. 0307,307,10.479711145231931,41.43498540335792,-9.244846848104048,9.974124201475405,129.13982608695653,129.13982608695653,-90.0,-297.3323465358115,432.0,432.0,-90.0,0.8201099861716795,ok,11.0,figures/new_hi_candidates_v9/new_candidate_0307_v9_pv_diagnostic.png,Accepted v9 clean new H I-hole candidate.
Koch25_new_HI_candidate_0299,Koch25 new HI candidate,2DCGSeed v9 clean candidates,Koch25 H I cand. 0299,299,10.709499627109084,41.61516614451956,1.118025382079232,20.784968671173942,125.55260869565218,125.55260869565218,-90.0,-247.84672497117552,420.0,420.0,-90.0,0.8201019184026387,ok,11.0,figures/new_hi_candidates_v9/new_candidate_0299_v9_pv_diagnostic.png,Accepted v9 clean new H I-hole candidate.
Koch25_new_HI_candidate_0274,Koch25 new HI candidate,2DCGSeed v9 clean candidates,Koch25 H I cand. 0274,274,11.032001829364155,41.88980112457212,15.662049036444674,37.26306747432716,130.0366304347826,91.02564130434783,30.0,-144.7516800448505,435.0,304.5,30.0,0.818334703069815,ok,11.0,figures/new_hi_candidates_v9/new_candidate_0274_v9_pv_diagnostic.png,Accepted v9 clean new H I-hole candidate.
Koch25_new_HI_candidate_0144,Koch25 new HI candidate,2DCGSeed v9 clean candidates,Koch25 H I cand. 0144,144,11.41391868470444,41.70871988887521,32.88552143207422,26.398193332512676,95.36019565217391,90.59218586956523,-55.0,-148.87548184190348,319.0,303.05,-55.0,0.8154588300186316,ok,11.0,figures/new_hi_candidates_v9/new_candidate_0144_v9_pv_diagnostic.png,Accepted v9 clean new H I-hole candidate.
Koch25_new_HI_candidate_0004,Koch25 new HI candidate,2DCGSeed v9 clean candidates,Koch25 H I cand. 0004,4,11.02269691385971,41.823713343714594,15.242421169558058,33.297800622875826,65.76565217391304,59.18908695652174,-45.0,-152.9992836389565,220.0,198.0,-45.0,0.8110531578258251,ok,11.0,figures/new_hi_candidates_v9/new_candidate_0004_v9_pv_diagnostic.png,Accepted v9 clean new H I-hole candidate.
Koch25_new_HI_candidate_0154,Koch25 new HI candidate,2DCGSeed v9 clean candidates,Koch25 H I cand. 0154,154,10.522961875609816,40.80226961620213,-7.294349638205855,-27.988823027871916,95.36019565217391,85.82417608695653,25.0,-408.67499505624255,319.0,287.1,25.0,0.8105898468609327,ok,11.0,figures/new_hi_candidates_v9/new_candidate_0154_v9_pv_diagnostic.png,Accepted v9 clean new H I-hole candidate.
Koch25_new_HI_candidate_0224,Koch25 new HI candidate,2DCGSeed v9 clean candidates,Koch25 H I cand. 0224,224,11.16442256219235,41.40903479589392,21.633885064585716,8.41708775363557,107.61652173913043,96.8548695652174,-45.0,-218.98011239180448,360.0,324.0,-45.0,0.8101847627884279,ok,11.0,figures/new_hi_candidates_v9/new_candidate_0224_v9_pv_diagnostic.png,Accepted v9 clean new H I-hole candidate.
Koch25_new_HI_candidate_0204,Koch25 new HI candidate,2DCGSeed v9 clean candidates,Koch25 H I cand. 0204,204,10.37452773632345,41.1926663521996,-13.98834930022623,-4.565018868023714,107.61652173913043,102.23569565217392,-90.0,-383.93218427392446,360.0,342.0,-90.0,0.8077839460416191,ok,11.0,figures/new_hi_candidates_v9/new_candidate_0204_v9_pv_diagnostic.png,Accepted v9 clean new H I-hole candidate.
Koch25_new_HI_candidate_0128,Koch25 new HI candidate,2DCGSeed v9 clean candidates,Koch25 H I cand. 0128,128,10.476044552249954,41.30761714685362,-9.410200804411701,2.3320288112175547,95.36019565217391,66.75213695652174,45.0,-342.6941663033945,319.0,223.3,45.0,0.8069755983121737,ok,11.0,figures/new_hi_candidates_v9/new_candidate_0128_v9_pv_diagnostic.png,Accepted v9 clean new H I-hole candidate.
Koch25_new_HI_candidate_0291,Koch25 new HI candidate,2DCGSeed v9 clean candidates,Koch25 H I cand. 0291,291,11.125401971321656,41.38974507036187,19.874156316495412,7.259704221712298,125.55260869565218,125.55260869565218,-90.0,-247.84672497117552,420.0,420.0,-90.0,0.8056704536380161,ok,11.0,figures/new_hi_candidates_v9/new_candidate_0291_v9_pv_diagnostic.png,Accepted v9 clean new H I-hole candidate.
Koch25_new_HI_candidate_0223,Koch25 new HI candidate,2DCGSeed v9 clean candidates,Koch25 H I cand. 0223,223,10.79926629277091,41.00469213837174,5.166272183589548,-15.843471697695577,107.61652173913043,107.61652173913043,-90.0,-342.6941663033945,360.0,360.0,-90.0,0.8047481518648387,ok,11.0,figures/new_hi_candidates_v9/new_candidate_0223_v9_pv_diagnostic.png,Accepted v9 clean new H I-hole candidate.
Koch25_new_HI_candidate_0340,Koch25 new HI candidate,2DCGSeed v9 clean candidates,Koch25 H I cand. 0340,340,10.97143092911559,41.77954297326665,12.930456508327307,30.647578395999204,150.6631304347826,150.6631304347826,-90.0,-165.3706890301155,504.0,504.0,-90.0,0.8003017105859824,ok,11.0,figures/new_hi_candidates_v9/new_candidate_0340_v9_pv_diagnostic.png,Accepted v9 clean new H I-hole candidate.
Koch25_new_HI_candidate_0240,Koch25 new HI candidate,2DCGSeed v9 clean candidates,Koch25 H I cand. 0240,240,10.778631369429196,40.85970818217148,4.2356899702297754,-24.542509069710974,107.61652173913043,102.23569565217392,-90.0,-379.80838247687154,360.0,342.0,-90.0,0.7669969484643346,ok,11.0,figures/new_hi_candidates_v9/new_candidate_0240_v9_pv_diagnostic.png,Accepted v9 clean new H I-hole candidate.
Koch25_new_HI_candidate_0364,Koch25 new HI candidate,2DCGSeed v9 clean candidates,Koch25 H I cand. 0364,364,10.33016163408334,41.30740067351435,-15.98914692554541,2.3190404108612483,150.6631304347826,143.12997391304347,-90.0,-322.0751573181295,504.0,478.8,-90.0,0.7614549167952239,ok,11.0,figures/new_hi_candidates_v9/new_candidate_0364_v9_pv_diagnostic.png,Accepted v9 clean new H I-hole candidate.
Koch25_new_HI_candidate_0354,Koch25 new HI candidate,2DCGSeed v9 clean candidates,Koch25 H I cand. 0354,354,10.96487154397703,41.77025296297742,12.634645031859119,30.090177778645568,150.6631304347826,150.6631304347826,-90.0,-169.4944908271685,504.0,504.0,-90.0,0.755273545287454,ok,11.0,figures/new_hi_candidates_v9/new_candidate_0354_v9_pv_diagnostic.png,Accepted v9 clean new H I-hole candidate.
Potential_new_HI_Candidate_0083,Potential new HI Candidate,2DCGSeed v9 rejected/potential candidates,Potential H I cand. 0083,83,10.165720590080303,40.825516463474194,-23.40501700954922,-26.59401219154816,95.36019565217391,85.82417608695653,45.0,-553.0080579530975,319.0,287.1,45.0,0.8480757230143087,background_gradient_dominates,8.0,,Rejected/potential v9 candidate. background_gradient_dominates
Potential_new_HI_Candidate_0127,Potential new HI Candidate,2DCGSeed v9 rejected/potential candidates,Potential H I cand. 0127,127,10.31221772561915,40.82122412526096,-16.798371257441794,-26.851552484342136,95.36019565217391,85.82417608695653,45.0,-536.5128507648855,319.0,287.1,45.0,0.8453448191561487,background_gradient_dominates,8.0,,Rejected/potential v9 candidate. background_gradient_dominates
Potential_new_HI_Candidate_0024,Potential new HI Candidate,2DCGSeed v9 rejected/potential candidates,Potential H I cand. 0024,24,10.19144996784348,40.62339523910754,-22.24468794455949,-38.72128565354757,78.91878260869565,78.91878260869565,45.0,-524.1414453737265,264.0,264.0,45.0,0.844892305271385,background_gradient_dominates,8.0,figures/potential_hi_candidates_v9/new_candidate_0224_v9_pv_diagnostic.png,Rejected/potential v9 candidate. background_gradient_dominates
Potential_new_HI_Candidate_0080,Potential new HI Candidate,2DCGSeed v9 rejected/potential candidates,Potential H I cand. 0080,80,9.989661447883922,40.58262124727551,-31.344833577518695,-41.16772516346913,95.36019565217391,85.82417608695653,45.0,-553.0080579530975,319.0,287.1,45.0,0.8419753727387158,background_gradient_dominates,8.0,,Rejected/potential v9 candidate. background_gradient_dominates
Potential_new_HI_Candidate_0199,Potential new HI Candidate,2DCGSeed v9 rejected/potential candidates,Potential H I cand. 0199,199,11.215351156541862,41.45450817525288,23.930634282803638,11.145490515173151,107.61652173913043,75.3315652173913,-70.0,-214.8563105947515,360.0,252.0,-70.0,0.8405628437139642,background_gradient_dominates,8.0,,Rejected/potential v9 candidate. background_gradient_dominates
Potential_new_HI_Candidate_0119,Potential new HI Candidate,2DCGSeed v9 rejected/potential candidates,Potential H I cand. 0119,119,10.30275270201424,41.09356102771927,-17.22521958975192,-10.51133833684375,107.61652173913043,102.23569565217392,-25.0,-458.1606166208785,360.0,342.0,-25.0,0.8404121894808939,background_gradient_dominates,8.0,,Rejected/potential v9 candidate. background_gradient_dominates
Potential_new_HI_Candidate_0045,Potential new HI Candidate,2DCGSeed v9 rejected/potential candidates,Potential H I cand. 0045,45,10.30300041703985,40.63660045659442,-17.214048276294758,-37.92897260433449,78.91878260869565,74.97284347826087,-45.0,-487.0272292002495,264.0,250.8,-45.0,0.8398993084753128,background_gradient_dominates,8.0,figures/potential_hi_candidates_v9/new_candidate_0245_v9_pv_diagnostic.png,Rejected/potential v9 candidate. background_gradient_dominates
Potential_new_HI_Candidate_0211,Potential new HI Candidate,2DCGSeed v9 rejected/potential candidates,Potential H I cand. 0211,211,10.746642704858472,41.01820480664003,2.793083095191438,-15.032711601598123,107.61652173913043,102.23569565217392,-90.0,-388.0559860709775,360.0,342.0,-90.0,0.8397245259734393,background_gradient_dominates,8.0,,Rejected/potential v9 candidate. background_gradient_dominates
Potential_new_HI_Candidate_0263,Potential new HI Candidate,2DCGSeed v9 rejected/potential candidates,Potential H I cand. 0263,263,9.768904593377624,40.529392881954585,-41.300402535970434,-44.3614270827247,125.55260869565218,125.55260869565218,-90.0,-532.3890489678325,420.0,420.0,-90.0,0.837890072716365,background_gradient_dominates,8.0,,Rejected/potential v9 candidate. background_gradient_dominates
Potential_new_HI_Candidate_0038,Potential new HI Candidate,2DCGSeed v9 rejected/potential candidates,Potential H I cand. 0038,38,10.321064586832945,41.31403914444778,-16.399400466356887,2.7173486668671387,78.91878260869565,78.91878260869565,45.0,-313.82755372402346,264.0,264.0,45.0,0.8358278659111001,background_gradient_dominates,8.0,figures/potential_hi_candidates_v9/new_candidate_0138_v9_pv_diagnostic.png,Rejected/potential v9 candidate. background_gradient_dominates
Potential_new_HI_Candidate_0114,Potential new HI Candidate,2DCGSeed v9 rejected/potential candidates,Potential H I cand. 0114,114,10.990242366565637,41.26865190293442,13.778804176445597,-0.00588582393447723,95.36019565217391,85.82417608695653,-45.0,-276.7133375505465,319.0,287.1,-45.0,0.8352147747509175,background_gradient_dominates,8.0,,Rejected/potential v9 candidate. background_gradient_dominates
Potential_new_HI_Candidate_0089,Potential new HI Candidate,2DCGSeed v9 rejected/potential candidates,Potential H I cand. 0089,89,10.019985209821485,40.98935640333051,-29.977309548766648,-16.763615800169163,95.36019565217391,85.82417608695653,-30.0,-412.7987968532954,319.0,287.1,-30.0,0.834801936384192,background_gradient_dominates,8.0,figures/potential_hi_candidates_v9/new_candidate_0189_v9_pv_diagnostic.png,Rejected/potential v9 candidate. background_gradient_dominates
Potential_new_HI_Candidate_0225,Potential new HI Candidate,2DCGSeed v9 rejected/potential candidates,Potential H I cand. 0225,225,10.258021144733997,40.5721309346792,-19.24249830174632,-41.79714391924776,114.4322347826087,114.4322347826087,-70.0,-466.40822021498445,382.8,382.8,-70.0,0.8344153346506773,background_gradient_dominates,8.0,,Rejected/potential v9 candidate. background_gradient_dominates
Potential_new_HI_Candidate_0205,Potential new HI Candidate,2DCGSeed v9 rejected/potential candidates,Potential H I cand. 0205,205,10.851972398659058,41.10462855087221,7.543182621430265,-9.847286947667442,114.4322347826087,102.98901130434784,35.0,-322.0751573181295,382.8,344.52000000000004,35.0,0.8328494512748612,background_gradient_dominates,8.0,,Rejected/potential v9 candidate. background_gradient_dominates
Potential_new_HI_Candidate_0033,Potential new HI Candidate,2DCGSeed v9 rejected/potential candidates,Potential H I cand. 0033,33,10.21331255220584,40.63709955509797,-21.258741362215737,-37.899026694121716,78.91878260869565,71.02690434782609,-65.0,-536.5128507648855,264.0,237.6,-65.0,0.832774361951668,background_gradient_dominates,8.0,figures/potential_hi_candidates_v9/new_candidate_0337_v9_pv_diagnostic.png,Rejected/potential v9 candidate. background_gradient_dominates
Potential_new_HI_Candidate_0034,Potential new HI Candidate,2DCGSeed v9 rejected/potential candidates,Potential H I cand. 0034,34,10.070860018919328,40.662676314282095,-27.68298590769848,-36.36442114307414,65.76565217391304,59.18908695652174,45.0,-590.1222741265744,220.0,198.0,45.0,0.8326607327298646,background_gradient_dominates,8.0,figures/potential_hi_candidates_v9/new_candidate_0340_v9_pv_diagnostic.png,Rejected/potential v9 candidate. background_gradient_dominates
Potential_new_HI_Candidate_0022,Potential new HI Candidate,2DCGSeed v9 rejected/potential candidates,Potential H I cand. 0022,22,10.231816017319815,40.5535562566013,-20.42428245798621,-42.91162460392201,78.91878260869565,63.13502608695652,0.0,-470.5320220120375,264.0,211.2,0.0,0.8324948029924254,background_gradient_dominates,8.0,figures/potential_hi_candidates_v9/new_candidate_0221_v9_pv_diagnostic.png,Rejected/potential v9 candidate. background_gradient_dominates
Potential_new_HI_Candidate_0107,Potential new HI Candidate,2DCGSeed v9 rejected/potential candidates,Potential H I cand. 0107,107,10.984829053216265,41.29699958708119,13.53467760350675,1.6949752248714844,95.36019565217391,85.82417608695653,45.0,-260.21813036233453,319.0,287.1,45.0,0.8317092944436758,background_gradient_dominates,8.0,,Rejected/potential v9 candidate. background_gradient_dominates
Potential_new_HI_Candidate_0035,Potential new HI Candidate,2DCGSeed v9 rejected/potential candidates,Potential H I cand. 0035,35,9.904172564358197,40.33800769883037,-35.200163356631506,-55.844538070177805,78.91878260869565,74.97284347826087,45.0,-524.1414453737265,264.0,250.8,45.0,0.8284009135141928,background_gradient_dominates,8.0,figures/potential_hi_candidates_v9/new_candidate_0135_v9_pv_diagnostic.png,Rejected/potential v9 candidate. background_gradient_dominates
Potential_new_HI_Candidate_0101,Potential new HI Candidate,2DCGSeed v9 rejected/potential candidates,Potential H I cand. 0101,101,11.255932572256272,41.49612203208148,25.76075223533534,13.64232192488899,95.36019565217391,90.59218586956523,-45.0,-202.4849052035925,319.0,303.05,-45.0,0.8271657891736321,background_gradient_dominates,8.0,,Rejected/potential v9 candidate. background_gradient_dominates
Potential_new_HI_Candidate_0140,Potential new HI Candidate,2DCGSeed v9 rejected/potential candidates,Potential H I cand. 0140,140,9.872427265309836,40.32597815102843,-36.631795069673544,-56.56631093829404,95.36019565217391,85.82417608695653,50.0,-532.3890489678325,319.0,287.1,50.0,0.8247528180737309,background_gradient_dominates,8.0,,Rejected/potential v9 candidate. background_gradient_dominates
Potential_new_HI_Candidate_0272,Potential new HI Candidate,2DCGSeed v9 rejected/potential candidates,Potential H I cand. 0272,272,9.899656057132908,40.38159502114567,-35.40384626936942,-53.229298731259576,129.13982608695653,122.6828347826087,-90.0,-524.1414453737265,432.0,410.4,-90.0,0.8242863000059576,background_gradient_dominates,8.0,,Rejected/potential v9 candidate. background_gradient_dominates
Potential_new_HI_Candidate_0115,Potential new HI Candidate,2DCGSeed v9 rejected/potential candidates,Potential H I cand. 0115,115,11.079685242356405,41.33060377014934,17.812448883735165,3.711226208960454,95.36019565217391,85.82417608695653,-45.0,-235.4753195800165,319.0,287.1,-45.0,0.8236676663268487,background_gradient_dominates,8.0,,Rejected/potential v9 candidate. background_gradient_dominates
Potential_new_HI_Candidate_0206,Potential new HI Candidate,2DCGSeed v9 rejected/potential candidates,Potential H I cand. 0206,206,11.437232845356162,41.6817641429294,33.9369303887552,24.780848575764338,107.61652173913043,86.09321739130435,-90.0,-148.87548184190348,360.0,288.0,-90.0,0.8233327223979271,background_gradient_dominates,8.0,,Rejected/potential v9 candidate. background_gradient_dominates
Potential_new_HI_Candidate_0328,Potential new HI Candidate,2DCGSeed v9 rejected/potential candidates,Potential H I cand. 0328,328,9.942943407538277,40.35854783875412,-33.451697589986004,-54.61212967475262,130.0366304347826,91.02564130434783,55.0,-515.8938417796205,435.0,304.5,55.0,0.8231566087295205,background_gradient_dominates,8.0,,Rejected/potential v9 candidate. background_gradient_dominates
Potential_new_HI_Candidate_0067,Potential new HI Candidate,2DCGSeed v9 rejected/potential candidates,Potential H I cand. 0067,67,10.807260203758428,41.7356629565777,5.526777103185073,28.014777394662076,95.36019565217391,85.82417608695653,45.0,-194.2373016094865,319.0,287.1,45.0,0.822723962488886,background_gradient_dominates,8.0,,Rejected/potential v9 candidate. background_gradient_dominates
Potential_new_HI_Candidate_0133,Potential new HI Candidate,2DCGSeed v9 rejected/potential candidates,Potential H I cand. 0133,133,11.157032695081336,41.46239951504418,21.300620977352608,11.618970902651142,95.36019565217391,85.82417608695653,45.0,-214.8563105947515,319.0,287.1,45.0,0.8223408951792465,background_gradient_dominates,8.0,,Rejected/potential v9 candidate. background_gradient_dominates
Potential_new_HI_Candidate_0131,Potential new HI Candidate,2DCGSeed v9 rejected/potential candidates,Potential H I cand. 0131,131,11.121775752127938,41.428648312413166,19.71062311467363,9.593898744790152,95.36019565217391,85.82417608695653,-45.0,-227.2277159859105,319.0,287.1,-45.0,0.821988205752525,background_gradient_dominates,8.0,,Rejected/potential v9 candidate. background_gradient_dominates
Potential_new_HI_Candidate_0053,Potential new HI Candidate,2DCGSeed v9 rejected/potential candidates,Potential H I cand. 0053,53,11.271483395038231,41.615909790560416,26.462054529720227,20.829587433625107,95.36019565217391,85.82417608695653,-45.0,-173.6182926242215,319.0,287.1,-45.0,0.8215400264535726,background_gradient_dominates,8.0,figures/potential_hi_candidates_v9/new_candidate_0153_v9_pv_diagnostic.png,Rejected/potential v9 candidate. background_gradient_dominates
Potential_new_HI_Candidate_0074,Potential new HI Candidate,2DCGSeed v9 rejected/potential candidates,Potential H I cand. 0074,74,11.14219553141424,42.08777304122345,20.63150288194419,49.14138247340716,78.91878260869565,78.91878260869565,-45.0,-161.2468872330625,264.0,264.0,-45.0,0.8214244620311286,background_gradient_dominates,8.0,figures/potential_hi_candidates_v9/new_candidate_0274_v9_pv_diagnostic.png,Rejected/potential v9 candidate. background_gradient_dominates
Potential_new_HI_Candidate_0156,Potential new HI Candidate,2DCGSeed v9 rejected/potential candidates,Potential H I cand. 0156,156,10.542164618047051,40.83146270504231,-6.428355116981019,-26.23723769746107,95.36019565217391,85.82417608695653,45.0,-400.4273914621365,319.0,287.1,45.0,0.8213763975749087,background_gradient_dominates,8.0,,Rejected/potential v9 candidate. background_gradient_dominates
Potential_new_HI_Candidate_0026,Potential new HI Candidate,2DCGSeed v9 rejected/potential candidates,Potential H I cand. 0026,26,10.871670934220091,41.80377457928627,8.431536143213165,32.101474757176334,78.91878260869565,74.97284347826087,-10.0,-185.9896980153805,264.0,250.8,-10.0,0.8212331069079846,background_gradient_dominates,8.0,figures/potential_hi_candidates_v9/new_candidate_0260_v9_pv_diagnostic.png,Rejected/potential v9 candidate. background_gradient_dominates
Potential_new_HI_Candidate_0042,Potential new HI Candidate,2DCGSeed v9 rejected/potential candidates,Potential H I cand. 0042,42,10.3987311578403,40.72021795131699,-12.896836955205938,-32.91192292098046,78.91878260869565,63.13502608695652,85.0,-466.40822021498445,264.0,211.2,85.0,0.820711778626548,background_gradient_dominates,8.0,,Rejected/potential v9 candidate. background_gradient_dominates
Potential_new_HI_Candidate_0011,Potential new HI Candidate,2DCGSeed v9 rejected/potential candidates,Potential H I cand. 0011,11,10.99935105499478,41.31821113427335,14.189582704614885,2.9676680564010383,65.76565217391304,59.18908695652174,-45.0,-264.3419321593875,220.0,198.0,-45.0,0.8199278816065216,background_gradient_dominates,8.0,,Rejected/potential v9 candidate. background_gradient_dominates
Potential_new_HI_Candidate_0215,Potential new HI Candidate,2DCGSeed v9 rejected/potential candidates,Potential H I cand. 0215,215,11.205231059095444,41.48663817133132,23.47424379735582,13.073290279879473,107.61652173913043,102.23569565217392,-75.0,-169.4944908271685,360.0,342.0,-75.0,0.8195557207547456,background_gradient_dominates,8.0,,Rejected/potential v9 candidate. background_gradient_dominates
Potential_new_HI_Candidate_0124,Potential new HI Candidate,2DCGSeed v9 rejected/potential candidates,Potential H I cand. 0124,124,10.147500540671304,40.51332591526109,-24.22669459108276,-45.32544508433432,95.36019565217391,85.82417608695653,-45.0,-491.15103099730254,319.0,287.1,-45.0,0.8193496737429815,background_gradient_dominates,8.0,,Rejected/potential v9 candidate. background_gradient_dominates
Potential_new_HI_Candidate_0066,Potential new HI Candidate,2DCGSeed v9 rejected/potential candidates,Potential H I cand. 0066,66,10.638256233431068,41.48488006136434,-2.0948692760812997,12.967803681860772,78.91878260869565,78.91878260869565,-45.0,-280.83713934759953,264.0,264.0,-45.0,0.8192085817652525,background_gradient_dominates,8.0,,Rejected/potential v9 candidate. background_gradient_dominates
Potential_new_HI_Candidate_0073,Potential new HI Candidate,2DCGSeed v9 rejected/potential candidates,Potential H I cand. 0073,73,10.690176357968644,41.58211254393754,0.24659541511129235,18.801752636252616,78.91878260869565,71.02690434782609,15.0,-243.7229231741225,264.0,237.6,15.0,0.8167307235441548,background_gradient_dominates,8.0,figures/potential_hi_candidates_v9/new_candidate_0173_v9_pv_diagnostic.png,Rejected/potential v9 candidate. background_gradient_dominates
Potential_new_HI_Candidate_0164,Potential new HI Candidate,2DCGSeed v9 rejected/potential candidates,Potential H I cand. 0164,164,9.784888783755408,40.31851345236316,-40.5795564725178,-57.01419285821004,107.61652173913043,107.61652173913043,-90.0,-553.0080579530975,360.0,360.0,-90.0,0.8163770854559739,background_gradient_dominates,8.0,,Rejected/potential v9 candidate. background_gradient_dominates
Potential_new_HI_Candidate_0027,Potential new HI Candidate,2DCGSeed v9 rejected/potential candidates,Potential H I cand. 0027,27,10.927450229081105,41.17866152662334,10.947039535778428,-5.405308402599616,78.91878260869565,71.02690434782609,45.0,-293.2085447387585,264.0,237.6,45.0,0.816041098346365,background_gradient_dominates,8.0,figures/potential_hi_candidates_v9/new_candidate_0274_v9_pv_diagnostic.png,Rejected/potential v9 candidate. background_gradient_dominates
Potential_new_HI_Candidate_0222,Potential new HI Candidate,2DCGSeed v9 rejected/potential candidates,Potential H I cand. 0222,222,10.505260951788056,40.83432768223626,-8.092615984815742,-26.065339065824418,107.61652173913043,107.61652173913043,-90.0,-408.67499505624255,360.0,360.0,-90.0,0.8158326252990813,background_gradient_dominates,8.0,,Rejected/potential v9 candidate. background_gradient_dominates
Potential_new_HI_Candidate_0116,Potential new HI Candidate,2DCGSeed v9 rejected/potential candidates,Potential H I cand. 0116,116,10.32580232613762,40.65084187218102,-16.185740553235092,-37.074487669138705,95.36019565217391,85.82417608695653,-45.0,-478.7796256061435,319.0,287.1,-45.0,0.814994252799028,background_gradient_dominates,8.0,,Rejected/potential v9 candidate. background_gradient_dominates
Potential_new_HI_Candidate_0125,Potential new HI Candidate,2DCGSeed v9 rejected/potential candidates,Potential H I cand. 0125,125,10.539334390002232,40.86646014392572,-6.555991155877124,-24.137391364456562,89.6804347826087,80.71239130434783,-75.0,-396.3035896650835,300.0,270.0,-75.0,0.8148169199650274,background_gradient_dominates,8.0,,Rejected/potential v9 candidate. background_gradient_dominates
Potential_new_HI_Candidate_0308,Potential new HI Candidate,2DCGSeed v9 rejected/potential candidates,Potential H I cand. 0308,308,10.662887382720172,41.01433041036727,-0.9840675035973124,-15.265175377963516,125.55260869565218,125.55260869565218,-90.0,-412.7987968532954,420.0,420.0,-90.0,0.813054903737087,background_gradient_dominates,8.0,,Rejected/potential v9 candidate. background_gradient_dominates
Potential_new_HI_Candidate_0281,Potential new HI Candidate,2DCGSeed v9 rejected/potential candidates,Potential H I cand. 0281,281,11.133666690327493,42.01974319682942,20.246873984396803,45.05959180976518,125.55260869565218,125.55260869565218,-90.0,-161.2468872330625,420.0,420.0,-90.0,0.8118875235201083,background_gradient_dominates,8.0,,Rejected/potential v9 candidate. background_gradient_dominates
Potential_new_HI_Candidate_0059,Potential new HI Candidate,2DCGSeed v9 rejected/potential candidates,Potential H I cand. 0059,59,10.992556047445817,41.289062559943446,13.883145260676002,1.2187535966069163,78.91878260869565,74.97284347826087,45.0,-284.96094114465245,264.0,250.8,45.0,0.8118056813116152,background_gradient_dominates,8.0,figures/potential_hi_candidates_v9/new_candidate_0259_v9_pv_diagnostic.png,Rejected/potential v9 candidate. background_gradient_dominates
Potential_new_HI_Candidate_0056,Potential new HI Candidate,2DCGSeed v9 rejected/potential candidates,Potential H I cand. 0056,56,10.097065896890374,40.45195934480055,-26.501167903265564,-49.00743931196686,78.91878260869565,74.97284347826087,45.0,-495.2748327943555,264.0,250.8,45.0,0.810568207529705,background_gradient_dominates,8.0,,Rejected/potential v9 candidate. background_gradient_dominates
Potential_new_HI_Candidate_0118,Potential new HI Candidate,2DCGSeed v9 rejected/potential candidates,Potential H I cand. 0118,118,10.688838511796556,40.97058191220218,0.18626197789226387,-17.890085267869154,89.6804347826087,80.71239130434783,-75.0,-396.3035896650835,300.0,270.0,-75.0,0.810257264810776,background_gradient_dominates,8.0,,Rejected/potential v9 candidate. background_gradient_dominates
Potential_new_HI_Candidate_0084,Potential new HI Candidate,2DCGSeed v9 rejected/potential candidates,Potential H I cand. 0084,84,10.17708362500391,41.01918531553081,-22.892573226037925,-14.973881068151087,78.91878260869565,63.13502608695652,40.0,-437.5416076356135,264.0,211.2,40.0,0.8099542507643855,background_gradient_dominates,8.0,,Rejected/potential v9 candidate. background_gradient_dominates
Potential_new_HI_Candidate_0344,Potential new HI Candidate,2DCGSeed v9 rejected/potential candidates,Potential H I cand. 0344,344,9.851073348308136,40.40264249330422,-37.59480205633733,-51.966450401746584,150.6631304347826,150.6631304347826,-90.0,-548.8842561560446,504.0,504.0,-90.0,0.8079736279442579,background_gradient_dominates,8.0,,Rejected/potential v9 candidate. background_gradient_dominates
Potential_new_HI_Candidate_0117,Potential new HI Candidate,2DCGSeed v9 rejected/potential candidates,Potential H I cand. 0117,117,10.134693991127044,40.71550450100736,-24.804237188311937,-33.19472993955827,95.36019565217391,85.82417608695653,45.0,-565.3794633442565,319.0,287.1,45.0,0.8074144945427717,background_gradient_dominates,8.0,,Rejected/potential v9 candidate. background_gradient_dominates
Potential_new_HI_Candidate_0091,Potential new HI Candidate,2DCGSeed v9 rejected/potential candidates,Potential H I cand. 0091,91,10.052622812905906,40.67424469504065,-28.50543720816733,-35.6703182975609,89.6804347826087,89.6804347826087,-90.0,-577.7508687354155,300.0,300.0,-90.0,0.8073646613018902,background_gradient_dominates,8.0,figures/potential_hi_candidates_v9/new_candidate_0291_v9_pv_diagnostic.png,Rejected/potential v9 candidate. background_gradient_dominates
Potential_new_HI_Candidate_0039,Potential new HI Candidate,2DCGSeed v9 rejected/potential candidates,Potential H I cand. 0039,39,10.781756944848247,41.11248680783952,4.376645419557959,-9.375791529628827,78.91878260869565,71.02690434782609,15.0,-330.3227609122355,264.0,237.6,15.0,0.8058033206152919,background_gradient_dominates,8.0,,Rejected/potential v9 candidate. background_gradient_dominates
Potential_new_HI_Candidate_0057,Potential new HI Candidate,2DCGSeed v9 rejected/potential candidates,Potential H I cand. 0057,57,10.040981022388875,40.43790498288239,-29.030452155274396,-49.85070102705663,89.6804347826087,85.19641304347826,0.0,-507.64623818551456,300.0,285.0,0.0,0.8051247191657128,background_gradient_dominates,8.0,figures/potential_hi_candidates_v9/new_candidate_0157_v9_pv_diagnostic.png,Rejected/potential v9 candidate. background_gradient_dominates
Potential_new_HI_Candidate_0235,Potential new HI Candidate,2DCGSeed v9 rejected/potential candidates,Potential H I cand. 0235,235,9.89317104361802,40.40585956543133,-35.69630377601559,-51.77342607412015,107.61652173913043,102.23569565217392,-70.0,-544.7604543589915,360.0,342.0,-70.0,0.8047888444921948,background_gradient_dominates,8.0,,Rejected/potential v9 candidate. background_gradient_dominates
Potential_new_HI_Candidate_0098,Potential new HI Candidate,2DCGSeed v9 rejected/potential candidates,Potential H I cand. 0098,98,9.98093619471502,40.941205282566266,-31.738320157118718,-19.652683046023895,89.6804347826087,89.6804347826087,-90.0,-429.2940040415075,300.0,300.0,-90.0,0.8047069649231251,background_gradient_dominates,8.0,,Rejected/potential v9 candidate. background_gradient_dominates
Potential_new_HI_Candidate_0040,Potential new HI Candidate,2DCGSeed v9 rejected/potential candidates,Potential H I cand. 0040,40,10.40682158943186,41.23760999520043,-12.531979203479302,-1.8684002879740547,78.91878260869565,55.24314782608696,45.0,-383.93218427392446,264.0,184.8,45.0,0.8046431714740816,background_gradient_dominates,8.0,figures/potential_hi_candidates_v9/new_candidate_0240_v9_pv_diagnostic.png,Rejected/potential v9 candidate. background_gradient_dominates
Potential_new_HI_Candidate_0256,Potential new HI Candidate,2DCGSeed v9 rejected/potential candidates,Potential H I cand. 0256,256,10.478385694890036,41.50220587399261,-9.30462126511705,14.007352439556655,125.55260869565218,119.27497826086957,-45.0,-272.58953575349346,420.0,399.0,-45.0,0.8043951281028909,background_gradient_dominates,8.0,,Rejected/potential v9 candidate. background_gradient_dominates
Potential_new_HI_Candidate_0014,Potential new HI Candidate,2DCGSeed v9 rejected/potential candidates,Potential H I cand. 0014,14,10.679637565337757,41.01627684238913,-0.22867715121633841,-15.148389456651898,65.76565217391304,59.18908695652174,-45.0,-371.5607788827655,220.0,198.0,-45.0,0.8043935856393359,background_gradient_dominates,8.0,figures/potential_hi_candidates_v9/new_candidate_0144_v9_pv_diagnostic.png,Rejected/potential v9 candidate. background_gradient_dominates
Potential_new_HI_Candidate_0043,Potential new HI Candidate,2DCGSeed v9 rejected/potential candidates,Potential H I cand. 0043,43,11.055971688128569,41.93709187939498,16.743028299295418,40.10051276369879,78.91878260869565,71.02690434782609,-75.0,-148.87548184190348,264.0,237.6,-75.0,0.804015378057503,background_gradient_dominates,8.0,,Rejected/potential v9 candidate. background_gradient_dominates
Potential_new_HI_Candidate_0146,Potential new HI Candidate,2DCGSeed v9 rejected/potential candidates,Potential H I cand. 0146,146,10.46153801020536,40.73508043600882,-10.064408711099933,-32.020173839470516,89.6804347826087,80.71239130434783,-45.0,-429.2940040415075,300.0,270.0,-45.0,0.8035287063747877,background_gradient_dominates,8.0,,Rejected/potential v9 candidate. background_gradient_dominates
Potential_new_HI_Candidate_0076,Potential new HI Candidate,2DCGSeed v9 rejected/potential candidates,Potential H I cand. 0076,76,9.831487786241803,40.63766796861724,-38.47806076274295,-37.86492188296563,78.91878260869565,78.91878260869565,45.0,-499.3986345914085,264.0,264.0,45.0,0.8033305020494431,background_gradient_dominates,8.0,,Rejected/potential v9 candidate. background_gradient_dominates
Potential_new_HI_Candidate_0347,Potential new HI Candidate,2DCGSeed v9 rejected/potential candidates,Potential H I cand. 0347,347,9.856464929353448,40.33503151441425,-37.35165555467271,-56.023109135145006,180.79575652173912,180.79575652173912,-90.0,-553.0080579530975,604.8,604.8,-90.0,0.8033028990968798,background_gradient_dominates,8.0,,Rejected/potential v9 candidate. background_gradient_dominates
Potential_new_HI_Candidate_0220,Potential new HI Candidate,2DCGSeed v9 rejected/potential candidates,Potential H I cand. 0220,220,10.248109427302486,41.079616712184354,-19.689491382014527,-11.347997268938599,114.4322347826087,102.98901130434784,-80.0,-449.9130130267725,382.8,344.52000000000004,-80.0,0.801384453023338,background_gradient_dominates,8.0,,Rejected/potential v9 candidate. background_gradient_dominates
Potential_new_HI_Candidate_0188,Potential new HI Candidate,2DCGSeed v9 rejected/potential candidates,Potential H I cand. 0188,188,11.058210656561602,41.262757778178745,16.84400004343769,-0.35953330927512184,95.36019565217391,85.82417608695653,25.0,-251.97052676822847,319.0,287.1,25.0,0.8003026130397456,background_gradient_dominates,8.0,,Rejected/potential v9 candidate. background_gradient_dominates
Potential_new_HI_Candidate_0266,Potential new HI Candidate,2DCGSeed v9 rejected/potential candidates,Potential H I cand. 0266,266,10.495939514685498,40.75555984032921,-8.512988933478788,-30.79140958024709,107.61652173913043,102.23569565217392,85.0,-416.9225986503485,360.0,342.0,85.0,0.7987476045702816,background_gradient_dominates,8.0,,Rejected/potential v9 candidate. background_gradient_dominates
Potential_new_HI_Candidate_0041,Potential new HI Candidate,2DCGSeed v9 rejected/potential candidates,Potential H I cand. 0041,41,10.140390566403784,40.91484749267144,-24.547336227653513,-21.234150439713346,78.91878260869565,78.91878260869565,-45.0,-499.3986345914085,264.0,264.0,-45.0,0.7987353398726235,background_gradient_dominates,8.0,,Rejected/potential v9 candidate. background_gradient_dominates
Potential_new_HI_Candidate_0277,Potential new HI Candidate,2DCGSeed v9 rejected/potential candidates,Potential H I cand. 0277,277,10.776040911345683,41.111519247078974,4.118866942731675,-9.43384517526141,129.13982608695653,129.13982608695653,-90.0,-367.4369770857125,432.0,432.0,-90.0,0.7987180283535844,background_gradient_dominates,8.0,,Rejected/potential v9 candidate. background_gradient_dominates
Potential_new_HI_Candidate_0184,Potential new HI Candidate,2DCGSeed v9 rejected/potential candidates,Potential H I cand. 0184,184,10.735499597943315,41.60446307086194,2.2905575018034647,20.142784251716535,95.36019565217391,57.21611739130435,45.0,-243.7229231741225,319.0,191.4,45.0,0.7968785446659153,diffuse_growth_tail,8.0,,Rejected/potential v9 candidate. diffuse_growth_tail
Potential_new_HI_Candidate_0030,Potential new HI Candidate,2DCGSeed v9 rejected/potential candidates,Potential H I cand. 0030,30,10.812190238665014,41.12092945721941,5.749109055639533,-8.869232566835166,78.91878260869565,71.02690434782609,45.0,-334.4465627092885,264.0,237.6,45.0,0.7955107991163258,background_gradient_dominates,8.0,figures/potential_hi_candidates_v9/new_candidate_0307_v9_pv_diagnostic.png,Rejected/potential v9 candidate. background_gradient_dominates
Potential_new_HI_Candidate_0287,Potential new HI Candidate,2DCGSeed v9 rejected/potential candidates,Potential H I cand. 0287,287,10.921562183828277,41.28534085678299,10.68150376939823,0.9954514069794129,125.55260869565218,125.55260869565218,-90.0,-284.96094114465245,420.0,420.0,-90.0,0.7952423073270176,background_gradient_dominates,8.0,,Rejected/potential v9 candidate. background_gradient_dominates
Potential_new_HI_Candidate_0122,Potential new HI Candidate,2DCGSeed v9 rejected/potential candidates,Potential H I cand. 0122,122,10.91180504742452,41.82495433732096,10.24148189772473,33.3722602392578,95.36019565217391,85.82417608695653,-45.0,-190.1134998124335,319.0,287.1,-45.0,0.7951823281070327,background_gradient_dominates,8.0,,Rejected/potential v9 candidate. background_gradient_dominates
Potential_new_HI_Candidate_0262,Potential new HI Candidate,2DCGSeed v9 rejected/potential candidates,Potential H I cand. 0262,262,10.62960428069496,40.97431879753765,-2.48505019382554,-17.665872147740913,107.61652173913043,102.23569565217392,-55.0,-400.4273914621365,360.0,342.0,-55.0,0.7923596662257327,background_gradient_dominates,8.0,,Rejected/potential v9 candidate. background_gradient_dominates
Potential_new_HI_Candidate_0209,Potential new HI Candidate,2DCGSeed v9 rejected/potential candidates,Potential H I cand. 0209,209,10.55545362870622,41.44912256788556,-5.829054758662254,10.822354073133766,130.0366304347826,130.0366304347826,-90.0,-301.4561483328645,435.0,435.0,-90.0,0.791376111972602,background_gradient_dominates,8.0,,Rejected/potential v9 candidate. background_gradient_dominates
Potential_new_HI_Candidate_0339,Potential new HI Candidate,2DCGSeed v9 rejected/potential candidates,Potential H I cand. 0339,339,10.796000898435077,41.14164072878208,5.019011259077661,-7.626556273075096,150.6631304347826,150.6631304347826,-90.0,-317.9513555210765,504.0,504.0,-90.0,0.7902161842307955,background_gradient_dominates,8.0,,Rejected/potential v9 candidate. background_gradient_dominates
Potential_new_HI_Candidate_0305,Potential new HI Candidate,2DCGSeed v9 rejected/potential candidates,Potential H I cand. 0305,305,10.201787596733723,40.81303441736791,-21.778487347917274,-27.34293495792528,125.55260869565218,125.55260869565218,-90.0,-557.1318597501505,420.0,420.0,-90.0,0.7896269711530306,background_gradient_dominates,8.0,,Rejected/potential v9 candidate. background_gradient_dominates
Potential_new_HI_Candidate_0226,Potential new HI Candidate,2DCGSeed v9 rejected/potential candidates,Potential H I cand. 0226,226,10.774947192361584,40.98610242196871,4.06954301667862,-16.958854681877256,107.61652173913043,96.8548695652174,-45.0,-346.8179681004475,360.0,324.0,-45.0,0.7895794787930258,background_gradient_dominates,8.0,,Rejected/potential v9 candidate. background_gradient_dominates
Potential_new_HI_Candidate_0201,Potential new HI Candidate,2DCGSeed v9 rejected/potential candidates,Potential H I cand. 0201,201,10.278511196626258,41.07972790844988,-18.31844941985828,-11.341325493006877,95.36019565217391,66.75213695652174,35.0,-458.1606166208785,319.0,223.3,35.0,0.7895543214178761,background_gradient_dominates,8.0,,Rejected/potential v9 candidate. background_gradient_dominates
Potential_new_HI_Candidate_0361,Potential new HI Candidate,2DCGSeed v9 rejected/potential candidates,Potential H I cand. 0361,361,11.108246877803978,41.42772631419802,19.100505519169626,9.538578851881283,150.6631304347826,150.6631304347826,-90.0,-227.2277159859105,504.0,504.0,-90.0,0.7895406244743782,background_gradient_dominates,8.0,,Rejected/potential v9 candidate. background_gradient_dominates
Potential_new_HI_Candidate_0241,Potential new HI Candidate,2DCGSeed v9 rejected/potential candidates,Potential H I cand. 0241,241,10.271969664757444,41.06512107635332,-18.613455759568705,-12.217735418800544,114.4322347826087,80.10256434782609,-5.0,-437.5416076356135,382.8,267.96,-5.0,0.7888318353612562,background_gradient_dominates,8.0,,Rejected/potential v9 candidate. background_gradient_dominates
Potential_new_HI_Candidate_0286,Potential new HI Candidate,2DCGSeed v9 rejected/potential candidates,Potential H I cand. 0286,286,10.376269563777504,40.86113773848541,-13.909797341459972,-24.456735690875178,114.4322347826087,91.54578782608696,45.0,-511.7700399825675,382.8,306.24,45.0,0.7875536335572191,background_gradient_dominates,8.0,,Rejected/potential v9 candidate. background_gradient_dominates
Potential_new_HI_Candidate_0348,Potential new HI Candidate,2DCGSeed v9 rejected/potential candidates,Potential H I cand. 0348,348,10.239162785374864,40.57580932172498,-20.09296202783529,-41.576440696500896,150.6631304347826,150.6631304347826,-90.0,-478.7796256061435,504.0,504.0,-90.0,0.7813667612745091,background_gradient_dominates,8.0,,Rejected/potential v9 candidate. background_gradient_dominates
Potential_new_HI_Candidate_0279,Potential new HI Candidate,2DCGSeed v9 rejected/potential candidates,Potential H I cand. 0279,279,10.237412354030845,41.08110348564346,-20.171902000011443,-11.258790861392214,114.4322347826087,91.54578782608696,30.0,-416.9225986503485,382.8,306.24,30.0,0.7810866599279879,diffuse_growth_tail,8.0,,Rejected/potential v9 candidate. diffuse_growth_tail
Potential_new_HI_Candidate_0190,Potential new HI Candidate,2DCGSeed v9 rejected/potential candidates,Potential H I cand. 0190,190,10.449836790780164,40.882145706622346,-10.592103749815838,-23.196257602659074,95.36019565217391,76.28815652173913,35.0,-482.9034274031965,319.0,255.2,35.0,0.7808975454700096,background_gradient_dominates,8.0,,Rejected/potential v9 candidate. background_gradient_dominates
Potential_new_HI_Candidate_0346,Potential new HI Candidate,2DCGSeed v9 rejected/potential candidates,Potential H I cand. 0346,346,10.703371107782482,40.97321940754685,0.841644850631471,-17.731835547188837,150.6631304347826,150.6631304347826,-90.0,-346.8179681004475,504.0,504.0,-90.0,0.7799504446433705,background_gradient_dominates,8.0,,Rejected/potential v9 candidate. background_gradient_dominates
Potential_new_HI_Candidate_0141,Potential new HI Candidate,2DCGSeed v9 rejected/potential candidates,Potential H I cand. 0141,141,10.982110733422898,41.22783953283764,13.41208834024465,-2.4546280297413148,95.36019565217391,95.36019565217391,-90.0,-280.83713934759953,319.0,319.0,-90.0,0.7798268348188665,background_gradient_dominates,8.0,,Rejected/potential v9 candidate. background_gradient_dominates
Potential_new_HI_Candidate_0330,Potential new HI Candidate,2DCGSeed v9 rejected/potential candidates,Potential H I cand. 0330,330,10.940695232212532,41.21529977322328,11.544355267263763,-3.207013606603084,125.55260869565218,125.55260869565218,-90.0,-309.70375192697054,420.0,420.0,-90.0,0.7730808234626281,background_gradient_dominates,8.0,,Rejected/potential v9 candidate. background_gradient_dominates
Potential_new_HI_Candidate_0269,Potential new HI Candidate,2DCGSeed v9 rejected/potential candidates,Potential H I cand. 0269,269,10.176137074853736,40.61568869172776,-22.935260214461263,-39.183678496334124,107.61652173913043,102.23569565217392,-50.0,-553.0080579530975,360.0,342.0,-50.0,0.7730398511565525,background_gradient_dominates,8.0,,Rejected/potential v9 candidate. background_gradient_dominates
Potential_new_HI_Candidate_0104,Potential new HI Candidate,2DCGSeed v9 rejected/potential candidates,Potential H I cand. 0104,104,10.388751452913873,41.23089839186892,-13.346896097433925,-2.271096487864668,78.91878260869565,78.91878260869565,45.0,-404.5511932591895,264.0,264.0,45.0,0.7711536268579965,background_gradient_dominates,8.0,,Rejected/potential v9 candidate. background_gradient_dominates
Potential_new_HI_Candidate_0322,Potential new HI Candidate,2DCGSeed v9 rejected/potential candidates,Potential H I cand. 0322,322,11.277075932490431,41.53698954068072,26.71426365084862,16.094372440843472,129.13982608695653,122.6828347826087,-90.0,-161.2468872330625,432.0,410.4,-90.0,0.769633436680396,background_gradient_dominates,8.0,,Rejected/potential v9 candidate. background_gradient_dominates
Potential_new_HI_Candidate_0194,Potential new HI Candidate,2DCGSeed v9 rejected/potential candidates,Potential H I cand. 0194,194,10.535677177851566,40.8593719326808,-6.720922060709341,-24.562684039151748,95.36019565217391,76.28815652173913,25.0,-421.0464004474015,319.0,255.2,25.0,0.7688731242455192,background_gradient_dominates,8.0,,Rejected/potential v9 candidate. background_gradient_dominates
Potential_new_HI_Candidate_0197,Potential new HI Candidate,2DCGSeed v9 rejected/potential candidates,Potential H I cand. 0197,197,10.413216623451484,41.29873661964052,-12.24357954170484,1.7991971784314842,95.36019565217391,85.82417608695653,45.0,-371.5607788827655,319.0,287.1,45.0,0.7669537337530511,background_gradient_dominates,8.0,,Rejected/potential v9 candidate. background_gradient_dominates
Potential_new_HI_Candidate_0300,Potential new HI Candidate,2DCGSeed v9 rejected/potential candidates,Potential H I cand. 0300,300,11.186159492067164,41.37005311326005,22.614164951240692,6.078186795603102,125.55260869565218,125.55260869565218,-90.0,-218.98011239180448,420.0,420.0,-90.0,0.7659447237106702,background_gradient_dominates,8.0,,Rejected/potential v9 candidate. background_gradient_dominates
Potential_new_HI_Candidate_0243,Potential new HI Candidate,2DCGSeed v9 rejected/potential candidates,Potential H I cand. 0243,243,10.36184451290341,40.73095384025727,-14.56033020499158,-32.26776958456355,114.4322347826087,114.4322347826087,-45.0,-462.28441841793153,382.8,382.8,-45.0,0.7658187921557246,near_mask_edge;background_gradient_dominates,8.0,,Rejected/potential v9 candidate. near_mask_edge;background_gradient_dominates
Potential_new_HI_Candidate_0139,Potential new HI Candidate,2DCGSeed v9 rejected/potential candidates,Potential H I cand. 0139,139,10.107944687643712,40.67259210998291,-26.010562292075644,-35.76947340102535,89.6804347826087,89.6804347826087,-90.0,-581.8746705324686,300.0,300.0,-90.0,0.7648601385588103,background_gradient_dominates,8.0,,Rejected/potential v9 candidate. background_gradient_dominates
Potential_new_HI_Candidate_0360,Potential new HI Candidate,2DCGSeed v9 rejected/potential candidates,Potential H I cand. 0360,360,11.107032422734102,41.44036983798296,19.045736704755544,10.297190278977979,150.6631304347826,150.6631304347826,-90.0,-214.8563105947515,504.0,504.0,-90.0,0.7645684856301888,background_gradient_dominates,8.0,,Rejected/potential v9 candidate. background_gradient_dominates
Potential_new_HI_Candidate_0219,Potential new HI Candidate,2DCGSeed v9 rejected/potential candidates,Potential H I cand. 0219,219,9.854288592356417,40.73228930324588,-37.44980278139975,-32.187641805247154,107.61652173913043,107.61652173913043,-90.0,-474.6558238090905,360.0,360.0,-90.0,0.7640804304459023,low_inner_valid_fraction;near_mask_edge;background_gradient_dominates,8.0,,Rejected/potential v9 candidate. low_inner_valid_fraction;near_mask_edge;background_gradient_dominates
Potential_new_HI_Candidate_0077,Potential new HI Candidate,2DCGSeed v9 rejected/potential candidates,Potential H I cand. 0077,77,10.05454399461143,40.64536400988256,-28.418796831840886,-37.40315940704605,95.36019565217391,85.82417608695653,-45.0,-581.8746705324686,319.0,287.1,-45.0,0.7639790964356936,background_gradient_dominates,8.0,,Rejected/potential v9 candidate. background_gradient_dominates
Potential_new_HI_Candidate_0297,Potential new HI Candidate,2DCGSeed v9 rejected/potential candidates,Potential H I cand. 0297,297,11.289458813394807,42.16294852921433,27.27269987709178,53.651911752860144,125.55260869565218,125.55260869565218,-90.0,-148.87548184190348,420.0,420.0,-90.0,0.7607546650417326,near_mask_edge,8.0,,Rejected/potential v9 candidate. near_mask_edge
Potential_new_HI_Candidate_0121,Potential new HI Candidate,2DCGSeed v9 rejected/potential candidates,Potential H I cand. 0121,121,10.016273730780387,40.353167281978415,-30.144687751423728,-54.93496308129494,89.6804347826087,89.6804347826087,-90.0,-536.5128507648855,300.0,300.0,-90.0,0.7582083092607925,background_gradient_dominates,8.0,,Rejected/potential v9 candidate. background_gradient_dominates
Potential_new_HI_Candidate_0187,Potential new HI Candidate,2DCGSeed v9 rejected/potential candidates,Potential H I cand. 0187,187,10.763461577028462,41.0747227721449,3.5515711705274877,-11.641633671305698,95.36019565217391,85.82417608695653,-45.0,-363.3131752886595,319.0,287.1,-45.0,0.7572971510711834,background_gradient_dominates;diffuse_growth_tail,8.0,,Rejected/potential v9 candidate. background_gradient_dominates;diffuse_growth_tail
Potential_new_HI_Candidate_0326,Potential new HI Candidate,2DCGSeed v9 rejected/potential candidates,Potential H I cand. 0326,326,10.595448916371517,41.47027154216654,-4.025369680545598,12.091292529992756,129.13982608695653,90.39787826086956,50.0,-280.83713934759953,432.0,302.4,50.0,0.7561236477446008,background_gradient_dominates;diffuse_growth_tail,8.0,,Rejected/potential v9 candidate. background_gradient_dominates;diffuse_growth_tail
Potential_new_HI_Candidate_0191,Potential new HI Candidate,2DCGSeed v9 rejected/potential candidates,Potential H I cand. 0191,191,10.47362561838162,41.31233499235971,-9.519288528940088,2.6150995415827083,95.36019565217391,85.82417608695653,-45.0,-367.4369770857125,319.0,287.1,-45.0,0.7545304311431538,background_gradient_dominates,8.0,,Rejected/potential v9 candidate. background_gradient_dominates
Potential_new_HI_Candidate_0052,Potential new HI Candidate,2DCGSeed v9 rejected/potential candidates,Potential H I cand. 0052,52,11.028154030756664,41.83342015853376,15.48852317034739,33.880209512025914,78.91878260869565,78.91878260869565,-45.0,-144.7516800448505,264.0,264.0,-45.0,0.7541816369822028,background_gradient_dominates,8.0,,Rejected/potential v9 candidate. background_gradient_dominates
Potential_new_HI_Candidate_0338,Potential new HI Candidate,2DCGSeed v9 rejected/potential candidates,Potential H I cand. 0338,338,11.05637663404981,41.297625121458886,16.761290323604374,1.7325072875333092,130.0366304347826,91.02564130434783,30.0,-243.7229231741225,435.0,304.5,30.0,0.7519700107173509,background_gradient_dominates,8.0,,Rejected/potential v9 candidate. background_gradient_dominates
Potential_new_HI_Candidate_0320,Potential new HI Candidate,2DCGSeed v9 rejected/potential candidates,Potential H I cand. 0320,320,10.108882103660244,40.712460823891256,-25.968287229694408,-33.377350566524484,125.55260869565218,125.55260869565218,-90.0,-585.9984723295215,420.0,420.0,-90.0,0.7517452366583787,background_gradient_dominates,8.0,,Rejected/potential v9 candidate. background_gradient_dominates
Potential_new_HI_Candidate_0071,Potential new HI Candidate,2DCGSeed v9 rejected/potential candidates,Potential H I cand. 0071,71,10.380107216984015,40.82531344110822,-13.736729006972709,-26.60619353350654,78.91878260869565,74.97284347826087,-40.0,-503.52243638846153,264.0,250.8,-40.0,0.7512063410118918,background_gradient_dominates,8.0,,Rejected/potential v9 candidate. background_gradient_dominates
Potential_new_HI_Candidate_0301,Potential new HI Candidate,2DCGSeed v9 rejected/potential candidates,Potential H I cand. 0301,301,11.107953085211136,42.08887419076152,19.08725622539769,49.20745144569153,125.55260869565218,125.55260869565218,-90.0,-181.86589621832752,420.0,420.0,-90.0,0.7464895566559753,near_mask_edge;background_gradient_dominates,8.0,,Rejected/potential v9 candidate. near_mask_edge;background_gradient_dominates
Potential_new_HI_Candidate_0170,Potential new HI Candidate,2DCGSeed v9 rejected/potential candidates,Potential H I cand. 0170,170,10.516280352737404,41.47810022833324,-7.595669213774805,12.561013699994561,107.61652173913043,107.61652173913043,-90.0,-268.4657339564405,360.0,360.0,-90.0,0.7413889282182752,background_gradient_dominates,8.0,,Rejected/potential v9 candidate. background_gradient_dominates
Potential_new_HI_Candidate_0321,Potential new HI Candidate,2DCGSeed v9 rejected/potential candidates,Potential H I cand. 0321,321,9.998029906339104,40.88880600783818,-30.967437526044662,-22.79663952970921,125.55260869565218,125.55260869565218,-90.0,-425.1702022444545,420.0,420.0,-90.0,0.7392313042720066,background_gradient_dominates,8.0,,Rejected/potential v9 candidate. background_gradient_dominates
Potential_new_HI_Candidate_0248,Potential new HI Candidate,2DCGSeed v9 rejected/potential candidates,Potential H I cand. 0248,248,10.025761489260232,40.70520686136858,-29.71681413445964,-33.812588317885,114.4322347826087,91.54578782608696,-15.0,-561.2556615472035,382.8,306.24,-15.0,0.7371789388267841,background_gradient_dominates,8.0,,Rejected/potential v9 candidate. background_gradient_dominates
Potential_new_HI_Candidate_0177,Potential new HI Candidate,2DCGSeed v9 rejected/potential candidates,Potential H I cand. 0177,177,10.25008263766848,41.03198435847176,-19.600504646304227,-14.205938491694212,107.61652173913043,107.61652173913043,-90.0,-462.28441841793153,360.0,360.0,-90.0,0.720006031058507,background_gradient_dominates,8.0,,Rejected/potential v9 candidate. background_gradient_dominates
Potential_new_HI_Candidate_0334,Potential new HI Candidate,2DCGSeed v9 rejected/potential candidates,Potential H I cand. 0334,334,10.721964403368649,40.997798539236726,1.6801548791736363,-16.257087645796275,150.6631304347826,150.6631304347826,-90.0,-363.3131752886595,504.0,504.0,-90.0,0.7058427073453127,off_center_deficit_peak;background_gradient_dominates,8.0,,Rejected/potential v9 candidate. off_center_deficit_peak;background_gradient_dominates
Potential_new_HI_Candidate_0085,Potential new HI Candidate,2DCGSeed v9 rejected/potential candidates,Potential H I cand. 0085,85,10.249249180902709,40.627518996612125,-19.638091412631766,-38.47386020327235,78.91878260869565,63.13502608695652,-90.0,-507.64623818551456,264.0,211.2,-90.0,0.6908590942062802,background_gradient_dominates;diffuse_growth_tail,8.0,figures/potential_hi_candidates_v9/new_candidate_0185_v9_pv_diagnostic.png,Rejected/potential v9 candidate. background_gradient_dominates;diffuse_growth_tail
Potential_new_HI_Candidate_0055,Potential new HI Candidate,2DCGSeed v9 rejected/potential candidates,Potential H I cand. 0055,55,10.730287034976698,41.58779828865051,2.055484257167466,19.142897319030823,78.91878260869565,78.91878260869565,-45.0,-210.73250879769853,264.0,264.0,-45.0,0.6739564315470509,background_gradient_dominates;diffuse_growth_tail,8.0,figures/potential_hi_candidates_v9/new_candidate_0155_v9_pv_diagnostic.png,Rejected/potential v9 candidate. background_gradient_dominates;diffuse_growth_tail
Potential_new_HI_Candidate_0232,Potential new HI Candidate,2DCGSeed v9 rejected/potential candidates,Potential H I cand. 0232,232,10.223365831157285,41.034658240860345,-20.805364219823087,-14.045505548379111,107.61652173913043,75.3315652173913,75.0,-445.7892112297195,360.0,252.0,75.0,0.6668354430379747,off_center_deficit_peak;background_gradient_dominates;diffuse_growth_tail,8.0,,Rejected/potential v9 candidate. off_center_deficit_peak;background_gradient_dominates;diffuse_growth_tail
Potential_new_HI_Candidate_0345,Potential new HI Candidate,2DCGSeed v9 rejected/potential candidates,Potential H I cand. 0345,345,10.16506829927418,40.41520131086429,-23.4344336549161,-51.2129213481424,150.6631304347826,150.6631304347826,-90.0,-503.52243638846153,504.0,504.0,-90.0,0.6471532594814275,off_center_deficit_peak;background_gradient_dominates,8.0,,Rejected/potential v9 candidate. off_center_deficit_peak;background_gradient_dominates
Potential_new_HI_Candidate_0168,Potential new HI Candidate,2DCGSeed v9 rejected/potential candidates,Potential H I cand. 0168,168,10.09521699730309,40.68294475272764,-26.584548541115385,-35.14831483634126,95.36019565217391,85.82417608695653,45.0,-573.6270669383625,319.0,287.1,45.0,0.6129035488053064,off_center_deficit_peak;background_gradient_dominates;diffuse_growth_tail,8.0,,Rejected/potential v9 candidate. off_center_deficit_peak;background_gradient_dominates;diffuse_growth_tail
Potential_new_HI_Candidate_0088,Potential new HI Candidate,2DCGSeed v9 rejected/potential candidates,Potential H I cand. 0088,88,11.228707413846491,41.96183396498236,24.532967292668417,41.585037898941835,78.91878260869565,78.91878260869565,-90.0,-74.6470494949495,264.0,264.0,-90.0,0.1379826484595605,foreground_confusion_velocity;low_v9_final_score,8.0,,Rejected/potential v9 candidate. foreground_confusion_velocity;low_v9_final_score
Potential_new_HI_Candidate_0032,Potential new HI Candidate,2DCGSeed v9 rejected/potential candidates,Potential H I cand. 0032,32,11.24384954348406,42.04829921842972,25.215838572573947,46.7729531057833,78.91878260869565,78.91878260869565,-45.0,-120.0088692625325,264.0,264.0,-45.0,0.1339251694013931,foreground_confusion_velocity;low_v9_final_score,8.0,figures/potential_hi_candidates_v9/new_candidate_0132_v9_pv_diagnostic.png,Rejected/potential v9 candidate. foreground_confusion_velocity;low_v9_final_score
Potential_new_HI_Candidate_0019,Potential new HI Candidate,2DCGSeed v9 rejected/potential candidates,Potential H I cand. 0019,19,11.172711370890278,41.99152844759467,22.007689115926226,43.366706855680235,78.91878260869565,78.91878260869565,-45.0,-132.3802746536915,264.0,264.0,-45.0,0.1335500888768269,foreground_confusion_velocity;low_v9_final_score,8.0,figures/potential_hi_candidates_v9/new_candidate_0195_v9_pv_diagnostic.png,Rejected/potential v9 candidate. foreground_confusion_velocity;low_v9_final_score
Potential_new_HI_Candidate_0198,Potential new HI Candidate,2DCGSeed v9 rejected/potential candidates,Potential H I cand. 0198,198,11.080311674411492,41.85756190829904,17.840699365633693,35.32871449794257,95.36019565217391,66.75213695652174,-70.0,-132.3802746536915,319.0,223.3,-70.0,0.129660075039948,foreground_confusion_velocity;low_v9_final_score,8.0,,Rejected/potential v9 candidate. foreground_confusion_velocity;low_v9_final_score
Potential_new_HI_Candidate_0217,Potential new HI Candidate,2DCGSeed v9 rejected/potential candidates,Potential H I cand. 0217,217,11.299226502911065,42.10747330495413,27.713197667121097,50.32339829724776,107.61652173913043,102.23569565217392,-90.0,-111.76126566842647,360.0,342.0,-90.0,0.1295467631585394,foreground_confusion_velocity;low_v9_final_score,8.0,,Rejected/potential v9 candidate. foreground_confusion_velocity;low_v9_final_score
Potential_new_HI_Candidate_0258,Potential new HI Candidate,2DCGSeed v9 rejected/potential candidates,Potential H I cand. 0258,258,11.309714959000582,41.95573366046364,28.18620018430409,41.21901962781877,125.55260869565218,119.27497826086957,-45.0,-54.0280405096845,420.0,399.0,-45.0,0.1295106117972946,foreground_confusion_velocity;low_v9_final_score,8.0,,Rejected/potential v9 candidate. foreground_confusion_velocity;low_v9_final_score
Potential_new_HI_Candidate_0078,Potential new HI Candidate,2DCGSeed v9 rejected/potential candidates,Potential H I cand. 0078,78,11.113222829060156,41.87105765947718,19.324908181436037,36.13845956863102,78.91878260869565,71.02690434782609,-25.0,-111.76126566842647,264.0,237.6,-25.0,0.1287691861606559,foreground_confusion_velocity;low_v9_final_score,8.0,figures/potential_hi_candidates_v9/new_candidate_0178_v9_pv_diagnostic.png,Rejected/potential v9 candidate. foreground_confusion_velocity;low_v9_final_score
Potential_new_HI_Candidate_0028,Potential new HI Candidate,2DCGSeed v9 rejected/potential candidates,Potential H I cand. 0028,28,11.270787365146626,41.94718463094173,26.430665363578512,40.70607785650381,78.91878260869565,74.97284347826087,-15.0,-54.0280405096845,264.0,250.8,-15.0,0.1264478611137682,foreground_confusion_velocity;background_gradient_dominates;low_v9_final_score,8.0,figures/potential_hi_candidates_v9/new_candidate_0128_v9_pv_diagnostic.png,Rejected/potential v9 candidate. foreground_confusion_velocity;background_gradient_dominates;low_v9_final_score
Potential_new_HI_Candidate_0126,Potential new HI Candidate,2DCGSeed v9 rejected/potential candidates,Potential H I cand. 0126,126,11.656032968212443,42.18965555615812,43.804255759398565,55.25433336948751,95.36019565217391,85.82417608695653,45.0,-41.6566351185255,319.0,287.1,45.0,0.1263777713759539,foreground_confusion_velocity;low_v9_final_score,8.0,,Rejected/potential v9 candidate. foreground_confusion_velocity;low_v9_final_score
Potential_new_HI_Candidate_0317,Potential new HI Candidate,2DCGSeed v9 rejected/potential candidates,Potential H I cand. 0317,317,11.124123338999407,41.96435764724966,19.816493272305358,41.73645883497997,125.55260869565218,125.55260869565218,-90.0,-115.8850674654795,420.0,420.0,-90.0,0.1262835381189227,foreground_confusion_velocity;low_v9_final_score,8.0,,Rejected/potential v9 candidate. foreground_confusion_velocity;low_v9_final_score
Potential_new_HI_Candidate_0158,Potential new HI Candidate,2DCGSeed v9 rejected/potential candidates,Potential H I cand. 0158,158,11.296160066695794,41.63203328080812,27.574909244475773,21.796996848487566,89.6804347826087,89.6804347826087,-90.0,-111.76126566842647,300.0,300.0,-90.0,0.1259648484886465,foreground_confusion_velocity;low_v9_final_score,8.0,,Rejected/potential v9 candidate. foreground_confusion_velocity;low_v9_final_score
Potential_new_HI_Candidate_0161,Potential new HI Candidate,2DCGSeed v9 rejected/potential candidates,Potential H I cand. 0161,161,11.504904352199356,42.187893126036094,36.988742095378946,55.14858756216583,95.36019565217391,85.82417608695653,65.0,-70.5232476978965,319.0,287.1,65.0,0.1250673627759763,foreground_confusion_velocity;low_v9_final_score,8.0,,Rejected/potential v9 candidate. foreground_confusion_velocity;low_v9_final_score
Potential_new_HI_Candidate_0060,Potential new HI Candidate,2DCGSeed v9 rejected/potential candidates,Potential H I cand. 0060,60,11.30525286409238,42.03451581756034,27.984971127760804,45.94594905362058,89.6804347826087,85.19641304347826,-15.0,-70.5232476978965,300.0,285.0,-15.0,0.1250410725465534,foreground_confusion_velocity;low_v9_final_score,8.0,figures/potential_hi_candidates_v9/new_candidate_0260_v9_pv_diagnostic.png,Rejected/potential v9 candidate. foreground_confusion_velocity;low_v9_final_score
Potential_new_HI_Candidate_0267,Potential new HI Candidate,2DCGSeed v9 rejected/potential candidates,Potential H I cand. 0267,267,11.1792059985458,41.88927022005636,22.300580195700938,37.2312132033818,114.4322347826087,102.98901130434784,45.0,-91.14225668316148,382.8,344.52000000000004,45.0,0.124785101448095,foreground_confusion_velocity;background_gradient_dominates;low_v9_final_score,8.0,,Rejected/potential v9 candidate. foreground_confusion_velocity;background_gradient_dominates;low_v9_final_score
Potential_new_HI_Candidate_0238,Potential new HI Candidate,2DCGSeed v9 rejected/potential candidates,Potential H I cand. 0238,238,11.210083368207984,41.92316580605402,23.693070515491694,39.26494836324153,114.4322347826087,80.10256434782609,50.0,-91.14225668316148,382.8,267.96,50.0,0.1245000735800159,foreground_confusion_velocity;background_gradient_dominates;low_v9_final_score,8.0,,Rejected/potential v9 candidate. foreground_confusion_velocity;background_gradient_dominates;low_v9_final_score
Potential_new_HI_Candidate_0103,Potential new HI Candidate,2DCGSeed v9 rejected/potential candidates,Potential H I cand. 0103,103,11.367783556500031,41.761919920978734,30.80494526481009,29.590195258724208,95.36019565217391,76.28815652173913,-45.0,-78.7708512920025,319.0,255.2,-45.0,0.1241680453523904,foreground_confusion_velocity;low_v9_final_score,8.0,,Rejected/potential v9 candidate. foreground_confusion_velocity;low_v9_final_score
Potential_new_HI_Candidate_0120,Potential new HI Candidate,2DCGSeed v9 rejected/potential candidates,Potential H I cand. 0120,120,11.3935616475719,41.73551407221338,31.96747117530642,28.00584433280278,89.6804347826087,85.19641304347826,-90.0,-91.14225668316148,300.0,285.0,-90.0,0.1237228041412571,foreground_confusion_velocity;background_gradient_dominates;low_v9_final_score,8.0,,Rejected/potential v9 candidate. foreground_confusion_velocity;background_gradient_dominates;low_v9_final_score
Potential_new_HI_Candidate_0037,Potential new HI Candidate,2DCGSeed v9 rejected/potential candidates,Potential H I cand. 0037,37,11.38535995808204,41.802651819298426,31.59759597720794,32.034109157905704,78.91878260869565,71.02690434782609,15.0,-87.01845488610851,264.0,237.6,15.0,0.1237181398878415,foreground_confusion_velocity;background_gradient_dominates;low_v9_final_score,8.0,figures/potential_hi_candidates_v9/new_candidate_0337_v9_pv_diagnostic.png,Rejected/potential v9 candidate. foreground_confusion_velocity;background_gradient_dominates;low_v9_final_score
Potential_new_HI_Candidate_0134,Potential new HI Candidate,2DCGSeed v9 rejected/potential candidates,Potential H I cand. 0134,134,11.328471471778652,42.05592067282697,29.032070890333895,47.23024036961846,95.36019565217391,85.82417608695653,-85.0,-62.275644103790505,319.0,287.1,-85.0,0.1236303189785892,foreground_confusion_velocity;background_gradient_dominates;low_v9_final_score,8.0,,Rejected/potential v9 candidate. foreground_confusion_velocity;background_gradient_dominates;low_v9_final_score
Potential_new_HI_Candidate_0242,Potential new HI Candidate,2DCGSeed v9 rejected/potential candidates,Potential H I cand. 0242,242,11.30456330632144,41.69421406365684,27.95387383769123,25.52784381941038,125.55260869565218,125.55260869565218,-90.0,-115.8850674654795,420.0,420.0,-90.0,0.1222348765213413,foreground_confusion_velocity;background_gradient_dominates;low_v9_final_score,8.0,,Rejected/potential v9 candidate. foreground_confusion_velocity;background_gradient_dominates;low_v9_final_score
Potential_new_HI_Candidate_0109,Potential new HI Candidate,2DCGSeed v9 rejected/potential candidates,Potential H I cand. 0109,109,11.341248288293563,42.09752168692462,29.608272604061682,49.72630121547752,95.36019565217391,85.82417608695653,45.0,-82.89465308905551,319.0,287.1,45.0,0.1222056482957164,foreground_confusion_velocity;background_gradient_dominates;low_v9_final_score,8.0,,Rejected/potential v9 candidate. foreground_confusion_velocity;background_gradient_dominates;low_v9_final_score
Potential_new_HI_Candidate_0250,Potential new HI Candidate,2DCGSeed v9 rejected/potential candidates,Potential H I cand. 0250,250,11.682416289992794,42.23388743427446,44.99407602534102,57.90824605646762,114.4322347826087,108.71062304347826,30.0,-41.6566351185255,382.8,363.66,30.0,0.122094013662335,foreground_confusion_velocity;background_gradient_dominates;low_v9_final_score,8.0,,Rejected/potential v9 candidate. foreground_confusion_velocity;background_gradient_dominates;low_v9_final_score
Potential_new_HI_Candidate_0165,Potential new HI Candidate,2DCGSeed v9 rejected/potential candidates,Potential H I cand. 0165,165,11.109034664699772,41.85829434464626,19.136032691284754,35.372660678775816,95.36019565217391,85.82417608695653,-15.0,-99.3898602772675,319.0,287.1,-15.0,0.1217909060053541,foreground_confusion_velocity;background_gradient_dominates;low_v9_final_score,8.0,,Rejected/potential v9 candidate. foreground_confusion_velocity;background_gradient_dominates;low_v9_final_score
Potential_new_HI_Candidate_0136,Potential new HI Candidate,2DCGSeed v9 rejected/potential candidates,Potential H I cand. 0136,136,11.08005338387164,41.815754738338704,17.82905112355955,32.82028430032241,95.36019565217391,85.82417608695653,-25.0,-128.2564728566385,319.0,287.1,-25.0,0.1217860022601261,foreground_confusion_velocity;low_v9_final_score,8.0,,Rejected/potential v9 candidate. foreground_confusion_velocity;low_v9_final_score
Potential_new_HI_Candidate_0054,Potential new HI Candidate,2DCGSeed v9 rejected/potential candidates,Potential H I cand. 0054,54,11.356374662081532,42.04103977605474,30.290433335488196,46.33738656328447,78.91878260869565,63.13502608695652,40.0,-45.780436915578505,264.0,211.2,40.0,0.12177995615249,foreground_confusion_velocity;background_gradient_dominates;low_v9_final_score,8.0,figures/potential_hi_candidates_v9/new_candidate_0154_v9_pv_diagnostic.png,Rejected/potential v9 candidate. foreground_confusion_velocity;background_gradient_dominates;low_v9_final_score
Potential_new_HI_Candidate_0227,Potential new HI Candidate,2DCGSeed v9 rejected/potential candidates,Potential H I cand. 0227,227,11.44986145006922,41.83641574278652,34.50644812966996,34.05994456719142,114.4322347826087,108.71062304347826,-45.0,-66.3994459008435,382.8,363.66,-45.0,0.1216544478218498,foreground_confusion_velocity;background_gradient_dominates;low_v9_final_score,8.0,,Rejected/potential v9 candidate. foreground_confusion_velocity;background_gradient_dominates;low_v9_final_score
Potential_new_HI_Candidate_0246,Potential new HI Candidate,2DCGSeed v9 rejected/potential candidates,Potential H I cand. 0246,246,11.382755849951636,41.82016880217996,31.480157367541747,33.085128130797585,125.55260869565218,125.55260869565218,-90.0,-74.6470494949495,420.0,420.0,-90.0,0.1213756168729014,foreground_confusion_velocity;background_gradient_dominates;low_v9_final_score,8.0,,Rejected/potential v9 candidate. foreground_confusion_velocity;background_gradient_dominates;low_v9_final_score
Potential_new_HI_Candidate_0061,Potential new HI Candidate,2DCGSeed v9 rejected/potential candidates,Potential H I cand. 0061,61,11.307931141774349,41.906988661400575,28.105754594314355,38.29431968403469,95.36019565217391,76.28815652173913,55.0,-58.15184230673751,319.0,255.2,55.0,0.1208652424042103,foreground_confusion_velocity;background_gradient_dominates;low_v9_final_score,8.0,,Rejected/potential v9 candidate. foreground_confusion_velocity;background_gradient_dominates;low_v9_final_score
Potential_new_HI_Candidate_0145,Potential new HI Candidate,2DCGSeed v9 rejected/potential candidates,Potential H I cand. 0145,145,11.336851139695463,41.92447118359559,29.409972459829035,39.34327101573572,95.36019565217391,85.82417608695653,45.0,-54.0280405096845,319.0,287.1,45.0,0.1207565710281552,foreground_confusion_velocity;background_gradient_dominates;low_v9_final_score,8.0,,Rejected/potential v9 candidate. foreground_confusion_velocity;background_gradient_dominates;low_v9_final_score
Potential_new_HI_Candidate_0315,Potential new HI Candidate,2DCGSeed v9 rejected/potential candidates,Potential H I cand. 0315,315,11.186097325483662,41.86396118991436,22.611361397483083,35.71267139486196,125.55260869565218,125.55260869565218,-90.0,-115.8850674654795,420.0,420.0,-90.0,0.1206072926157676,foreground_confusion_velocity;low_v9_final_score,8.0,,Rejected/potential v9 candidate. foreground_confusion_velocity;low_v9_final_score
Potential_new_HI_Candidate_0265,Potential new HI Candidate,2DCGSeed v9 rejected/potential candidates,Potential H I cand. 0265,265,11.25738372253984,41.97267019365557,25.826195397901905,42.235211619334194,107.61652173913043,107.61652173913043,-90.0,-74.6470494949495,360.0,360.0,-90.0,0.120565799355113,foreground_confusion_velocity;background_gradient_dominates;low_v9_final_score,8.0,,Rejected/potential v9 candidate. foreground_confusion_velocity;background_gradient_dominates;low_v9_final_score
Potential_new_HI_Candidate_0180,Potential new HI Candidate,2DCGSeed v9 rejected/potential candidates,Potential H I cand. 0180,180,11.478060219066816,41.930403342102345,35.77814041721797,39.69920052614086,95.36019565217391,66.75213695652174,45.0,-66.3994459008435,319.0,223.3,45.0,0.120155512727587,foreground_confusion_velocity;background_gradient_dominates;low_v9_final_score,8.0,,Rejected/potential v9 candidate. foreground_confusion_velocity;background_gradient_dominates;low_v9_final_score
Potential_new_HI_Candidate_0111,Potential new HI Candidate,2DCGSeed v9 rejected/potential candidates,Potential H I cand. 0111,111,11.174892500680716,41.93498647907273,22.106052485365435,39.97418874436377,89.6804347826087,85.19641304347826,-75.0,-91.14225668316148,300.0,285.0,-75.0,0.1199067496514009,foreground_confusion_velocity;background_gradient_dominates;low_v9_final_score,8.0,,Rejected/potential v9 candidate. foreground_confusion_velocity;background_gradient_dominates;low_v9_final_score
Potential_new_HI_Candidate_0254,Potential new HI Candidate,2DCGSeed v9 rejected/potential candidates,Potential H I cand. 0254,254,11.288384389908297,41.91223072451347,27.22424612857983,38.60884347080841,107.61652173913043,102.23569565217392,85.0,-82.89465308905551,360.0,342.0,85.0,0.1194915996685544,foreground_confusion_velocity;background_gradient_dominates;low_v9_final_score,8.0,,Rejected/potential v9 candidate. foreground_confusion_velocity;background_gradient_dominates;low_v9_final_score
Potential_new_HI_Candidate_0369,Potential new HI Candidate,2DCGSeed v9 rejected/potential candidates,Potential H I cand. 0369,369,11.25818248700894,41.83293238909766,25.86221763046842,33.85094334585958,180.79575652173912,180.79575652173912,-90.0,-66.3994459008435,604.8,604.8,-90.0,0.1189958393126409,foreground_confusion_velocity;background_gradient_dominates;low_v9_final_score,8.0,,Rejected/potential v9 candidate. foreground_confusion_velocity;background_gradient_dominates;low_v9_final_score
Potential_new_HI_Candidate_0031,Potential new HI Candidate,2DCGSeed v9 rejected/potential candidates,Potential H I cand. 0031,31,11.408617754271877,42.14490923178454,32.64646304096169,52.569553907072475,78.91878260869565,63.13502608695652,45.0,-82.89465308905551,264.0,211.2,45.0,0.1187680990728641,foreground_confusion_velocity;background_gradient_dominates;low_v9_final_score,8.0,figures/potential_hi_candidates_v9/new_candidate_0312_v9_pv_diagnostic.png,Rejected/potential v9 candidate. foreground_confusion_velocity;background_gradient_dominates;low_v9_final_score
Potential_new_HI_Candidate_0149,Potential new HI Candidate,2DCGSeed v9 rejected/potential candidates,Potential H I cand. 0149,149,11.360437963284548,41.68320789541652,30.47367781691579,24.867473724991527,95.36019565217391,66.75213695652174,-45.0,-107.63746387137348,319.0,223.3,-45.0,0.1187372831899717,foreground_confusion_velocity;background_gradient_dominates;low_v9_final_score,8.0,,Rejected/potential v9 candidate. foreground_confusion_velocity;background_gradient_dominates;low_v9_final_score
Potential_new_HI_Candidate_0175,Potential new HI Candidate,2DCGSeed v9 rejected/potential candidates,Potential H I cand. 0175,175,11.374556632216912,41.90675281709613,31.110393639271763,38.280169025767776,95.36019565217391,85.82417608695653,45.0,-58.15184230673751,319.0,287.1,45.0,0.1186268757332715,foreground_confusion_velocity;background_gradient_dominates;low_v9_final_score,8.0,,Rejected/potential v9 candidate. foreground_confusion_velocity;background_gradient_dominates;low_v9_final_score
Potential_new_HI_Candidate_0249,Potential new HI Candidate,2DCGSeed v9 rejected/potential candidates,Potential H I cand. 0249,249,11.449437916086293,41.94128989600407,34.487347831367984,40.352393760244496,107.61652173913043,102.23569565217392,75.0,-62.275644103790505,360.0,342.0,75.0,0.11857485399687,foreground_confusion_velocity;background_gradient_dominates;low_v9_final_score,8.0,,Rejected/potential v9 candidate. foreground_confusion_velocity;background_gradient_dominates;low_v9_final_score
Potential_new_HI_Candidate_0137,Potential new HI Candidate,2DCGSeed v9 rejected/potential candidates,Potential H I cand. 0137,137,11.397326677182496,42.00704336176432,32.13726437154819,44.29760170585922,95.36019565217391,90.59218586956523,70.0,-45.780436915578505,319.0,303.05,70.0,0.1180606412316001,foreground_confusion_velocity;background_gradient_dominates;low_v9_final_score,8.0,,Rejected/potential v9 candidate. foreground_confusion_velocity;background_gradient_dominates;low_v9_final_score
Potential_new_HI_Candidate_0316,Potential new HI Candidate,2DCGSeed v9 rejected/potential candidates,Potential H I cand. 0316,316,11.391169821722526,41.75497437671948,31.859605953031426,29.173462603169042,125.55260869565218,125.55260869565218,-90.0,-99.3898602772675,420.0,420.0,-90.0,0.117743947700586,foreground_confusion_velocity;background_gradient_dominates;low_v9_final_score,8.0,,Rejected/potential v9 candidate. foreground_confusion_velocity;background_gradient_dominates;low_v9_final_score
Potential_new_HI_Candidate_0311,Potential new HI Candidate,2DCGSeed v9 rejected/potential candidates,Potential H I cand. 0311,311,11.646671334973972,42.10416180331588,43.382070067915635,50.12470819895313,125.55260869565218,125.55260869565218,-90.0,-41.6566351185255,420.0,420.0,-90.0,0.117719725030107,foreground_confusion_velocity;background_gradient_dominates;low_v9_final_score,8.0,,Rejected/potential v9 candidate. foreground_confusion_velocity;background_gradient_dominates;low_v9_final_score
Potential_new_HI_Candidate_0218,Potential new HI Candidate,2DCGSeed v9 rejected/potential candidates,Potential H I cand. 0218,218,11.149252638660354,41.8496683207862,20.94976035119922,34.855099247172205,95.36019565217391,85.82417608695653,45.0,-103.51366207432052,319.0,287.1,45.0,0.1176100848954189,foreground_confusion_velocity;background_gradient_dominates;low_v9_final_score,8.0,,Rejected/potential v9 candidate. foreground_confusion_velocity;background_gradient_dominates;low_v9_final_score
Potential_new_HI_Candidate_0239,Potential new HI Candidate,2DCGSeed v9 rejected/potential candidates,Potential H I cand. 0239,239,11.426905243606202,42.17077111566949,33.47118199046833,54.12126694016948,114.4322347826087,91.54578782608696,-45.0,-78.7708512920025,382.8,306.24,-45.0,0.1174535390061502,foreground_confusion_velocity;background_gradient_dominates;low_v9_final_score,8.0,,Rejected/potential v9 candidate. foreground_confusion_velocity;background_gradient_dominates;low_v9_final_score
Potential_new_HI_Candidate_0228,Potential new HI Candidate,2DCGSeed v9 rejected/potential candidates,Potential H I cand. 0228,228,11.339530736196313,41.7669436337088,29.530815401737637,29.891618022528093,107.61652173913043,107.61652173913043,-90.0,-103.51366207432052,360.0,360.0,-90.0,0.1173499560917676,foreground_confusion_velocity;background_gradient_dominates;low_v9_final_score,8.0,,Rejected/potential v9 candidate. foreground_confusion_velocity;background_gradient_dominates;low_v9_final_score
Potential_new_HI_Candidate_0325,Potential new HI Candidate,2DCGSeed v9 rejected/potential candidates,Potential H I cand. 0325,325,11.459012498512609,41.97623075261234,34.91913698603203,42.44884515674045,125.55260869565218,112.99734782608697,30.0,-37.5328333214725,420.0,378.0,30.0,0.1169879861310362,foreground_confusion_velocity;background_gradient_dominates;low_v9_final_score,8.0,,Rejected/potential v9 candidate. foreground_confusion_velocity;background_gradient_dominates;low_v9_final_score
Potential_new_HI_Candidate_0207,Potential new HI Candidate,2DCGSeed v9 rejected/potential candidates,Potential H I cand. 0207,207,11.27237204079034,41.6318781964783,26.502130178037216,21.787691788697998,95.36019565217391,76.28815652173913,40.0,-132.3802746536915,319.0,255.2,40.0,0.1169075388557944,foreground_confusion_velocity;low_v9_final_score,8.0,,Rejected/potential v9 candidate. foreground_confusion_velocity;low_v9_final_score
Potential_new_HI_Candidate_0162,Potential new HI Candidate,2DCGSeed v9 rejected/potential candidates,Potential H I cand. 0162,162,11.32461274989421,42.04427376961238,28.85805241241186,46.531426176743054,95.36019565217391,85.82417608695653,45.0,-49.9042387126315,319.0,287.1,45.0,0.1167551998611495,foreground_confusion_velocity;background_gradient_dominates;low_v9_final_score,8.0,,Rejected/potential v9 candidate. foreground_confusion_velocity;background_gradient_dominates;low_v9_final_score
Potential_new_HI_Candidate_0236,Potential new HI Candidate,2DCGSeed v9 rejected/potential candidates,Potential H I cand. 0236,236,11.124552819945936,41.83698550206266,19.835861763440437,34.09413012375978,125.55260869565218,125.55260869565218,-90.0,-115.8850674654795,420.0,420.0,-90.0,0.1165395070626939,foreground_confusion_velocity;background_gradient_dominates;low_v9_final_score,8.0,,Rejected/potential v9 candidate. foreground_confusion_velocity;background_gradient_dominates;low_v9_final_score
Potential_new_HI_Candidate_0009,Potential new HI Candidate,2DCGSeed v9 rejected/potential candidates,Potential H I cand. 0009,9,11.69978888826684,42.14747123523619,45.7775357303252,52.72327411417152,65.76565217391304,59.18908695652174,45.0,-37.5328333214725,220.0,198.0,45.0,0.1164331565526431,foreground_confusion_velocity;near_mask_edge;background_gradient_dominates;low_v9_final_score,8.0,figures/potential_hi_candidates_v9/new_candidate_0002_v9_pv_diagnostic.png,Rejected/potential v9 candidate. foreground_confusion_velocity;near_mask_edge;background_gradient_dominates;low_v9_final_score
Potential_new_HI_Candidate_0332,Potential new HI Candidate,2DCGSeed v9 rejected/potential candidates,Potential H I cand. 0332,332,11.552261786890972,42.19630380517408,39.12444115587768,55.653228310445115,125.55260869565218,125.55260869565218,-90.0,-49.9042387126315,420.0,420.0,-90.0,0.1161242540865965,foreground_confusion_velocity;background_gradient_dominates;low_v9_final_score,8.0,,Rejected/potential v9 candidate. foreground_confusion_velocity;background_gradient_dominates;low_v9_final_score
Potential_new_HI_Candidate_0363,Potential new HI Candidate,2DCGSeed v9 rejected/potential candidates,Potential H I cand. 0363,363,11.119534255881646,41.94881794328128,19.6095373726251,40.8040765968768,156.04395652173915,109.23076956521739,-90.0,-91.14225668316148,522.0,365.4,-90.0,0.1152406645638923,foreground_confusion_velocity;near_mask_edge;background_gradient_dominates;low_v9_final_score,8.0,,Rejected/potential v9 candidate. foreground_confusion_velocity;near_mask_edge;background_gradient_dominates;low_v9_final_score
Potential_new_HI_Candidate_0365,Potential new HI Candidate,2DCGSeed v9 rejected/potential candidates,Potential H I cand. 0365,365,11.659317504855322,42.159483711409344,43.95237995295018,53.44402268456079,150.6631304347826,150.6631304347826,-90.0,-37.5328333214725,504.0,504.0,-90.0,0.1147821111226669,foreground_confusion_velocity;background_gradient_dominates;low_v9_final_score,8.0,,Rejected/potential v9 candidate. foreground_confusion_velocity;background_gradient_dominates;low_v9_final_score
Potential_new_HI_Candidate_0251,Potential new HI Candidate,2DCGSeed v9 rejected/potential candidates,Potential H I cand. 0251,251,11.24689496483105,41.86368402493786,25.35317927846188,35.69604149627182,114.4322347826087,102.98901130434784,-45.0,-58.15184230673751,382.8,344.52000000000004,-45.0,0.1142791601830128,foreground_confusion_velocity;background_gradient_dominates;low_v9_final_score,8.0,,Rejected/potential v9 candidate. foreground_confusion_velocity;background_gradient_dominates;low_v9_final_score
Potential_new_HI_Candidate_0353,Potential new HI Candidate,2DCGSeed v9 rejected/potential candidates,Potential H I cand. 0353,353,11.40565839579245,41.95045818619891,32.51300355006346,40.902491171934656,156.04395652173915,124.83516521739132,-90.0,-41.6566351185255,522.0,417.6,-90.0,0.1133646536464314,foreground_confusion_velocity;background_gradient_dominates;low_v9_final_score,8.0,,Rejected/potential v9 candidate. foreground_confusion_velocity;background_gradient_dominates;low_v9_final_score
Potential_new_HI_Candidate_0331,Potential new HI Candidate,2DCGSeed v9 rejected/potential candidates,Potential H I cand. 0331,331,11.066320104826904,41.88788827571749,17.20971539846374,37.14829654304978,150.6631304347826,150.6631304347826,-90.0,-111.76126566842647,504.0,504.0,-90.0,0.1103586289458408,foreground_confusion_velocity;near_mask_edge;background_gradient_dominates;low_v9_final_score,8.0,,Rejected/potential v9 candidate. foreground_confusion_velocity;near_mask_edge;background_gradient_dominates;low_v9_final_score
Potential_new_HI_Candidate_0070,Potential new HI Candidate,2DCGSeed v9 rejected/potential candidates,Potential H I cand. 0070,70,11.344321491370843,41.653159905422136,29.74686619485917,23.06459432532833,78.91878260869565,71.02690434782609,80.0,-103.51366207432052,264.0,237.6,80.0,0.1045892445189516,foreground_confusion_velocity;background_gradient_dominates;diffuse_growth_tail;low_v9_final_score,8.0,,Rejected/potential v9 candidate. foreground_confusion_velocity;background_gradient_dominates;diffuse_growth_tail;low_v9_final_score
